weight,status,FINALDEST,FOOTINGS,LEASE,LOCATION,REGION,PIERS,SECURED,TITLED,SECTIONS,PRICE,SQFT,BEDROOMS,SHIPMONTH,WGTADJ,CONTROL,BEDROOMS_PER_SQFT,LOG_SQFT
47.392900000000004,2,1,3,0,Suburban,South,1,1,Land-Home,1,95000,1200,3,202301,1.0981,23010001,2.5,7.0909098220799835
47.392900000000004,2,1,3,0,Suburban,South,1,1,Land-Home,1,70000,1200,3,202301,1.0981,23010002,2.5,7.0909098220799835
47.392900000000004,1,1,3,0,Suburban,South,1,1,Land-Home,1,99000,1300,3,202301,1.0981,23010003,2.307692307692308,7.170888478512505
47.392900000000004,2,1,4,0,Suburban,South,1,1,Land-Home,1,79000,900,1,202301,1.0981,23010004,1.1111111111111112,6.803505257608338
47.392900000000004,2,1,5,0,Suburban,South,1,1,Land-Home,1,69000,900,1,202301,1.0981,23010005,1.1111111111111112,6.803505257608338
16.5579,2,1,4,0,Rural,West,3,3,Land-Home,1,95000,1200,3,202301,1.0981,23010006,2.5,7.0909098220799835
16.5579,2,1,4,0,Rural,West,3,1,Land-Home,1,57000,540,1,202301,1.0981,23010007,1.8518518518518519,6.293419278846481
16.5579,2,1,3,0,Urban,West,3,1,Land-Home,1,140000,900,1,202301,1.0981,23010008,1.1111111111111112,6.803505257608338
16.5579,2,1,3,0,Suburban,West,1,1,Vehicle,1,100000,730,1,202301,1.0981,23010009,1.36986301369863,6.594413459749778
16.5579,2,1,4,0,Urban,West,3,1,Land-Home,1,130000,870,3,202301,1.0981,23010010,3.4482758620689653,6.769641976852503
16.5579,2,1,3,0,Rural,West,3,1,Land-Home,1,75000,730,1,202301,1.0981,23010011,1.36986301369863,6.594413459749778
16.5579,1,1,3,0,Urban,West,1,1,Land-Home,1,66000,640,1,202301,1.0981,23010012,1.5625,6.46302945692067
16.5579,1,1,3,0,Urban,West,1,1,Land-Home,1,75000,1100,3,202301,1.0981,23010013,2.7272727272727275,7.00397413672268
47.392900000000004,2,1,4,0,Urban,South,1,1,Vehicle,1,76000,840,1,202301,1.0981,23010015,1.1904761904761907,6.734591659972948
47.392900000000004,2,1,3,0,Urban,South,1,1,Land-Home,1,85000,1000,3,202301,1.0981,23010016,3.0,6.90875477931522
47.392900000000004,2,1,3,0,Urban,South,1,1,Vehicle,1,85000,1000,3,202301,1.0981,23010017,3.0,6.90875477931522
47.392900000000004,2,1,4,0,Rural,South,1,1,Land-Home,1,85000,1000,3,202301,1.0981,23010018,3.0,6.90875477931522
12.9182,2,1,3,0,Urban,Midwest,1,1,Vehicle,1,95000,1200,3,202301,1.0981,23010019,2.5,7.0909098220799835
12.9182,2,1,3,0,Urban,Midwest,1,1,Vehicle,1,82000,960,1,202301,1.0981,23010020,1.0416666666666667,6.8679744089702925
12.9182,1,1,3,0,Urban,Midwest,1,2,Land-Home,1,70000,670,1,202301,1.0981,23010021,1.492537313432836,6.508769136971682
12.9182,2,1,3,0,Urban,Midwest,1,1,Vehicle,1,65000,960,1,202301,1.0981,23010022,1.0416666666666667,6.8679744089702925
12.9182,2,1,3,0,Suburban,Midwest,1,1,Vehicle,1,95000,1200,1,202301,1.0981,23010023,0.8333333333333334,7.0909098220799835
12.9182,1,1,3,0,Suburban,Midwest,1,1,Vehicle,1,92000,1200,3,202301,1.0981,23010025,2.5,7.0909098220799835
12.9182,1,1,3,0,Urban,Midwest,1,1,Vehicle,1,87000,1100,3,202301,1.0981,23010026,2.7272727272727275,7.00397413672268
12.9182,1,1,3,0,Urban,Midwest,1,1,Land-Home,1,95000,1200,3,202301,1.0981,23010027,2.5,7.0909098220799835
12.9182,1,1,3,0,Urban,Midwest,1,1,Land-Home,1,95000,1200,3,202301,1.0981,23010029,2.5,7.0909098220799835
12.9182,2,1,4,0,Urban,Midwest,1,1,Land-Home,1,80000,830,1,202301,1.0981,23010031,1.2048192771084338,6.7226297948554485
12.9182,1,1,3,0,Urban,Midwest,1,1,Land-Home,1,87000,1100,3,202301,1.0981,23010032,2.7272727272727275,7.00397413672268
12.9182,2,1,3,0,Urban,Midwest,1,1,Vehicle,1,92000,1200,3,202301,1.0981,23010034,2.5,7.0909098220799835
12.9182,1,1,3,0,Urban,Midwest,1,1,Land-Home,1,83000,1100,3,202301,1.0981,23010035,2.7272727272727275,7.00397413672268
12.9182,2,1,3,0,Urban,Midwest,1,1,Other,1,89000,1100,3,202301,1.0981,23010037,2.7272727272727275,7.00397413672268
12.9182,1,1,3,0,Urban,Midwest,1,1,Other,1,87000,1100,3,202301,1.0981,23010038,2.7272727272727275,7.00397413672268
12.9182,1,1,3,0,Urban,Midwest,1,1,Other,1,53000,960,1,202301,1.0981,23010039,1.0416666666666667,6.8679744089702925
47.392900000000004,2,1,5,0,Urban,South,1,1,Land-Home,1,90000,1100,3,202301,1.0981,23010041,2.7272727272727275,7.00397413672268
47.392900000000004,2,1,5,0,Rural,South,1,1,Land-Home,1,47200,1300,3,202301,1.0981,23010042,2.307692307692308,7.170888478512505
16.5579,1,1,5,0,Suburban,West,3,1,Land-Home,1,57000,540,1,202301,1.0981,23010044,1.8518518518518519,6.293419278846481
16.5579,2,1,3,0,Suburban,West,1,1,Vehicle,1,57000,920,3,202301,1.0981,23010045,3.260869565217391,6.825460036255307
12.3667,2,1,3,0,Urban,Northeast,1,1,Land-Home,1,67000,840,1,202301,1.0981,23010046,1.1904761904761907,6.734591659972948
47.392900000000004,2,1,3,0,Suburban,South,1,1,Land-Home,1,95000,1200,3,202301,1.0981,23010047,2.5,7.0909098220799835
47.392900000000004,2,1,5,0,Suburban,South,1,1,Land-Home,1,85000,1000,3,202301,1.0981,23010048,3.0,6.90875477931522
47.392900000000004,2,1,3,0,Rural,South,1,1,Land-Home,1,78000,920,3,202301,1.0981,23010049,3.260869565217391,6.825460036255307
12.9182,1,1,3,0,Urban,Midwest,1,1,Land-Home,1,80000,920,3,202301,1.0981,23010050,3.260869565217391,6.825460036255307
12.9182,2,1,4,0,Urban,Midwest,1,1,Land-Home,1,120000,1100,3,202301,1.0981,23010051,2.7272727272727275,7.00397413672268
12.9182,1,1,3,0,Urban,Midwest,1,1,Land-Home,1,53000,780,1,202301,1.0981,23010052,1.2820512820512822,6.660575149839686
47.392900000000004,2,1,3,0,Rural,South,1,1,Land-Home,1,47200,840,1,202301,1.0981,23010053,1.1904761904761907,6.734591659972948
16.5579,2,1,3,0,Suburban,West,1,1,Land-Home,1,70000,730,1,202301,1.0981,23010054,1.36986301369863,6.594413459749778
12.3667,2,1,3,0,Urban,Northeast,1,1,Land-Home,1,80000,920,3,202301,1.0981,23010055,3.260869565217391,6.825460036255307
12.3667,1,1,3,0,Urban,Northeast,1,1,Land-Home,1,79000,900,1,202301,1.0981,23010056,1.1111111111111112,6.803505257608338
47.392900000000004,2,1,4,0,Rural,South,1,1,Land-Home,1,85000,1000,3,202301,1.0981,23010057,3.0,6.90875477931522
47.392900000000004,2,1,5,0,Rural,South,1,1,Land-Home,1,120000,1000,1,202301,1.0981,23010058,1.0,6.90875477931522
47.392900000000004,2,1,3,0,Suburban,South,1,1,Vehicle,1,80000,1200,3,202301,1.0981,23010059,2.5,7.0909098220799835
47.392900000000004,2,1,3,0,Rural,South,1,1,Vehicle,1,80000,920,3,202301,1.0981,23010060,3.260869565217391,6.825460036255307
47.392900000000004,2,1,3,0,Rural,South,1,1,Land-Home,1,95000,1200,3,202301,1.0981,23010061,2.5,7.0909098220799835
47.392900000000004,2,1,3,0,Suburban,South,1,1,Land-Home,1,62000,920,3,202301,1.0981,23010062,3.260869565217391,6.825460036255307
12.9182,2,1,5,0,Rural,Midwest,1,1,Other,1,82000,960,1,202301,1.0981,23010063,1.0416666666666667,6.8679744089702925
16.5579,2,1,1,0,Rural,West,0,0,Land-Home,1,130000,900,1,202301,1.0981,23010064,1.1111111111111112,6.803505257608338
16.5579,2,1,1,0,Suburban,West,0,0,Land-Home,1,120000,960,1,202301,1.0981,23010065,1.0416666666666667,6.8679744089702925
16.5579,1,1,2,0,Rural,West,0,0,Vehicle,1,80000,920,3,202301,1.0981,23010066,3.260869565217391,6.825460036255307
16.5579,2,1,2,0,Urban,West,0,0,Land-Home,1,74000,800,1,202301,1.0981,23010067,1.25,6.68586094706836
16.5579,2,1,1,0,Urban,West,0,0,Vehicle,1,70000,730,1,202301,1.0981,23010068,1.36986301369863,6.594413459749778
12.3667,2,1,1,0,Urban,Northeast,0,0,Land-Home,1,73000,780,1,202301,1.0981,23010071,1.2820512820512822,6.660575149839686
16.5579,2,1,2,0,Rural,West,0,0,Land-Home,1,68000,1200,3,202301,1.0981,23010074,2.5,7.0909098220799835
12.9182,2,1,2,0,Urban,Midwest,0,0,Land-Home,1,76000,830,1,202301,1.0981,23010075,1.2048192771084338,6.7226297948554485
12.9182,1,1,1,0,Rural,Midwest,0,0,Land-Home,1,95000,1200,3,202301,1.0981,23010076,2.5,7.0909098220799835
12.3667,2,1,1,0,Urban,Northeast,0,0,Land-Home,1,86000,900,1,202301,1.0981,23010078,1.1111111111111112,6.803505257608338
12.9182,1,1,1,0,Rural,Midwest,0,0,Land-Home,1,82000,960,1,202301,1.0981,23010079,1.0416666666666667,6.8679744089702925
12.9182,1,1,2,0,Urban,Midwest,0,0,Land-Home,1,90000,960,1,202301,1.0981,23010080,1.0416666666666667,6.8679744089702925
16.5579,2,1,2,0,Rural,West,0,0,Land-Home,1,78000,870,3,202301,1.0981,23010081,3.4482758620689653,6.769641976852503
12.3667,1,1,1,0,Urban,Northeast,0,0,Land-Home,1,140000,780,1,202301,1.0981,23010082,1.2820512820512822,6.660575149839686
12.3667,1,1,1,0,Urban,Northeast,0,0,Land-Home,1,180000,900,1,202301,1.0981,23010083,1.1111111111111112,6.803505257608338
12.9182,1,1,1,0,Suburban,Midwest,0,0,Other,1,80000,920,3,202301,1.0981,23010084,3.260869565217391,6.825460036255307
12.9182,1,1,1,0,Rural,Midwest,0,0,Other,1,79000,900,1,202301,1.0981,23010085,1.1111111111111112,6.803505257608338
16.5579,1,2,9,0,,West,9,9,,1,81000,640,1,202301,1.0981,23010086,1.5625,6.46302945692067
12.9182,1,2,9,0,,Midwest,9,9,,1,70000,900,1,202301,1.0981,23010087,1.1111111111111112,6.803505257608338
12.9182,1,2,9,0,,Midwest,9,9,,1,70000,900,1,202301,1.0981,23010088,1.1111111111111112,6.803505257608338
12.9182,1,2,9,0,,Midwest,9,9,,1,70000,1100,3,202301,1.0981,23010090,2.7272727272727275,7.00397413672268
47.392900000000004,1,2,9,0,,South,9,9,,1,91000,1100,3,202301,1.0981,23010091,2.7272727272727275,7.00397413672268
12.9182,1,2,9,0,,Midwest,9,9,,1,90000,1100,3,202301,1.0981,23010092,2.7272727272727275,7.00397413672268
12.9182,1,2,9,0,,Midwest,9,9,,1,89000,1100,3,202301,1.0981,23010093,2.7272727272727275,7.00397413672268
12.9182,1,2,9,0,,Midwest,9,9,,1,83000,1100,1,202301,1.0981,23010094,0.9090909090909091,7.00397413672268
12.9182,1,2,9,0,,Midwest,9,9,,1,87000,1100,3,202301,1.0981,23010096,2.7272727272727275,7.00397413672268
12.9182,1,2,9,0,,Midwest,9,9,,1,87000,1100,3,202301,1.0981,23010097,2.7272727272727275,7.00397413672268
47.392900000000004,2,2,9,0,,South,9,9,,1,87000,1100,3,202301,1.0981,23010098,2.7272727272727275,7.00397413672268
47.392900000000004,1,2,9,0,,South,9,9,,1,71000,650,1,202301,1.0981,23010099,1.5384615384615385,6.478509642208569
47.392900000000004,1,2,9,0,,South,9,9,,1,95000,1200,3,202301,1.0981,23010100,2.5,7.0909098220799835
12.3667,1,2,9,0,,Northeast,9,9,,1,80000,920,3,202301,1.0981,23010101,3.260869565217391,6.825460036255307
47.392900000000004,1,2,9,0,,South,9,9,,1,85000,1000,3,202301,1.0981,23010102,3.0,6.90875477931522
47.392900000000004,1,2,9,0,,South,9,9,,1,100000,1200,3,202301,1.0981,23010103,2.5,7.0909098220799835
12.9182,1,2,9,0,,Midwest,9,9,,1,74000,1100,3,202301,1.0981,23010104,2.7272727272727275,7.00397413672268
12.367,1,2,9,0,,Northeast,9,9,,1,79000,920,3,202301,1.0981,23010105,3.260869565217391,6.825460036255307
12.3667,1,2,9,0,,Northeast,9,9,,1,92000,780,1,202301,1.0981,23010106,1.2820512820512822,6.660575149839686
12.9182,1,2,9,0,,Midwest,9,9,,1,90000,1100,3,202301,1.0981,23010107,2.7272727272727275,7.00397413672268
12.9182,1,2,9,0,,Midwest,9,9,,1,79000,900,1,202301,1.0981,23010108,1.1111111111111112,6.803505257608338
12.9182,1,2,9,0,,Midwest,9,9,,1,87000,1100,1,202301,1.0981,23010109,0.9090909090909091,7.00397413672268
47.392900000000004,1,2,9,0,,South,9,9,,1,95000,1200,3,202301,1.0981,23010110,2.5,7.0909098220799835
12.3667,1,2,9,0,,Northeast,9,9,,1,84000,1100,1,202301,1.0981,23010111,0.9090909090909091,7.00397413672268
12.9182,1,2,9,0,,Midwest,9,9,,1,70000,670,1,202301,1.0981,23010112,1.492537313432836,6.508769136971682
12.9182,1,2,9,0,,Midwest,9,9,,1,100000,1300,3,202301,1.0981,23010113,2.307692307692308,7.170888478512505
12.3667,1,2,9,0,,Northeast,9,9,,1,80000,920,3,202301,1.0981,23010114,3.260869565217391,6.825460036255307
12.3667,1,2,9,0,,Northeast,9,9,,1,80000,700,1,202301,1.0981,23010115,1.4285714285714286,6.55250788703459
12.3667,1,2,9,0,,Northeast,9,9,,1,69000,590,1,202301,1.0981,23010116,1.694915254237288,6.3818160174060985
12.9182,2,2,9,0,,Midwest,9,9,,1,95000,1200,3,202301,1.0981,23010117,2.5,7.0909098220799835
47.392900000000004,1,2,9,0,,South,9,9,,1,66000,650,1,202301,1.0981,23010118,1.5384615384615385,6.478509642208569
12.9182,1,2,9,0,,Midwest,9,9,,1,120000,1200,3,202301,1.0981,23010119,2.5,7.0909098220799835
47.392900000000004,1,2,9,0,,South,9,9,,1,70000,900,1,202301,1.0981,23010120,1.1111111111111112,6.803505257608338
47.392900000000004,1,2,9,0,,South,9,9,,1,60000,840,1,202301,1.0981,23010121,1.1904761904761907,6.734591659972948
23.6964,2,1,3,0,Suburban,South,1,1,Vehicle,2,160000,1600,3,202301,1.0132,23010179,1.875,7.3783837129967145
23.6964,2,1,4,0,Rural,South,1,1,Land-Home,2,130000,1600,3,202301,1.0132,23010180,1.875,7.3783837129967145
23.6964,2,1,4,0,Suburban,South,1,2,Vehicle,2,150000,1500,3,202301,1.0132,23010181,2.0,7.313886831633462
23.6964,2,1,3,0,Rural,South,1,1,Land-Home,2,180000,1900,3,202301,1.0132,23010183,1.5789473684210527,7.550135342488429
23.6964,2,1,4,0,Suburban,South,1,2,Vehicle,2,170000,1800,3,202301,1.0132,23010184,1.6666666666666667,7.496097345175956
8.2789,2,1,3,0,Urban,West,1,1,Vehicle,2,130000,1100,3,202301,1.0132,23010185,2.7272727272727275,7.00397413672268
8.2789,2,1,3,0,Suburban,West,1,1,Vehicle,2,150000,1300,1,202301,1.0132,23010186,0.7692307692307693,7.170888478512505
8.2789,2,1,3,0,Rural,West,1,1,Vehicle,2,230000,1300,1,202301,1.0132,23010187,0.7692307692307693,7.170888478512505
8.2789,2,1,3,0,Rural,West,1,2,Land-Home,2,200000,1300,1,202301,1.0132,23010188,0.7692307692307693,7.170888478512505
8.2789,2,1,3,0,Rural,West,1,2,Land-Home,2,140000,1300,3,202301,1.0132,23010189,2.307692307692308,7.170888478512505
8.2789,2,1,3,0,Rural,West,1,1,Land-Home,2,300000,2000,3,202301,1.0132,23010190,1.5,7.601402334583733
5.5193,2,1,3,0,Suburban,,1,1,Vehicle,3,210000,2900,3,202301,1.0132,23010191,1.0344827586206897,7.972810784121404
8.2789,1,1,3,0,Urban,West,3,2,Other,2,300000,1200,3,202301,1.0132,23010192,2.5,7.0909098220799835
8.2789,1,1,4,0,Urban,West,3,1,Land-Home,2,170000,1100,1,202301,1.0132,23010193,0.9090909090909091,7.00397413672268
8.2789,1,1,4,0,Urban,West,3,1,Land-Home,2,180000,1200,1,202301,1.0132,23010194,0.8333333333333334,7.0909098220799835
8.2789,2,1,3,0,Urban,West,1,1,Land-Home,2,170000,1000,1,202301,1.0132,23010195,1.0,6.90875477931522
5.5193,1,1,3,0,Urban,,3,2,Land-Home,3,300000,1900,1,202301,1.0132,23010196,0.5263157894736842,7.550135342488429
8.2789,2,1,3,0,Rural,West,3,1,Land-Home,2,200000,2300,3,202301,1.0132,23010197,1.3043478260869565,7.741099090035366
8.2789,2,1,3,0,Urban,West,1,1,Land-Home,2,170000,1200,1,202301,1.0132,23010198,0.8333333333333334,7.0909098220799835
8.2789,1,1,4,0,Rural,West,3,2,Vehicle,2,140000,1200,1,202301,1.0132,23010199,0.8333333333333334,7.0909098220799835
8.2789,1,1,3,0,Urban,West,1,1,Land-Home,2,170000,1200,1,202301,1.0132,23010200,0.8333333333333334,7.0909098220799835
8.2789,1,1,3,0,Urban,West,1,1,Land-Home,2,190000,1300,1,202301,1.0132,23010201,0.7692307692307693,7.170888478512505
8.2789,2,1,3,0,Rural,West,3,1,Land-Home,2,160000,1600,3,202301,1.0132,23010202,1.875,7.3783837129967145
8.2789,1,1,4,0,Urban,West,3,1,Land-Home,2,170000,1100,1,202301,1.0132,23010203,0.9090909090909091,7.00397413672268
8.2789,2,1,3,0,Rural,West,3,1,Land-Home,2,130000,1000,1,202301,1.0132,23010204,1.0,6.90875477931522
23.6964,2,1,3,0,Rural,South,1,2,Land-Home,2,190000,2300,3,202301,1.0132,23010205,1.3043478260869565,7.741099090035366
8.2789,2,1,4,0,Urban,West,3,1,Land-Home,2,150000,1400,1,202301,1.0132,23010206,0.7142857142857143,7.244941546337007
8.2789,2,1,5,0,,West,4,3,Land-Home,2,92000,880,1,202301,1.0132,23010207,1.1363636363636362,6.78105762593618
8.2789,2,1,5,0,Suburban,West,4,3,Land-Home,2,92000,1100,1,202301,1.0132,23010208,0.9090909090909091,7.00397413672268
8.2789,2,1,5,0,Urban,West,3,3,Land-Home,2,130000,1100,1,202301,1.0132,23010209,0.9090909090909091,7.00397413672268
8.2789,1,1,3,0,Urban,West,3,1,Land-Home,2,140000,1300,1,202301,1.0132,23010210,0.7692307692307693,7.170888478512505
8.2789,1,1,4,0,Urban,West,3,1,Land-Home,2,150000,1500,3,202301,1.0132,23010211,2.0,7.313886831633462
8.2789,2,1,3,0,Urban,West,3,2,Vehicle,2,120000,880,1,202301,1.0132,23010212,1.1363636363636362,6.78105762593618
8.2789,2,1,4,0,Urban,West,3,2,Land-Home,2,120000,880,1,202301,1.0132,23010213,1.1363636363636362,6.78105762593618
8.2789,1,1,5,0,Rural,West,3,1,Vehicle,2,190000,1500,3,202301,1.0132,23010214,2.0,7.313886831633462
8.2789,1,1,3,0,Urban,West,3,1,Vehicle,2,140000,1300,1,202301,1.0132,23010215,0.7692307692307693,7.170888478512505
8.2789,2,1,5,0,Suburban,West,4,3,Land-Home,2,92000,880,1,202301,1.0132,23010217,1.1363636363636362,6.78105762593618
8.2789,2,1,3,0,Urban,West,3,1,Land-Home,2,140000,1200,1,202301,1.0132,23010218,0.8333333333333334,7.0909098220799835
8.2789,1,1,3,0,Urban,West,1,1,Vehicle,2,140000,1300,1,202301,1.0132,23010219,0.7692307692307693,7.170888478512505
8.2789,1,1,3,0,Urban,West,1,1,Land-Home,2,110000,1600,3,202301,1.0132,23010220,1.875,7.3783837129967145
8.2789,2,1,3,0,Urban,West,1,1,Land-Home,2,150000,1500,1,202301,1.0132,23010221,0.6666666666666666,7.313886831633462
8.2789,2,1,3,0,Urban,West,1,1,Land-Home,2,170000,1500,3,202301,1.0132,23010222,2.0,7.313886831633462
8.2789,2,1,3,0,Urban,West,1,1,Land-Home,2,160000,1600,3,202301,1.0132,23010223,1.875,7.3783837129967145
8.2789,1,1,3,0,Urban,West,1,1,Land-Home,2,150000,1500,1,202301,1.0132,23010224,0.6666666666666666,7.313886831633462
8.2789,1,1,3,0,Urban,West,1,1,Land-Home,2,130000,1200,1,202301,1.0132,23010225,0.8333333333333334,7.0909098220799835
23.6964,2,1,3,0,,South,1,1,Land-Home,2,160000,1600,3,202301,1.0132,23010226,1.875,7.3783837129967145
23.6964,2,1,5,0,Suburban,South,1,1,Vehicle,2,150000,1700,3,202301,1.0132,23010227,1.7647058823529413,7.438971592395862
23.6964,2,1,3,0,Urban,South,1,1,Land-Home,2,190000,2200,3,202301,1.0132,23010228,1.3636363636363638,7.696667081526462
23.6964,1,1,3,0,Urban,South,1,1,Other,2,120000,1100,1,202301,1.0132,23010229,0.9090909090909091,7.00397413672268
23.6964,2,1,5,0,Urban,South,1,1,Other,2,120000,1300,3,202301,1.0132,23010230,2.307692307692308,7.170888478512505
23.6964,2,1,4,0,Suburban,South,1,1,Land-Home,2,180000,1900,3,202301,1.0132,23010231,1.5789473684210527,7.550135342488429
23.6964,2,1,3,0,Rural,South,4,1,Land-Home,2,200000,2100,3,202301,1.0132,23010232,1.4285714285714286,7.650168700845001
23.6964,1,1,3,0,Urban,South,1,1,Land-Home,2,150000,1600,3,202301,1.0132,23010233,1.875,7.3783837129967145
23.6964,1,1,3,0,Urban,South,1,1,Land-Home,2,240000,1600,3,202301,1.0132,23010234,1.875,7.3783837129967145
23.6964,2,1,5,0,Rural,South,1,1,Land-Home,2,200000,2100,3,202301,1.0132,23010235,1.4285714285714286,7.650168700845001
23.6964,2,1,3,0,Urban,South,1,1,Vehicle,2,130000,1100,1,202301,1.0132,23010236,0.9090909090909091,7.00397413672268
23.6964,1,1,4,0,Rural,South,1,1,Land-Home,2,240000,2000,3,202301,1.0132,23010237,1.5,7.601402334583733
23.6964,2,1,3,0,Rural,South,1,1,Land-Home,2,200000,2500,3,202301,1.0132,23010238,1.2,7.824445930877619
23.6964,1,1,3,0,Rural,South,1,1,Land-Home,2,130000,1300,3,202301,1.0132,23010239,2.307692307692308,7.170888478512505
23.6964,2,1,3,0,Suburban,South,1,1,Land-Home,2,180000,2500,3,202301,1.0132,23010240,1.2,7.824445930877619
23.6964,2,1,3,0,Suburban,South,1,1,Land-Home,2,120000,1600,3,202301,1.0132,23010241,1.875,7.3783837129967145
23.6964,2,1,4,0,Rural,South,1,1,Land-Home,2,170000,1900,3,202301,1.0132,23010242,1.5789473684210527,7.550135342488429
23.6964,2,1,3,0,,South,1,1,Land-Home,2,93000,1500,3,202301,1.0132,23010244,2.0,7.313886831633462
6.4591,1,1,3,0,Urban,Midwest,1,1,Land-Home,2,110000,1500,3,202301,1.0132,23010246,2.0,7.313886831633462
6.4591,2,1,3,0,Urban,Midwest,1,1,Land-Home,2,160000,1600,3,202301,1.0132,23010247,1.875,7.3783837129967145
6.4591,1,1,3,0,Urban,Midwest,1,1,Land-Home,2,110000,1200,3,202301,1.0132,23010248,2.5,7.0909098220799835
6.4591,1,1,3,0,Urban,Midwest,1,1,Land-Home,2,150000,1200,3,202301,1.0132,23010249,2.5,7.0909098220799835
6.4591,2,1,3,0,Urban,Midwest,1,1,Vehicle,2,140000,1300,3,202301,1.0132,23010250,2.307692307692308,7.170888478512505
6.4591,2,1,3,0,Rural,Midwest,1,1,Vehicle,2,160000,1600,3,202301,1.0132,23010251,1.875,7.3783837129967145
6.4591,2,1,3,0,Urban,Midwest,1,1,Vehicle,2,100000,1200,3,202301,1.0132,23010253,2.5,7.0909098220799835
6.4591,1,1,3,0,Urban,Midwest,1,1,Land-Home,2,160000,1600,1,202301,1.0132,23010254,0.625,7.3783837129967145
6.4591,1,1,3,0,Urban,Midwest,1,1,Land-Home,2,180000,2100,3,202301,1.0132,23010255,1.4285714285714286,7.650168700845001
23.6964,2,1,3,0,Suburban,South,4,1,Land-Home,2,190000,2300,3,202301,1.0132,23010256,1.3043478260869565,7.741099090035366
23.6964,2,1,3,0,Suburban,South,1,1,Vehicle,2,170000,1900,3,202301,1.0132,23010257,1.5789473684210527,7.550135342488429
23.6964,2,1,3,0,Rural,South,1,2,Land-Home,2,140000,1800,3,202301,1.0132,23010258,1.6666666666666667,7.496097345175956
23.6964,2,1,3,0,Rural,South,1,1,Other,2,180000,2500,3,202301,1.0132,23010259,1.2,7.824445930877619
6.4591,2,1,3,0,Urban,Midwest,1,1,Vehicle,2,150000,1500,3,202301,1.0132,23010260,2.0,7.313886831633462
6.4591,1,1,3,0,Urban,Midwest,1,1,Other,2,86000,1200,3,202301,1.0132,23010261,2.5,7.0909098220799835
6.4591,2,1,3,0,Rural,Midwest,1,1,Land-Home,2,110000,1500,3,202301,1.0132,23010262,2.0,7.313886831633462
6.4591,2,1,3,0,Urban,Midwest,1,1,Land-Home,2,160000,1600,3,202301,1.0132,23010266,1.875,7.3783837129967145
6.4591,2,1,3,0,Urban,Midwest,1,2,Land-Home,2,120000,1100,1,202301,1.0132,23010268,0.9090909090909091,7.00397413672268
6.4591,1,1,3,0,Urban,Midwest,1,1,Other,2,170000,1600,1,202301,1.0132,23010269,0.625,7.3783837129967145
6.4591,2,1,3,0,Suburban,Midwest,1,1,Vehicle,2,120000,1300,3,202301,1.0132,23010270,2.307692307692308,7.170888478512505
6.4591,1,1,3,0,Urban,Midwest,1,1,Land-Home,2,200000,1800,3,202301,1.0132,23010271,1.6666666666666667,7.496097345175956
6.4591,2,1,5,0,Urban,Midwest,1,1,Other,2,170000,1800,3,202301,1.0132,23010273,1.6666666666666667,7.496097345175956
23.6964,2,1,5,0,Suburban,South,4,3,Land-Home,2,200000,2500,3,202301,1.0132,23010276,1.2,7.824445930877619
6.4591,2,1,3,0,Suburban,Midwest,1,1,Land-Home,2,130000,2100,3,202301,1.0132,23010277,1.4285714285714286,7.650168700845001
6.4591,2,1,3,0,Rural,Midwest,1,1,Land-Home,2,140000,1600,3,202301,1.0132,23010278,1.875,7.3783837129967145
6.4591,2,1,3,0,Urban,Midwest,1,1,Land-Home,2,260000,2400,3,202301,1.0132,23010282,1.25,7.783640596221253
8.2789,2,1,5,0,Suburban,West,3,1,Land-Home,2,150000,1500,3,202301,1.0132,23010283,2.0,7.313886831633462
8.2789,2,1,4,0,Suburban,West,3,1,Land-Home,2,180000,1900,3,202301,1.0132,23010284,1.5789473684210527,7.550135342488429
8.2789,2,1,5,0,Suburban,West,3,1,Land-Home,2,130000,1100,1,202301,1.0132,23010285,0.9090909090909091,7.00397413672268
8.2789,2,1,5,0,Suburban,West,1,1,Land-Home,2,140000,1200,1,202301,1.0132,23010286,0.8333333333333334,7.0909098220799835
8.2789,2,1,5,0,Suburban,West,1,2,Land-Home,2,92000,1700,3,202301,1.0132,23010287,1.7647058823529413,7.438971592395862
8.2789,2,1,5,0,Rural,West,1,2,Vehicle,2,170000,1900,3,202301,1.0132,23010288,1.5789473684210527,7.550135342488429
8.2789,2,1,3,0,Rural,West,1,1,Land-Home,2,200000,1600,3,202301,1.0132,23010289,1.875,7.3783837129967145
23.6964,1,1,3,0,Rural,South,1,1,Land-Home,2,180000,1700,3,202301,1.0132,23010290,1.7647058823529413,7.438971592395862
23.6964,2,1,3,0,Suburban,South,1,1,Land-Home,2,170000,1900,3,202301,1.0132,23010291,1.5789473684210527,7.550135342488429
23.6964,2,1,5,0,Suburban,South,1,2,Land-Home,2,140000,1300,3,202301,1.0132,23010292,2.307692307692308,7.170888478512505
6.4591,2,1,3,0,Urban,Midwest,1,1,Land-Home,2,130000,1100,3,202301,1.0132,23010293,2.7272727272727275,7.00397413672268
6.4591,2,1,3,0,Urban,Midwest,1,1,Land-Home,2,140000,1200,3,202301,1.0132,23010294,2.5,7.0909098220799835
6.4591,2,1,3,0,Suburban,Midwest,1,1,Vehicle,2,180000,1700,3,202301,1.0132,23010296,1.7647058823529413,7.438971592395862
23.6964,2,1,3,0,Suburban,South,1,2,Land-Home,2,160000,1700,3,202301,1.0132,23010297,1.7647058823529413,7.438971592395862
8.2789,2,1,3,0,Suburban,West,1,1,Vehicle,2,120000,880,1,202301,1.0132,23010298,1.1363636363636362,6.78105762593618
8.2789,2,1,3,0,Suburban,West,1,1,Land-Home,2,160000,1600,3,202301,1.0132,23010299,1.875,7.3783837129967145
8.2789,2,1,3,0,Suburban,West,1,1,Land-Home,2,120000,880,1,202301,1.0132,23010300,1.1363636363636362,6.78105762593618
6.1833,1,1,3,0,Urban,Northeast,1,1,Land-Home,2,150000,950,1,202301,1.0132,23010301,1.0526315789473684,6.85751406254539
23.6964,2,1,3,0,Rural,Northeast,2,1,Land-Home,2,160000,2000,3,202301,1.0132,23010302,1.5,7.601402334583733
6.1833,2,1,3,0,Urban,Northeast,1,1,Land-Home,2,140000,1100,1,202301,1.0132,23010303,0.9090909090909091,7.00397413672268
6.1833,2,1,3,0,Urban,Northeast,1,1,Land-Home,2,120000,950,1,202301,1.0132,23010304,1.0526315789473684,6.85751406254539
6.1833,1,1,3,0,Urban,Northeast,1,1,Land-Home,2,140000,1200,3,202301,1.0132,23010305,2.5,7.0909098220799835
6.1833,2,1,3,0,Urban,Northeast,1,1,Land-Home,2,140000,1300,1,202301,1.0132,23010306,0.7692307692307693,7.170888478512505
6.1833,2,1,3,0,Suburban,Northeast,1,1,Land-Home,2,140000,1600,3,202301,1.0132,23010307,1.875,7.3783837129967145
6.1833,1,1,3,0,Urban,Northeast,1,1,Land-Home,2,130000,1200,3,202301,1.0132,23010308,2.5,7.0909098220799835
6.1833,1,1,3,0,Urban,Northeast,1,1,Land-Home,2,150000,1100,3,202301,1.0132,23010309,2.7272727272727275,7.00397413672268
6.1833,1,1,3,0,Urban,Northeast,1,1,Land-Home,2,140000,1200,3,202301,1.0132,23010310,2.5,7.0909098220799835
23.6964,2,1,3,0,Suburban,South,1,1,Land-Home,2,170000,1800,3,202301,1.0132,23010311,1.6666666666666667,7.496097345175956
23.6964,2,1,3,0,Suburban,South,1,1,Land-Home,2,190000,2300,3,202301,1.0132,23010312,1.3043478260869565,7.741099090035366
23.6964,2,1,3,0,Suburban,South,1,1,Land-Home,2,190000,2000,3,202301,1.0132,23010313,1.5,7.601402334583733
23.6964,2,1,4,0,Rural,South,1,2,Land-Home,2,78000,1600,3,202301,1.0132,23010314,1.875,7.3783837129967145
23.6964,2,1,3,0,Suburban,South,1,1,Land-Home,2,150000,1900,3,202301,1.0132,23010315,1.5789473684210527,7.550135342488429
23.6964,2,1,5,0,Rural,South,1,1,Land-Home,2,170000,1800,3,202301,1.0132,23010316,1.6666666666666667,7.496097345175956
23.6964,2,1,5,0,Rural,South,1,1,Land-Home,2,160000,1700,3,202301,1.0132,23010317,1.7647058823529413,7.438971592395862
23.6964,2,1,3,0,Rural,South,1,1,Land-Home,2,240000,2300,3,202301,1.0132,23010318,1.3043478260869565,7.741099090035366
23.6964,2,1,3,0,Rural,South,1,1,Land-Home,2,170000,1800,3,202301,1.0132,23010319,1.6666666666666667,7.496097345175956
23.6964,2,1,5,0,Rural,South,1,1,Land-Home,2,160000,1700,3,202301,1.0132,23010320,1.7647058823529413,7.438971592395862
23.6964,2,1,5,0,Rural,South,1,1,Land-Home,2,210000,2500,3,202301,1.0132,23010321,1.2,7.824445930877619
23.6964,2,1,3,0,Suburban,South,1,1,Vehicle,2,180000,2500,3,202301,1.0132,23010322,1.2,7.824445930877619
23.6964,1,1,3,0,Urban,South,1,2,Land-Home,2,150000,1500,3,202301,1.0132,23010323,2.0,7.313886831633462
23.6964,2,1,3,0,Rural,South,1,1,Vehicle,2,150000,1500,3,202301,1.0132,23010324,2.0,7.313886831633462
23.6964,2,1,3,0,Rural,South,1,2,Vehicle,2,170000,1900,3,202301,1.0132,23010325,1.5789473684210527,7.550135342488429
23.6964,2,1,5,0,Rural,South,1,1,Land-Home,2,170000,1800,3,202301,1.0132,23010326,1.6666666666666667,7.496097345175956
23.6964,2,1,3,0,Rural,South,1,1,Land-Home,2,240000,1800,3,202301,1.0132,23010327,1.6666666666666667,7.496097345175956
23.6964,2,1,3,0,Rural,South,1,1,Land-Home,2,170000,1800,3,202301,1.0132,23010328,1.6666666666666667,7.496097345175956
23.6964,2,1,5,0,Rural,South,1,1,Land-Home,2,170000,1800,3,202301,1.0132,23010329,1.6666666666666667,7.496097345175956
23.6964,2,1,3,0,Rural,South,1,2,Land-Home,2,180000,1700,3,202301,1.0132,23010330,1.7647058823529413,7.438971592395862
23.6964,2,1,2,0,Suburban,South,0,0,Land-Home,2,130000,1300,3,202301,1.0132,23010331,2.307692307692308,7.170888478512505
8.2789,2,1,1,0,Rural,West,0,0,Vehicle,2,140000,1300,3,202301,1.0132,23010332,2.307692307692308,7.170888478512505
8.2789,2,1,2,0,Rural,West,0,0,Land-Home,2,140000,1600,3,202301,1.0132,23010333,1.875,7.3783837129967145
8.2789,1,1,1,0,Urban,West,0,0,Land-Home,2,180000,2000,3,202301,1.0132,23010334,1.5,7.601402334583733
6.1833,2,1,1,0,Suburban,Northeast,0,0,Vehicle,2,140000,1600,3,202301,1.0132,23010335,1.875,7.3783837129967145
6.1833,1,1,1,0,Suburban,Northeast,0,0,Land-Home,2,230000,1800,3,202301,1.0132,23010336,1.6666666666666667,7.496097345175956
6.1833,2,1,1,0,Urban,Northeast,0,0,Vehicle,2,160000,1700,3,202301,1.0132,23010337,1.7647058823529413,7.438971592395862
6.1833,2,1,1,0,Rural,Northeast,0,0,Vehicle,2,190000,1700,3,202301,1.0132,23010338,1.7647058823529413,7.438971592395862
6.1833,2,1,1,0,Urban,Northeast,0,0,Vehicle,2,160000,1600,3,202301,1.0132,23010339,1.875,7.3783837129967145
6.1833,1,1,1,0,Urban,Northeast,0,0,Land-Home,2,160000,1600,3,202301,1.0132,23010340,1.875,7.3783837129967145
6.1833,2,1,1,0,Urban,Northeast,0,0,Land-Home,2,160000,1600,3,202301,1.0132,23010341,1.875,7.3783837129967145
6.1833,2,1,1,0,Urban,Northeast,0,0,Land-Home,2,110000,1100,1,202301,1.0132,23010342,0.9090909090909091,7.00397413672268
23.6964,2,1,1,0,Rural,South,0,0,Land-Home,2,120000,1100,1,202301,1.0132,23010343,0.9090909090909091,7.00397413672268
8.2789,1,1,1,0,Rural,West,0,0,Vehicle,2,180000,2100,3,202301,1.0132,23010344,1.4285714285714286,7.650168700845001
6.4591,1,1,1,0,Urban,Midwest,0,0,Vehicle,2,150000,1500,3,202301,1.0132,23010345,2.0,7.313886831633462
6.4591,1,1,1,0,Urban,Midwest,0,0,Land-Home,2,86000,1300,3,202301,1.0132,23010346,2.307692307692308,7.170888478512505
5.5193,2,1,1,0,Rural,,0,0,Vehicle,3,190000,1900,1,202301,1.0132,23010347,0.5263157894736842,7.550135342488429
8.2789,1,1,1,0,Rural,West,0,0,Vehicle,2,180000,2100,3,202301,1.0132,23010348,1.4285714285714286,7.650168700845001
6.1833,2,1,1,0,Urban,Northeast,0,0,Land-Home,2,120000,950,3,202301,1.0132,23010349,3.1578947368421053,6.85751406254539
6.1833,2,1,1,0,Suburban,Northeast,0,0,Land-Home,2,100000,950,1,202301,1.0132,23010350,1.0526315789473684,6.85751406254539
6.1833,2,1,1,0,Rural,Northeast,0,0,Land-Home,2,120000,1400,3,202301,1.0132,23010351,2.142857142857143,7.244941546337007
6.1833,2,1,1,0,Rural,Northeast,0,0,Land-Home,2,110000,1200,3,202301,1.0132,23010352,2.5,7.0909098220799835
23.6964,1,1,2,0,Suburban,South,0,0,Land-Home,2,180000,1900,3,202301,1.0132,23010353,1.5789473684210527,7.550135342488429
6.4591,2,1,2,0,Urban,Midwest,0,0,Vehicle,2,140000,1300,3,202301,1.0132,23010354,2.307692307692308,7.170888478512505
6.4591,1,1,1,0,Urban,Midwest,0,0,Land-Home,2,140000,1200,3,202301,1.0132,23010355,2.5,7.0909098220799835
8.2789,2,1,1,0,Suburban,West,0,0,Land-Home,2,160000,1300,3,202301,1.0132,23010357,2.307692307692308,7.170888478512505
8.2789,2,1,1,0,Suburban,West,0,0,Land-Home,2,140000,1300,1,202301,1.0132,23010358,0.7692307692307693,7.170888478512505
6.1833,2,1,1,0,Urban,Northeast,0,0,Land-Home,2,310000,1800,3,202301,1.0132,23010359,1.6666666666666667,7.496097345175956
6.1833,2,1,1,0,Urban,Northeast,0,0,Land-Home,2,150000,1400,3,202301,1.0132,23010360,2.142857142857143,7.244941546337007
6.1833,2,1,2,0,Urban,Northeast,0,0,Vehicle,2,110000,950,1,202301,1.0132,23010361,1.0526315789473684,6.85751406254539
23.6964,2,1,2,0,Rural,South,0,0,Vehicle,2,160000,1700,3,202301,1.0132,23010362,1.7647058823529413,7.438971592395862
23.6964,2,1,1,0,Suburban,South,0,0,Vehicle,2,140000,1700,3,202301,1.0132,23010363,1.7647058823529413,7.438971592395862
23.6964,2,1,1,0,Rural,South,0,0,Land-Home,2,170000,1800,3,202301,1.0132,23010364,1.6666666666666667,7.496097345175956
23.6964,1,1,1,0,Rural,South,0,0,Vehicle,2,160000,1600,3,202301,1.0132,23010365,1.875,7.3783837129967145
6.4591,2,1,1,0,Suburban,Midwest,0,0,Other,2,180000,1600,3,202301,1.0132,23010366,1.875,7.3783837129967145
8.2789,1,2,9,0,,West,9,9,,2,140000,1200,3,202301,1.0132,23010367,2.5,7.0909098220799835
8.2789,1,2,9,0,,West,9,9,,2,160000,1700,3,202301,1.0132,23010368,1.7647058823529413,7.438971592395862
23.6964,1,2,9,0,,South,9,9,,2,180000,2200,3,202301,1.0132,23010369,1.3636363636363638,7.696667081526462
23.6964,1,2,9,0,,South,9,9,,2,140000,2200,3,202301,1.0132,23010370,1.3636363636363638,7.696667081526462
23.6964,1,2,9,0,,South,9,9,,2,160000,1700,3,202301,1.0132,23010371,1.7647058823529413,7.438971592395862
23.6964,1,2,9,0,,South,9,9,,2,140000,1900,3,202301,1.0132,23010372,1.5789473684210527,7.550135342488429
23.6964,1,2,9,0,,South,9,9,,2,130000,1900,3,202301,1.0132,23010373,1.5789473684210527,7.550135342488429
6.4591,1,2,9,0,,Midwest,9,9,,2,160000,2000,3,202301,1.0132,23010374,1.5,7.601402334583733
6.4591,2,2,9,0,,Midwest,9,9,,2,190000,2200,3,202301,1.0132,23010375,1.3636363636363638,7.696667081526462
6.4591,1,2,9,0,,Midwest,9,9,,2,210000,2400,3,202301,1.0132,23010376,1.25,7.783640596221253
6.4591,1,2,9,0,,Midwest,9,9,,2,140000,1700,3,202301,1.0132,23010377,1.7647058823529413,7.438971592395862
23.6964,1,2,9,0,,South,9,9,,2,210000,2500,3,202301,1.0132,23010378,1.2,7.824445930877619
23.6964,2,2,9,0,,South,9,9,,2,100000,1700,3,202301,1.0132,23010380,1.7647058823529413,7.438971592395862
23.6964,1,2,9,0,,South,9,9,,2,130000,1700,3,202301,1.0132,23010381,1.7647058823529413,7.438971592395862
23.6964,1,2,9,0,,South,9,9,,2,160000,1600,3,202301,1.0132,23010382,1.875,7.3783837129967145
23.6964,1,2,9,0,,South,9,9,,2,100000,1700,3,202301,1.0132,23010383,1.7647058823529413,7.438971592395862
23.6964,1,2,9,0,,South,9,9,,2,140000,1300,3,202301,1.0132,23010384,2.307692307692308,7.170888478512505
23.6964,1,2,9,0,,South,9,9,,2,150000,1600,3,202301,1.0132,23010385,1.875,7.3783837129967145
6.1833,1,2,9,0,,Northeast,9,9,,2,170000,1800,3,202301,1.0132,23010386,1.6666666666666667,7.496097345175956
23.6964,1,2,9,0,,South,9,9,,2,78000,1900,3,202301,1.0132,23010387,1.5789473684210527,7.550135342488429
23.6964,1,2,9,0,,South,9,9,,2,78000,1800,3,202301,1.0132,23010388,1.6666666666666667,7.496097345175956
23.6964,1,2,9,0,,South,9,9,,2,120000,1300,3,202301,1.0132,23010389,2.307692307692308,7.170888478512505
6.1833,1,2,9,0,,Northeast,9,9,,2,160000,1600,3,202301,1.0132,23010390,1.875,7.3783837129967145
6.1833,1,2,9,0,,Northeast,9,9,,2,130000,1300,3,202301,1.0132,23010391,2.307692307692308,7.170888478512505
23.6964,1,2,9,0,,South,9,9,,2,160000,1600,3,202301,1.0132,23010392,1.875,7.3783837129967145
23.6964,1,2,9,0,,South,9,9,,2,160000,1600,3,202301,1.0132,23010393,1.875,7.3783837129967145
23.6964,2,2,9,0,,South,9,9,,2,160000,1700,3,202301,1.0132,23010394,1.7647058823529413,7.438971592395862
23.6964,1,2,9,0,,South,9,9,,2,100000,1600,3,202301,1.0132,23010395,1.875,7.3783837129967145
23.6964,1,2,9,0,,South,9,9,,2,92000,1100,3,202301,1.0132,23010396,2.7272727272727275,7.00397413672268
6.4591,1,2,9,0,,Midwest,9,9,,2,160000,1600,3,202301,1.0132,23010397,1.875,7.3783837129967145
23.6964,1,2,9,0,,South,9,9,,2,110000,1600,3,202301,1.0132,23010398,1.875,7.3783837129967145
8.2789,1,2,9,0,,West,9,9,,2,200000,2300,3,202301,1.0132,23010399,1.3043478260869565,7.741099090035366
8.2789,2,2,9,0,,West,9,9,,2,260000,1200,1,202301,1.0132,23010400,0.8333333333333334,7.0909098220799835
23.6964,2,2,9,0,,South,9,9,,2,160000,1700,3,202301,1.0132,23010401,1.7647058823529413,7.438971592395862
23.6964,1,2,9,0,,South,9,9,,2,160000,1600,3,202301,1.0132,23010402,1.875,7.3783837129967145
6.1833,1,2,9,0,,Northeast,9,9,,2,310000,1600,1,202301,1.0132,23010403,0.625,7.3783837129967145
8.2789,1,2,9,0,,West,9,9,,2,150000,1300,3,202301,1.0132,23010404,2.307692307692308,7.170888478512505
8.2789,1,2,9,0,,West,9,9,,2,150000,1600,3,202301,1.0132,23010405,1.875,7.3783837129967145
5.5193,1,2,9,0,,,9,9,,3,280000,2300,3,202301,1.0132,23010406,1.3043478260869565,7.741099090035366
23.6964,2,2,9,0,,South,9,9,,2,180000,1700,3,202301,1.0132,23010407,1.7647058823529413,7.438971592395862
23.6964,1,2,9,0,,South,9,9,,2,200000,1700,3,202301,1.0132,23010408,1.7647058823529413,7.438971592395862
23.6964,1,2,9,0,,South,9,9,,2,200000,2500,3,202301,1.0132,23010409,1.2,7.824445930877619
8.2789,2,2,9,0,,West,9,9,,2,160000,1600,3,202301,1.0132,23010410,1.875,7.3783837129967145
6.4591,1,2,9,0,,South,9,9,,2,130000,1300,3,202301,1.0132,23010411,2.307692307692308,7.170888478512505
6.1833,1,2,9,0,,Northeast,9,9,,2,160000,1700,3,202301,1.0132,23010412,1.7647058823529413,7.438971592395862
8.2789,1,2,9,0,,West,9,9,,2,260000,1400,1,202301,1.0132,23010413,0.7142857142857143,7.244941546337007
6.4591,1,2,9,0,,Midwest,9,9,,2,180000,2000,3,202301,1.0132,23010414,1.5,7.601402334583733
8.2789,1,2,9,0,,West,9,9,,2,140000,1300,1,202301,1.0132,23010415,0.7692307692307693,7.170888478512505
6.1833,1,2,9,0,,Northeast,9,9,,2,130000,1100,1,202301,1.0132,23010416,0.9090909090909091,7.00397413672268
6.1833,1,2,9,0,,Northeast,9,9,,2,110000,1600,3,202301,1.0132,23010417,1.875,7.3783837129967145
6.4591,1,2,9,0,,Midwest,9,9,,2,150000,1500,3,202301,1.0132,23010419,2.0,7.313886831633462
6.1833,1,2,9,0,,Northeast,9,9,,2,110000,1600,3,202301,1.0132,23010420,1.875,7.3783837129967145
23.6964,1,2,9,0,,South,9,9,,2,170000,1800,3,202301,1.0132,23010421,1.6666666666666667,7.496097345175956
8.2789,2,2,9,0,,West,9,9,,2,140000,1300,1,202301,1.0132,23010422,0.7692307692307693,7.170888478512505
6.1833,1,2,9,0,,Northeast,9,9,,2,130000,1700,3,202301,1.0132,23010423,1.7647058823529413,7.438971592395862
6.4591,1,2,9,0,,Midwest,9,9,,2,160000,1600,3,202301,1.0132,23010424,1.875,7.3783837129967145
6.1833,1,2,9,0,,Northeast,9,9,,2,93000,1300,3,202301,1.0132,23010425,2.307692307692308,7.170888478512505
6.1833,1,2,9,0,,Northeast,9,9,,2,160000,1700,3,202301,1.0132,23010426,1.7647058823529413,7.438971592395862
6.1833,1,2,9,0,,Northeast,9,9,,2,200000,1700,3,202301,1.0132,23010427,1.7647058823529413,7.438971592395862
6.1833,1,2,9,0,,Northeast,9,9,,2,100000,1500,3,202301,1.0132,23010428,2.0,7.313886831633462
8.2789,1,2,9,0,,West,9,9,,2,140000,1300,1,202301,1.0132,23010429,0.7692307692307693,7.170888478512505
6.4591,1,2,9,0,,Midwest,9,9,,2,140000,1600,3,202301,1.0132,23010430,1.875,7.3783837129967145
23.6964,2,2,9,0,,South,9,9,,2,150000,2000,3,202301,1.0132,23010431,1.5,7.601402334583733
23.6964,1,2,9,0,,South,9,9,,2,150000,1500,3,202301,1.0132,23010432,2.0,7.313886831633462
6.4591,1,2,9,0,,Midwest,9,9,,2,180000,2200,3,202301,1.0132,23010433,1.3636363636363638,7.696667081526462
23.6964,1,2,9,0,,South,9,9,,2,140000,1100,3,202301,1.0132,23010434,2.7272727272727275,7.00397413672268
23.6964,1,2,9,0,,South,9,9,,2,160000,1600,3,202301,1.0132,23010435,1.875,7.3783837129967145
23.6964,2,2,9,0,,South,9,9,,2,240000,2500,3,202301,1.0132,23010436,1.2,7.824445930877619
23.6964,1,2,9,0,,South,9,9,,2,160000,1600,3,202301,1.0132,23010437,1.875,7.3783837129967145
23.6964,2,2,9,0,,South,9,9,,2,170000,1900,3,202301,1.0132,23010438,1.5789473684210527,7.550135342488429
6.4591,2,2,9,0,,Midwest,9,9,,2,170000,1600,3,202301,1.0132,23010439,1.875,7.3783837129967145
23.6964,1,2,9,0,,South,9,9,,2,93000,1600,3,202301,1.0132,23010440,1.875,7.3783837129967145
23.6964,1,2,9,0,,South,9,9,,2,190000,2200,3,202301,1.0132,23010441,1.3636363636363638,7.696667081526462
23.6964,1,2,9,0,,South,9,9,,2,170000,1300,3,202301,1.0132,23010442,2.307692307692308,7.170888478512505
23.6964,1,2,9,0,,South,9,9,,2,110000,1600,3,202301,1.0132,23010443,1.875,7.3783837129967145
23.6964,1,2,9,0,,South,9,9,,2,110000,1600,3,202301,1.0132,23010444,1.875,7.3783837129967145
23.6964,1,2,9,0,,South,9,9,,2,160000,1600,3,202301,1.0132,23010445,1.875,7.3783837129967145
23.6964,1,2,9,0,,South,9,9,,2,130000,1600,3,202301,1.0132,23010446,1.875,7.3783837129967145
6.4591,1,2,9,0,,Midwest,9,9,,2,120000,1600,3,202301,1.0132,23010447,1.875,7.3783837129967145
23.6964,1,2,9,0,,South,9,9,,2,160000,2200,3,202301,1.0132,23010448,1.3636363636363638,7.696667081526462
6.4591,2,2,9,0,,Midwest,9,9,,2,160000,1600,3,202301,1.0132,23010449,1.875,7.3783837129967145
6.4591,1,2,9,0,,Midwest,9,9,,2,160000,1700,3,202301,1.0132,23010450,1.7647058823529413,7.438971592395862
46.2143,2,1,4,0,Rural,South,1,2,Land-Home,1,74000,1200,3,202302,0.9891,23020001,2.5,7.0909098220799835
46.2143,1,1,4,0,Rural,South,1,1,Land-Home,1,100000,1200,3,202302,0.9891,23020002,2.5,7.0909098220799835
14.978900000000001,1,1,3,0,,West,1,2,Land-Home,1,130000,1100,3,202302,0.9891,23020003,2.7272727272727275,7.00397413672268
14.978900000000001,1,1,3,0,Suburban,West,1,1,Land-Home,1,76000,920,1,202302,0.9891,23020004,1.0869565217391304,6.825460036255307
46.2143,2,1,5,0,Rural,South,1,1,Land-Home,1,59000,840,1,202302,0.9891,23020005,1.1904761904761907,6.734591659972948
14.978900000000001,1,1,4,0,Urban,West,3,1,Land-Home,1,80000,780,1,202302,0.9891,23020006,1.2820512820512822,6.660575149839686
14.978900000000001,2,1,3,0,Urban,West,3,1,Land-Home,1,80000,780,1,202302,0.9891,23020007,1.2820512820512822,6.660575149839686
10.15,2,1,5,0,Suburban,Northeast,4,1,Land-Home,1,90000,920,1,202302,0.9891,23020008,1.0869565217391304,6.825460036255307
46.2143,2,1,5,0,Urban,South,1,3,Land-Home,1,83000,840,1,202302,0.9891,23020009,1.1904761904761907,6.734591659972948
46.2143,2,1,5,0,,South,4,3,Land-Home,1,75000,1200,3,202302,0.9891,23020010,2.5,7.0909098220799835
46.2143,1,1,3,0,Rural,South,1,1,Land-Home,1,120000,1200,1,202302,0.9891,23020011,0.8333333333333334,7.0909098220799835
46.2143,2,1,3,0,Suburban,South,1,1,Land-Home,1,120000,1200,3,202302,0.9891,23020012,2.5,7.0909098220799835
13.0273,2,1,3,0,Urban,Midwest,1,1,Land-Home,1,86000,900,1,202302,0.9891,23020013,1.1111111111111112,6.803505257608338
13.0273,2,1,3,0,Urban,Midwest,1,1,Land-Home,1,89000,960,1,202302,0.9891,23020014,1.0416666666666667,6.8679744089702925
13.0273,2,1,3,0,Urban,Midwest,1,1,Land-Home,1,70000,1100,1,202302,0.9891,23020015,0.9090909090909091,7.00397413672268
13.0273,2,1,3,0,Urban,Midwest,1,1,Land-Home,1,70000,1100,1,202302,0.9891,23020016,0.9090909090909091,7.00397413672268
13.0273,2,1,3,0,Urban,Midwest,1,1,Land-Home,1,87000,920,1,202302,0.9891,23020017,1.0869565217391304,6.825460036255307
13.0273,2,1,3,0,Urban,Midwest,1,1,Land-Home,1,89000,960,1,202302,0.9891,23020018,1.0416666666666667,6.8679744089702925
13.0273,1,1,3,0,Urban,Midwest,1,1,Land-Home,1,98000,1200,3,202302,0.9891,23020019,2.5,7.0909098220799835
13.0273,2,1,3,0,Urban,Midwest,1,1,Land-Home,1,93000,1100,1,202302,0.9891,23020020,0.9090909090909091,7.00397413672268
13.0273,1,1,3,0,Urban,Midwest,1,1,Land-Home,1,90000,990,1,202302,0.9891,23020021,1.0101010101010102,6.898714534329988
13.0273,2,1,3,0,Urban,Midwest,1,1,Land-Home,1,72000,670,1,202302,0.9891,23020022,1.492537313432836,6.508769136971682
13.0273,1,1,3,0,Urban,Midwest,1,1,Other,1,69000,1100,3,202302,0.9891,23020023,2.7272727272727275,7.00397413672268
13.0273,2,1,3,0,Urban,Midwest,1,2,Land-Home,1,69000,670,1,202302,0.9891,23020024,1.492537313432836,6.508769136971682
13.0273,1,1,3,0,Urban,Midwest,1,1,Land-Home,1,100000,1200,3,202302,0.9891,23020025,2.5,7.0909098220799835
13.0273,2,1,3,0,Urban,Midwest,1,1,Vehicle,1,120000,1300,3,202302,0.9891,23020026,2.307692307692308,7.170888478512505
46.2143,2,1,3,0,Urban,South,1,1,Land-Home,1,59000,900,1,202302,0.9891,23020027,1.1111111111111112,6.803505257608338
13.0273,1,1,3,0,Urban,Midwest,1,1,Land-Home,1,62000,960,1,202302,0.9891,23020028,1.0416666666666667,6.8679744089702925
13.0273,1,1,3,0,Urban,Midwest,1,1,Vehicle,1,86000,900,1,202302,0.9891,23020029,1.1111111111111112,6.803505257608338
13.0273,2,1,3,0,Urban,Midwest,1,1,Other,1,70000,900,1,202302,0.9891,23020030,1.1111111111111112,6.803505257608338
13.0273,1,1,3,0,Urban,Midwest,1,1,Land-Home,1,74000,960,1,202302,0.9891,23020031,1.0416666666666667,6.8679744089702925
13.0273,1,1,3,0,Urban,Midwest,1,1,Land-Home,1,83000,990,1,202302,0.9891,23020032,1.0101010101010102,6.898714534329988
13.0273,1,1,3,0,Urban,Midwest,1,1,Other,1,76000,1100,3,202302,0.9891,23020033,2.7272727272727275,7.00397413672268
13.0273,2,1,3,0,Urban,Midwest,1,1,Land-Home,1,92000,670,1,202302,0.9891,23020034,1.492537313432836,6.508769136971682
13.0273,1,1,3,0,Urban,Midwest,1,1,Land-Home,1,53000,920,1,202302,0.9891,23020035,1.0869565217391304,6.825460036255307
13.0273,2,1,5,0,Urban,Midwest,1,1,Land-Home,1,90000,990,3,202302,0.9891,23020036,3.0303030303030303,6.898714534329988
13.0273,1,1,3,0,Urban,Midwest,1,1,Land-Home,1,92000,990,3,202302,0.9891,23020037,3.0303030303030303,6.898714534329988
13.0273,2,1,3,0,Urban,Midwest,1,1,Land-Home,1,86000,900,1,202302,0.9891,23020038,1.1111111111111112,6.803505257608338
13.0273,2,1,3,0,Urban,Midwest,1,1,Land-Home,1,85000,960,1,202302,0.9891,23020039,1.0416666666666667,6.8679744089702925
13.0273,2,1,3,0,Urban,Midwest,1,1,Land-Home,1,89000,960,1,202302,0.9891,23020040,1.0416666666666667,6.8679744089702925
13.0273,1,1,3,0,Urban,Midwest,1,1,Land-Home,1,86000,670,1,202302,0.9891,23020041,1.492537313432836,6.508769136971682
46.2143,2,1,3,0,Suburban,South,1,1,Vehicle,1,120000,1300,3,202302,0.9891,23020042,2.307692307692308,7.170888478512505
13.0273,1,1,3,0,Urban,Midwest,1,1,Land-Home,1,70000,900,1,202302,0.9891,23020043,1.1111111111111112,6.803505257608338
13.0273,2,1,3,0,Rural,Midwest,1,1,Land-Home,1,86000,900,1,202302,0.9891,23020044,1.1111111111111112,6.803505257608338
14.978900000000001,2,1,3,0,Suburban,West,1,1,Land-Home,1,80000,1300,3,202302,0.9891,23020045,2.307692307692308,7.170888478512505
14.978900000000001,2,1,3,0,Suburban,West,1,1,Land-Home,1,100000,1300,3,202302,0.9891,23020046,2.307692307692308,7.170888478512505
14.978900000000001,2,1,5,0,Suburban,West,3,3,Land-Home,1,100000,1300,3,202302,0.9891,23020047,2.307692307692308,7.170888478512505
14.978900000000001,2,1,5,0,Suburban,West,1,1,Land-Home,1,130000,950,1,202302,0.9891,23020048,1.0526315789473684,6.85751406254539
10.15,1,1,3,0,Urban,Northeast,1,1,Land-Home,1,80000,960,1,202302,0.9891,23020049,1.0416666666666667,6.8679744089702925
10.15,2,1,3,0,Suburban,South,1,1,Land-Home,1,100000,1200,1,202302,0.9891,23020050,0.8333333333333334,7.0909098220799835
46.2143,2,1,3,0,Suburban,South,1,1,Vehicle,1,86000,900,1,202302,0.9891,23020051,1.1111111111111112,6.803505257608338
46.2143,2,1,3,0,Rural,South,1,1,Land-Home,1,69000,840,1,202302,0.9891,23020052,1.1904761904761907,6.734591659972948
46.2143,2,1,3,0,Suburban,South,1,1,Land-Home,1,73000,900,1,202302,0.9891,23020053,1.1111111111111112,6.803505257608338
13.0273,2,1,3,0,Urban,Midwest,1,1,Land-Home,1,80000,1100,3,202302,0.9891,23020054,2.7272727272727275,7.00397413672268
13.0273,2,1,3,0,Urban,Midwest,1,1,Land-Home,1,73000,900,1,202302,0.9891,23020055,1.1111111111111112,6.803505257608338
46.2143,2,1,3,0,Suburban,South,1,1,Land-Home,1,120000,1100,3,202302,0.9891,23020056,2.7272727272727275,7.00397413672268
46.2143,2,1,3,0,Suburban,South,1,1,Land-Home,1,100000,1200,3,202302,0.9891,23020057,2.5,7.0909098220799835
14.978900000000001,2,1,3,0,Suburban,South,1,1,Vehicle,1,100000,1200,3,202302,0.9891,23020058,2.5,7.0909098220799835
14.978900000000001,2,1,4,0,Urban,West,1,1,Land-Home,1,65000,620,1,202302,0.9891,23020059,1.6129032258064515,6.431331081933479
14.978900000000001,2,1,5,0,Suburban,West,1,3,Land-Home,1,87000,920,1,202302,0.9891,23020061,1.0869565217391304,6.825460036255307
14.978900000000001,2,1,4,0,Urban,West,1,1,Land-Home,1,65000,620,3,202302,0.9891,23020062,4.838709677419355,6.431331081933479
14.978900000000001,1,1,5,0,Suburban,West,1,1,Land-Home,1,73000,620,3,202302,0.9891,23020063,4.838709677419355,6.431331081933479
10.15,1,1,3,0,Urban,Northeast,1,1,Land-Home,1,130000,1100,1,202302,0.9891,23020064,0.9090909090909091,7.00397413672268
46.2143,2,1,3,0,Suburban,South,1,1,Land-Home,1,69000,650,1,202302,0.9891,23020065,1.5384615384615385,6.478509642208569
46.2143,2,1,3,0,Rural,South,1,1,Land-Home,1,83000,840,1,202302,0.9891,23020066,1.1904761904761907,6.734591659972948
46.2143,2,1,5,0,Suburban,South,1,1,Land-Home,1,58000,920,3,202302,0.9891,23020067,3.260869565217391,6.825460036255307
46.2143,2,1,5,0,Suburban,South,2,1,Land-Home,1,95000,1200,3,202302,0.9891,23020068,2.5,7.0909098220799835
46.2143,2,1,3,0,Urban,South,1,1,Vehicle,1,120000,1200,3,202302,0.9891,23020069,2.5,7.0909098220799835
46.2143,2,1,5,0,Rural,South,1,1,Land-Home,1,93000,900,3,202302,0.9891,23020070,3.3333333333333335,6.803505257608338
46.2143,2,1,3,0,Rural,South,1,1,Land-Home,1,83000,840,3,202302,0.9891,23020071,3.571428571428571,6.734591659972948
46.2143,2,1,3,0,Urban,South,1,1,Land-Home,1,64000,840,3,202302,0.9891,23020072,3.571428571428571,6.734591659972948
13.0273,2,1,3,0,Urban,Midwest,1,1,Land-Home,1,120000,1300,1,202302,0.9891,23020073,0.7692307692307693,7.170888478512505
14.978900000000001,2,1,1,0,Rural,West,0,0,Other,1,160000,750,1,202302,0.9891,23020074,1.3333333333333333,6.621405651764134
14.978900000000001,2,1,1,0,Urban,West,0,0,Land-Home,1,73000,620,1,202302,0.9891,23020075,1.6129032258064515,6.431331081933479
14.978900000000001,2,1,1,0,Urban,West,0,0,Vehicle,1,79000,750,1,202302,0.9891,23020076,1.3333333333333333,6.621405651764134
10.15,2,1,1,0,Urban,Northeast,0,0,Vehicle,1,180000,1100,1,202302,0.9891,23020077,0.9090909090909091,7.00397413672268
10.15,1,1,1,0,Urban,Northeast,0,0,Vehicle,1,130000,1000,3,202302,0.9891,23020078,3.0,6.90875477931522
10.15,1,1,1,0,Urban,Northeast,0,0,Land-Home,1,180000,980,1,202302,0.9891,23020079,1.0204081632653061,6.8885724595653635
10.15,1,1,1,0,Urban,Northeast,0,0,Vehicle,1,81000,950,1,202302,0.9891,23020080,1.0526315789473684,6.85751406254539
10.15,2,1,1,0,Rural,Northeast,0,0,Land-Home,1,100000,1100,1,202302,0.9891,23020081,0.9090909090909091,7.00397413672268
13.0273,2,1,2,0,Rural,Midwest,0,0,Land-Home,1,79000,920,3,202302,0.9891,23020082,3.260869565217391,6.825460036255307
46.2143,2,1,2,0,Rural,South,0,0,Land-Home,1,81000,1100,3,202302,0.9891,23020083,2.7272727272727275,7.00397413672268
13.0273,1,1,1,0,Urban,Midwest,0,0,Land-Home,1,53000,1200,3,202302,0.9891,23020084,2.5,7.0909098220799835
13.0273,1,1,1,0,Urban,Midwest,0,0,Other,1,78000,1100,1,202302,0.9891,23020085,0.9090909090909091,7.00397413672268
13.0273,2,1,1,0,Urban,Midwest,0,0,Other,1,96000,1100,3,202302,0.9891,23020086,2.7272727272727275,7.00397413672268
13.0273,1,1,1,0,Urban,Midwest,0,0,Land-Home,1,95000,1300,3,202302,0.9891,23020087,2.307692307692308,7.170888478512505
10.15,2,1,1,0,Urban,Northeast,0,0,Vehicle,1,93000,1100,1,202302,0.9891,23020088,0.9090909090909091,7.00397413672268
13.0273,1,1,2,0,Urban,Midwest,0,0,Other,1,87000,920,3,202302,0.9891,23020089,3.260869565217391,6.825460036255307
10.15,1,1,2,0,Urban,Northeast,0,0,Vehicle,1,120000,1100,1,202302,0.9891,23020090,0.9090909090909091,7.00397413672268
10.15,2,1,2,0,Urban,Northeast,0,0,Vehicle,1,90000,980,1,202302,0.9891,23020091,1.0204081632653061,6.8885724595653635
46.2143,2,1,1,0,Rural,South,0,0,Land-Home,1,47200,780,1,202302,0.9891,23020092,1.2820512820512822,6.660575149839686
13.0273,1,1,1,0,Urban,Midwest,0,0,Land-Home,1,120000,1200,3,202302,0.9891,23020093,2.5,7.0909098220799835
14.978900000000001,1,2,9,0,,West,9,9,,1,97000,1100,3,202302,0.9891,23020094,2.7272727272727275,7.00397413672268
14.978900000000001,1,2,9,0,,West,9,9,,1,88000,950,1,202302,0.9891,23020095,1.0526315789473684,6.85751406254539
46.2143,1,2,9,0,,South,9,9,,1,100000,1200,3,202302,0.9891,23020097,2.5,7.0909098220799835
10.15,1,2,9,0,,Northeast,9,9,,1,89000,960,1,202302,0.9891,23020098,1.0416666666666667,6.8679744089702925
13.0273,1,2,9,0,,Midwest,9,9,,1,84000,670,1,202302,0.9891,23020099,1.492537313432836,6.508769136971682
46.2143,1,2,9,0,,South,9,9,,1,86000,900,1,202302,0.9891,23020100,1.1111111111111112,6.803505257608338
46.2143,1,2,9,0,,South,9,9,,1,120000,1200,3,202302,0.9891,23020101,2.5,7.0909098220799835
13.0273,1,2,9,0,,Midwest,9,9,,1,120000,1300,3,202302,0.9891,23020102,2.307692307692308,7.170888478512505
10.15,1,2,9,0,,Northeast,9,9,,1,75000,980,1,202302,0.9891,23020103,1.0204081632653061,6.8885724595653635
46.2143,1,2,9,0,,South,9,9,,1,72000,650,1,202302,0.9891,23020104,1.5384615384615385,6.478509642208569
46.2143,1,2,9,0,,South,9,9,,1,80000,780,1,202302,0.9891,23020105,1.2820512820512822,6.660575149839686
46.2143,1,2,9,0,,South,9,9,,1,100000,1200,3,202302,0.9891,23020106,2.5,7.0909098220799835
46.2143,1,2,9,0,,South,9,9,,1,100000,1300,3,202302,0.9891,23020107,2.307692307692308,7.170888478512505
46.2143,1,2,9,0,,South,9,9,,1,98000,1200,3,202302,0.9891,23020108,2.5,7.0909098220799835
14.978900000000001,1,2,9,0,,West,9,9,,1,100000,1300,3,202302,0.9891,23020109,2.307692307692308,7.170888478512505
46.2143,1,2,9,0,,South,9,9,,1,86000,900,3,202302,0.9891,23020110,3.3333333333333335,6.803505257608338
10.15,1,2,9,0,,Northeast,9,9,,1,96000,1100,1,202302,0.9891,23020111,0.9090909090909091,7.00397413672268
13.0273,1,2,9,0,,Midwest,9,9,,1,93000,1100,3,202302,0.9891,23020112,2.7272727272727275,7.00397413672268
13.0273,1,2,9,0,,Midwest,9,9,,1,93000,1200,3,202302,0.9891,23020114,2.5,7.0909098220799835
10.15,1,2,9,0,,Northeast,9,9,,1,95000,760,1,202302,0.9891,23020115,1.3157894736842104,6.634633357861686
10.15,1,2,9,0,,Northeast,9,9,,1,88000,840,1,202302,0.9891,23020116,1.1904761904761907,6.734591659972948
13.0273,1,2,9,0,,Midwest,9,9,,1,120000,1300,1,202302,0.9891,23020117,0.7692307692307693,7.170888478512505
10.15,1,2,9,0,,Northeast,9,9,,1,69000,810,1,202302,0.9891,23020118,1.2345679012345678,6.698268054115413
13.0273,1,2,9,0,,South,9,9,,1,72000,900,1,202302,0.9891,23020119,1.1111111111111112,6.803505257608338
10.15,1,2,9,0,,Northeast,9,9,,1,85000,990,1,202302,0.9891,23020120,1.0101010101010102,6.898714534329988
13.0273,1,2,9,0,,Midwest,9,9,,1,86000,1300,3,202302,0.9891,23020121,2.307692307692308,7.170888478512505
46.2143,1,2,9,0,,South,9,9,,1,83000,840,1,202302,0.9891,23020122,1.1904761904761907,6.734591659972948
46.2143,1,2,9,0,,South,9,9,,1,47200,840,1,202302,0.9891,23020123,1.1904761904761907,6.734591659972948
13.0273,1,2,9,0,,Midwest,9,9,,1,100000,1200,3,202302,0.9891,23020124,2.5,7.0909098220799835
46.2143,1,2,9,0,,South,9,9,,1,100000,1200,3,202302,0.9891,23020125,2.5,7.0909098220799835
46.2143,1,2,9,0,,South,9,9,,1,100000,1300,3,202302,0.9891,23020126,2.307692307692308,7.170888478512505
23.107100000000003,2,1,3,0,Suburban,South,1,1,Land-Home,2,160000,1500,3,202302,1.0586,23020129,2.0,7.313886831633462
4.993,2,1,3,0,Suburban,,1,1,Land-Home,3,230000,3200,3,202302,1.0586,23020130,0.9375,8.071218539969863
23.107100000000003,2,1,4,0,Rural,South,1,3,Vehicle,2,140000,2000,3,202302,1.0586,23020131,1.5,7.601402334583733
23.107100000000003,2,1,4,0,Rural,South,1,2,Vehicle,2,78000,1600,3,202302,1.0586,23020132,1.875,7.3783837129967145
23.107100000000003,1,1,4,0,Suburban,South,1,3,Land-Home,2,150000,1400,3,202302,1.0586,23020133,2.142857142857143,7.244941546337007
7.4895000000000005,1,1,3,0,Rural,West,1,1,Land-Home,2,130000,880,1,202302,1.0586,23020134,1.1363636363636362,6.78105762593618
7.4895000000000005,2,1,3,0,Suburban,West,1,1,Land-Home,2,130000,1000,1,202302,1.0586,23020135,1.0,6.90875477931522
7.4895000000000005,2,1,3,0,Suburban,West,1,1,Land-Home,2,130000,1300,3,202302,1.0586,23020136,2.307692307692308,7.170888478512505
4.993,1,1,3,0,Urban,,1,1,Land-Home,3,380000,2500,3,202302,1.0586,23020137,1.2,7.824445930877619
7.4895000000000005,1,1,3,0,Urban,West,1,1,Land-Home,2,240000,1600,3,202302,1.0586,23020138,1.875,7.3783837129967145
7.4895000000000005,2,1,3,0,Urban,West,1,1,Land-Home,2,240000,1800,3,202302,1.0586,23020139,1.6666666666666667,7.496097345175956
7.4895000000000005,1,1,3,0,Rural,West,1,1,Vehicle,2,160000,1400,3,202302,1.0586,23020140,2.142857142857143,7.244941546337007
7.4895000000000005,1,1,4,0,Urban,West,3,1,Land-Home,2,180000,1200,1,202302,1.0586,23020141,0.8333333333333334,7.0909098220799835
7.4895000000000005,2,1,3,0,,West,1,1,Land-Home,2,230000,2300,3,202302,1.0586,23020142,1.3043478260869565,7.741099090035366
7.4895000000000005,2,1,3,0,Suburban,West,1,1,Land-Home,2,160000,2300,3,202302,1.0586,23020143,1.3043478260869565,7.741099090035366
7.4895000000000005,2,1,5,0,Rural,West,3,1,Land-Home,2,140000,1200,1,202302,1.0586,23020144,0.8333333333333334,7.0909098220799835
7.4895000000000005,2,1,4,0,Rural,West,3,1,Land-Home,2,190000,2300,3,202302,1.0586,23020145,1.3043478260869565,7.741099090035366
7.4895000000000005,1,1,4,0,Urban,West,3,1,Other,2,220000,1100,1,202302,1.0586,23020146,0.9090909090909091,7.00397413672268
7.4895000000000005,2,1,4,0,Rural,West,3,1,Land-Home,2,200000,1600,1,202302,1.0586,23020147,0.625,7.3783837129967145
7.4895000000000005,2,1,3,0,Rural,West,3,1,Land-Home,2,150000,1300,3,202302,1.0586,23020148,2.307692307692308,7.170888478512505
7.4895000000000005,1,1,3,0,Urban,West,1,1,Land-Home,2,170000,1200,1,202302,1.0586,23020149,0.8333333333333334,7.0909098220799835
7.4895000000000005,1,1,3,0,Rural,West,3,1,Land-Home,2,190000,2100,3,202302,1.0586,23020150,1.4285714285714286,7.650168700845001
7.4895000000000005,1,1,3,0,Rural,West,3,1,Land-Home,2,160000,1600,1,202302,1.0586,23020151,0.625,7.3783837129967145
7.4895000000000005,2,1,4,0,Rural,West,3,1,Land-Home,2,160000,1500,3,202302,1.0586,23020152,2.0,7.313886831633462
7.4895000000000005,2,1,5,0,Rural,West,3,1,Land-Home,2,230000,2200,3,202302,1.0586,23020153,1.3636363636363638,7.696667081526462
7.4895000000000005,2,1,4,0,Rural,West,3,2,Land-Home,2,200000,2300,3,202302,1.0586,23020154,1.3043478260869565,7.741099090035366
7.4895000000000005,1,1,3,0,Suburban,West,1,1,Vehicle,2,130000,1100,1,202302,1.0586,23020155,0.9090909090909091,7.00397413672268
7.4895000000000005,2,1,4,0,Rural,West,3,2,Land-Home,2,160000,1200,1,202302,1.0586,23020156,0.8333333333333334,7.0909098220799835
23.107100000000003,2,1,3,0,Rural,South,1,1,Land-Home,2,190000,2200,3,202302,1.0586,23020157,1.3636363636363638,7.696667081526462
7.4895000000000005,2,1,4,0,Urban,West,3,2,Vehicle,2,140000,1000,1,202302,1.0586,23020158,1.0,6.90875477931522
7.4895000000000005,1,1,4,0,Urban,West,1,1,Land-Home,2,170000,1700,3,202302,1.0586,23020159,1.7647058823529413,7.438971592395862
7.4895000000000005,1,1,5,0,Urban,West,3,3,Land-Home,2,170000,1800,3,202302,1.0586,23020160,1.6666666666666667,7.496097345175956
7.4895000000000005,2,1,3,0,Urban,West,3,2,Vehicle,2,160000,1600,3,202302,1.0586,23020161,1.875,7.3783837129967145
7.4895000000000005,2,1,3,0,Suburban,West,3,1,Vehicle,2,92000,880,1,202302,1.0586,23020162,1.1363636363636362,6.78105762593618
7.4895000000000005,1,1,3,0,Urban,West,3,1,Vehicle,2,300000,1600,3,202302,1.0586,23020163,1.875,7.3783837129967145
7.4895000000000005,2,1,3,0,Urban,West,3,1,Vehicle,2,160000,1500,3,202302,1.0586,23020164,2.0,7.313886831633462
7.4895000000000005,2,1,5,0,Urban,West,3,1,Land-Home,2,140000,1000,1,202302,1.0586,23020165,1.0,6.90875477931522
7.4895000000000005,2,1,4,0,Urban,West,3,2,Land-Home,2,150000,1300,3,202302,1.0586,23020166,2.307692307692308,7.170888478512505
7.4895000000000005,1,1,3,0,Urban,West,3,1,Land-Home,2,180000,880,3,202302,1.0586,23020167,3.4090909090909087,6.78105762593618
7.4895000000000005,2,1,4,0,Urban,West,2,1,Land-Home,2,300000,1500,3,202302,1.0586,23020168,2.0,7.313886831633462
7.4895000000000005,1,1,5,0,Urban,West,1,1,Vehicle,2,120000,1600,3,202302,1.0586,23020169,1.875,7.3783837129967145
7.4895000000000005,2,1,3,0,Urban,West,1,1,Vehicle,2,140000,1200,3,202302,1.0586,23020170,2.5,7.0909098220799835
5.075,2,1,3,0,Rural,Northeast,1,1,Vehicle,2,150000,1600,3,202302,1.0586,23020172,1.875,7.3783837129967145
23.107100000000003,2,1,3,0,Rural,South,1,1,Land-Home,2,240000,2000,3,202302,1.0586,23020173,1.5,7.601402334583733
15.404800000000002,2,1,3,0,Rural,,4,3,Land-Home,3,270000,2900,3,202302,1.0586,23020174,1.0344827586206897,7.972810784121404
23.107100000000003,2,1,3,0,Suburban,South,1,1,Land-Home,2,120000,1100,3,202302,1.0586,23020175,2.7272727272727275,7.00397413672268
23.107100000000003,1,1,5,0,Urban,South,1,1,Land-Home,2,200000,1100,1,202302,1.0586,23020176,0.9090909090909091,7.00397413672268
23.107100000000003,2,1,4,0,Urban,South,1,1,Land-Home,2,190000,1500,1,202302,1.0586,23020177,0.6666666666666666,7.313886831633462
23.107100000000003,2,1,5,0,Rural,South,1,2,Vehicle,2,160000,2100,3,202302,1.0586,23020178,1.4285714285714286,7.650168700845001
23.107100000000003,1,1,4,0,Urban,South,1,1,Land-Home,2,190000,1400,3,202302,1.0586,23020179,2.142857142857143,7.244941546337007
23.107100000000003,2,1,5,0,Urban,South,1,1,Land-Home,2,150000,1100,3,202302,1.0586,23020181,2.7272727272727275,7.00397413672268
23.107100000000003,2,1,3,0,Urban,South,1,1,Vehicle,2,130000,1100,1,202302,1.0586,23020182,0.9090909090909091,7.00397413672268
23.107100000000003,2,1,3,0,Rural,South,1,1,Land-Home,2,150000,1300,3,202302,1.0586,23020183,2.307692307692308,7.170888478512505
23.107100000000003,2,1,5,0,Rural,South,1,3,Land-Home,2,150000,1300,3,202302,1.0586,23020184,2.307692307692308,7.170888478512505
7.4895000000000005,1,1,3,0,Rural,West,3,1,Land-Home,2,300000,1400,3,202302,1.0586,23020185,2.142857142857143,7.244941546337007
6.5136,2,1,3,0,Suburban,Midwest,1,2,Land-Home,2,120000,1700,3,202302,1.0586,23020186,1.7647058823529413,7.438971592395862
6.5136,2,1,3,0,Urban,Midwest,1,2,Other,2,170000,2100,3,202302,1.0586,23020187,1.4285714285714286,7.650168700845001
6.5136,2,1,3,0,Suburban,Midwest,1,1,Land-Home,2,170000,2100,3,202302,1.0586,23020188,1.4285714285714286,7.650168700845001
6.5136,1,1,3,0,Urban,Midwest,1,1,Land-Home,2,190000,1600,3,202302,1.0586,23020189,1.875,7.3783837129967145
6.5136,1,1,3,0,Urban,Midwest,1,1,Other,2,180000,1500,3,202302,1.0586,23020190,2.0,7.313886831633462
7.4895000000000005,2,1,3,0,Rural,Midwest,1,1,Vehicle,2,100000,1500,3,202302,1.0586,23020191,2.0,7.313886831633462
6.5136,2,1,3,0,Rural,Midwest,1,1,Land-Home,2,150000,1600,3,202302,1.0586,23020192,1.875,7.3783837129967145
6.5136,1,1,3,0,Urban,Midwest,1,1,Land-Home,2,160000,1600,3,202302,1.0586,23020193,1.875,7.3783837129967145
6.5136,2,1,3,0,Urban,Midwest,1,1,Land-Home,2,160000,1500,3,202302,1.0586,23020194,2.0,7.313886831633462
23.107100000000003,1,1,3,0,Rural,South,1,1,Land-Home,2,210000,2100,3,202302,1.0586,23020195,1.4285714285714286,7.650168700845001
23.107100000000003,2,1,3,0,Rural,South,1,1,Land-Home,2,160000,2100,3,202302,1.0586,23020196,1.4285714285714286,7.650168700845001
23.107100000000003,2,1,5,0,Rural,South,1,1,Other,2,140000,1700,3,202302,1.0586,23020198,1.7647058823529413,7.438971592395862
23.107100000000003,2,1,3,0,Rural,South,1,1,Land-Home,2,120000,1900,3,202302,1.0586,23020199,1.5789473684210527,7.550135342488429
6.5136,1,1,3,0,Urban,Midwest,1,1,Land-Home,2,160000,1600,3,202302,1.0586,23020200,1.875,7.3783837129967145
6.5136,1,1,3,0,Urban,Midwest,1,1,Land-Home,2,130000,1400,3,202302,1.0586,23020201,2.142857142857143,7.244941546337007
6.5136,1,1,3,0,Urban,Midwest,1,1,Land-Home,2,120000,1600,3,202302,1.0586,23020202,1.875,7.3783837129967145
6.5136,1,1,3,0,Urban,Midwest,1,1,Other,2,86000,1300,3,202302,1.0586,23020203,2.307692307692308,7.170888478512505
6.5136,2,1,3,0,Urban,Midwest,1,1,Land-Home,2,160000,1500,3,202302,1.0586,23020204,2.0,7.313886831633462
6.5136,1,1,3,0,Urban,Midwest,1,1,Land-Home,2,110000,1300,3,202302,1.0586,23020205,2.307692307692308,7.170888478512505
6.5136,1,1,3,0,Urban,Midwest,1,1,Land-Home,2,130000,1400,3,202302,1.0586,23020206,2.142857142857143,7.244941546337007
6.5136,1,1,3,0,Urban,Midwest,1,1,Land-Home,2,140000,1300,3,202302,1.0586,23020207,2.307692307692308,7.170888478512505
6.5136,1,1,3,0,Urban,Midwest,1,1,Land-Home,2,130000,1400,3,202302,1.0586,23020208,2.142857142857143,7.244941546337007
23.107100000000003,1,1,3,0,Urban,Midwest,1,1,Land-Home,2,260000,1600,1,202302,1.0586,23020209,0.625,7.3783837129967145
6.5136,1,1,3,0,Urban,Midwest,1,1,Land-Home,2,130000,1500,3,202302,1.0586,23020210,2.0,7.313886831633462
6.5136,1,1,3,0,Urban,Midwest,1,1,Land-Home,2,120000,1100,3,202302,1.0586,23020211,2.7272727272727275,7.00397413672268
6.5136,2,1,3,0,Urban,Midwest,1,1,Land-Home,2,86000,1600,3,202302,1.0586,23020212,1.875,7.3783837129967145
6.5136,2,1,3,0,Urban,Midwest,1,1,Land-Home,2,160000,1600,3,202302,1.0586,23020213,1.875,7.3783837129967145
6.5136,1,1,5,0,Urban,Midwest,1,1,Land-Home,2,160000,1700,1,202302,1.0586,23020214,0.588235294117647,7.438971592395862
6.5136,1,1,3,0,Urban,Midwest,1,1,Land-Home,2,140000,1600,3,202302,1.0586,23020215,1.875,7.3783837129967145
6.5136,1,1,3,0,Urban,Midwest,1,1,Land-Home,2,260000,1400,3,202302,1.0586,23020216,2.142857142857143,7.244941546337007
6.5136,1,1,3,0,Urban,Midwest,1,1,Land-Home,2,110000,1500,3,202302,1.0586,23020217,2.0,7.313886831633462
23.107100000000003,2,1,3,0,Rural,South,1,1,Vehicle,2,160000,1500,3,202302,1.0586,23020218,2.0,7.313886831633462
23.107100000000003,2,1,3,0,Suburban,South,1,1,Land-Home,2,240000,2500,3,202302,1.0586,23020219,1.2,7.824445930877619
6.5136,2,1,3,0,Rural,Midwest,1,1,Land-Home,2,190000,2200,3,202302,1.0586,23020220,1.3636363636363638,7.696667081526462
6.5136,2,1,3,0,Rural,Midwest,1,1,Land-Home,2,180000,2000,3,202302,1.0586,23020221,1.5,7.601402334583733
7.4895000000000005,1,1,5,0,Suburban,West,1,2,Vehicle,2,160000,1600,3,202302,1.0586,23020222,1.875,7.3783837129967145
6.5136,2,1,3,0,Rural,Midwest,1,1,Land-Home,2,160000,1600,3,202302,1.0586,23020223,1.875,7.3783837129967145
6.5136,1,1,3,0,Rural,Midwest,1,1,Land-Home,2,160000,1600,3,202302,1.0586,23020224,1.875,7.3783837129967145
6.5136,1,1,3,0,Rural,Midwest,1,1,Land-Home,2,160000,1600,3,202302,1.0586,23020225,1.875,7.3783837129967145
7.4895000000000005,1,1,5,0,Suburban,West,3,1,Land-Home,2,150000,1300,3,202302,1.0586,23020226,2.307692307692308,7.170888478512505
7.4895000000000005,2,1,3,0,Suburban,West,1,1,Land-Home,2,92000,1200,3,202302,1.0586,23020227,2.5,7.0909098220799835
7.4895000000000005,2,1,5,0,Suburban,West,1,1,Land-Home,2,130000,2300,3,202302,1.0586,23020228,1.3043478260869565,7.741099090035366
7.4895000000000005,1,1,3,0,Suburban,West,1,1,Land-Home,2,140000,1100,1,202302,1.0586,23020229,0.9090909090909091,7.00397413672268
23.107100000000003,2,1,3,0,Rural,South,1,1,Land-Home,2,140000,2000,3,202302,1.0586,23020230,1.5,7.601402334583733
23.107100000000003,2,1,3,0,Rural,South,1,1,Vehicle,2,160000,1800,3,202302,1.0586,23020231,1.6666666666666667,7.496097345175956
23.107100000000003,2,1,3,0,Suburban,South,1,2,Land-Home,2,110000,1600,3,202302,1.0586,23020232,1.875,7.3783837129967145
23.107100000000003,2,1,3,0,Suburban,South,1,1,Land-Home,2,190000,2100,3,202302,1.0586,23020233,1.4285714285714286,7.650168700845001
23.107100000000003,2,1,3,0,Suburban,South,1,1,Land-Home,2,150000,1500,3,202302,1.0586,23020234,2.0,7.313886831633462
23.107100000000003,2,1,3,0,Suburban,South,1,1,Land-Home,2,210000,1600,3,202302,1.0586,23020235,1.875,7.3783837129967145
23.107100000000003,2,1,3,0,Rural,South,1,1,Land-Home,2,78000,1300,3,202302,1.0586,23020236,2.307692307692308,7.170888478512505
23.107100000000003,2,1,3,0,Urban,South,1,1,Land-Home,2,240000,2100,3,202302,1.0586,23020237,1.4285714285714286,7.650168700845001
6.5136,2,1,3,0,Rural,Midwest,1,1,Land-Home,2,150000,1300,3,202302,1.0586,23020238,2.307692307692308,7.170888478512505
6.5136,1,1,3,0,Urban,Midwest,1,1,Land-Home,2,160000,1600,1,202302,1.0586,23020239,0.625,7.3783837129967145
6.5136,1,1,4,0,Urban,Midwest,1,1,Other,2,86000,1100,3,202302,1.0586,23020240,2.7272727272727275,7.00397413672268
23.107100000000003,2,1,3,0,Rural,South,1,2,Land-Home,2,120000,1300,3,202302,1.0586,23020241,2.307692307692308,7.170888478512505
7.4895000000000005,2,1,3,0,Suburban,South,1,1,Land-Home,2,150000,1300,3,202302,1.0586,23020242,2.307692307692308,7.170888478512505
7.4895000000000005,2,1,3,0,Suburban,West,1,1,Land-Home,2,110000,880,1,202302,1.0586,23020243,1.1363636363636362,6.78105762593618
5.075,2,1,3,0,Urban,Northeast,1,1,Land-Home,2,160000,1300,3,202302,1.0586,23020244,2.307692307692308,7.170888478512505
5.075,2,1,3,0,Urban,Northeast,1,1,Land-Home,2,180000,1700,3,202302,1.0586,23020245,1.7647058823529413,7.438971592395862
5.075,1,1,3,0,Urban,Northeast,1,1,Land-Home,2,180000,1300,1,202302,1.0586,23020246,0.7692307692307693,7.170888478512505
5.075,1,1,3,0,Urban,Northeast,1,1,Land-Home,2,180000,1600,3,202302,1.0586,23020247,1.875,7.3783837129967145
5.075,2,1,3,0,Rural,Northeast,1,1,Land-Home,2,160000,1700,3,202302,1.0586,23020248,1.7647058823529413,7.438971592395862
5.075,1,1,3,0,Urban,Northeast,1,1,Land-Home,2,150000,1400,1,202302,1.0586,23020249,0.7142857142857143,7.244941546337007
5.075,1,1,3,0,Urban,Northeast,1,1,Land-Home,2,170000,1500,1,202302,1.0586,23020250,0.6666666666666666,7.313886831633462
5.075,1,1,3,0,Urban,Northeast,1,1,Land-Home,2,110000,1500,3,202302,1.0586,23020251,2.0,7.313886831633462
5.075,1,1,3,0,Urban,Northeast,1,1,Land-Home,2,140000,1600,3,202302,1.0586,23020252,1.875,7.3783837129967145
5.075,2,1,3,0,Rural,Northeast,1,1,Land-Home,2,140000,1800,3,202302,1.0586,23020253,1.6666666666666667,7.496097345175956
5.075,1,1,3,0,Urban,Northeast,1,1,Land-Home,2,210000,1600,3,202302,1.0586,23020254,1.875,7.3783837129967145
23.107100000000003,2,1,3,0,Rural,South,1,1,Land-Home,2,180000,2000,3,202302,1.0586,23020255,1.5,7.601402334583733
23.107100000000003,2,1,3,0,Rural,South,1,2,Land-Home,2,160000,1600,3,202302,1.0586,23020256,1.875,7.3783837129967145
23.107100000000003,2,1,3,0,Rural,South,1,1,Land-Home,2,170000,1700,3,202302,1.0586,23020257,1.7647058823529413,7.438971592395862
23.107100000000003,1,1,3,0,Suburban,South,1,1,Land-Home,2,160000,1600,3,202302,1.0586,23020258,1.875,7.3783837129967145
23.107100000000003,2,1,3,0,Rural,South,1,1,Vehicle,2,100000,1400,3,202302,1.0586,23020259,2.142857142857143,7.244941546337007
23.107100000000003,2,1,3,0,Rural,South,1,1,Land-Home,2,160000,1600,3,202302,1.0586,23020260,1.875,7.3783837129967145
23.107100000000003,2,1,3,0,Suburban,South,1,1,Land-Home,2,200000,2300,3,202302,1.0586,23020261,1.3043478260869565,7.741099090035366
23.107100000000003,2,1,3,0,Rural,South,1,1,Vehicle,2,190000,2200,3,202302,1.0586,23020262,1.3636363636363638,7.696667081526462
23.107100000000003,2,1,3,0,Suburban,South,1,1,Land-Home,2,94000,2000,3,202302,1.0586,23020263,1.5,7.601402334583733
23.107100000000003,2,1,5,0,Suburban,South,1,1,Vehicle,2,100000,1600,3,202302,1.0586,23020264,1.875,7.3783837129967145
23.107100000000003,2,1,3,0,Rural,South,1,1,Land-Home,2,170000,1700,3,202302,1.0586,23020265,1.7647058823529413,7.438971592395862
23.107100000000003,1,1,3,0,Rural,South,1,1,Land-Home,2,92000,1700,3,202302,1.0586,23020266,1.7647058823529413,7.438971592395862
23.107100000000003,2,1,3,0,Rural,South,1,1,Vehicle,2,180000,2000,3,202302,1.0586,23020267,1.5,7.601402334583733
23.107100000000003,1,1,3,0,Rural,South,1,2,Land-Home,2,180000,1900,3,202302,1.0586,23020268,1.5789473684210527,7.550135342488429
23.107100000000003,2,1,3,0,Rural,South,1,1,Land-Home,2,170000,2200,3,202302,1.0586,23020269,1.3636363636363638,7.696667081526462
23.107100000000003,2,1,3,0,Suburban,South,1,1,Land-Home,2,170000,1700,3,202302,1.0586,23020270,1.7647058823529413,7.438971592395862
23.107100000000003,2,1,3,0,Suburban,South,1,1,Land-Home,2,240000,1600,3,202302,1.0586,23020271,1.875,7.3783837129967145
23.107100000000003,2,1,3,0,Rural,South,1,1,Land-Home,2,180000,1900,3,202302,1.0586,23020272,1.5789473684210527,7.550135342488429
23.107100000000003,2,1,3,0,Rural,South,1,1,Land-Home,2,180000,2000,3,202302,1.0586,23020273,1.5,7.601402334583733
23.107100000000003,2,1,3,0,Suburban,South,1,3,Land-Home,2,190000,2100,3,202302,1.0586,23020274,1.4285714285714286,7.650168700845001
6.5136,2,1,5,0,Rural,Midwest,1,3,Vehicle,2,210000,1600,3,202302,1.0586,23020275,1.875,7.3783837129967145
6.5136,1,1,3,0,Rural,Midwest,1,1,Land-Home,2,150000,1400,3,202302,1.0586,23020276,2.142857142857143,7.244941546337007
7.4895000000000005,1,1,1,0,Rural,West,0,0,Vehicle,2,300000,1700,3,202302,1.0586,23020277,1.7647058823529413,7.438971592395862
7.4895000000000005,1,1,1,0,Rural,West,0,0,Vehicle,2,180000,1400,3,202302,1.0586,23020278,2.142857142857143,7.244941546337007
7.4895000000000005,2,1,2,0,Rural,West,0,0,Vehicle,2,150000,2100,3,202302,1.0586,23020279,1.4285714285714286,7.650168700845001
7.4895000000000005,2,1,2,0,Rural,West,0,0,Land-Home,2,150000,1200,1,202302,1.0586,23020280,0.8333333333333334,7.0909098220799835
7.4895000000000005,1,1,2,0,Urban,West,0,0,Vehicle,2,160000,1600,3,202302,1.0586,23020281,1.875,7.3783837129967145
7.4895000000000005,2,1,1,0,Rural,West,0,0,Vehicle,2,180000,1500,3,202302,1.0586,23020282,2.0,7.313886831633462
5.075,1,1,1,0,Urban,Northeast,0,0,Land-Home,2,310000,1800,1,202302,1.0586,23020285,0.5555555555555556,7.496097345175956
5.075,1,1,2,0,Urban,Northeast,0,0,Land-Home,2,180000,1500,1,202302,1.0586,23020287,0.6666666666666666,7.313886831633462
5.075,1,1,1,0,Urban,Northeast,0,0,Land-Home,2,310000,1800,1,202302,1.0586,23020288,0.5555555555555556,7.496097345175956
23.107100000000003,2,1,1,0,Urban,South,0,0,Land-Home,2,150000,1100,3,202302,1.0586,23020289,2.7272727272727275,7.00397413672268
6.5136,2,1,2,0,Urban,Midwest,0,0,Land-Home,2,260000,2000,1,202302,1.0586,23020290,0.5,7.601402334583733
6.5136,2,1,1,0,Urban,Midwest,0,0,Land-Home,2,160000,1500,3,202302,1.0586,23020291,2.0,7.313886831633462
6.5136,2,1,1,0,Urban,Midwest,0,0,Other,2,170000,1700,3,202302,1.0586,23020292,1.7647058823529413,7.438971592395862
6.5136,2,1,2,0,Rural,Midwest,0,0,Land-Home,2,130000,1600,3,202302,1.0586,23020293,1.875,7.3783837129967145
6.5136,2,1,1,0,Urban,Midwest,0,0,Land-Home,2,140000,1500,3,202302,1.0586,23020294,2.0,7.313886831633462
7.4895000000000005,2,1,1,0,Urban,Midwest,0,0,Vehicle,2,150000,1300,3,202302,1.0586,23020295,2.307692307692308,7.170888478512505
6.5136,2,1,1,0,Rural,Midwest,0,0,Land-Home,2,150000,1800,3,202302,1.0586,23020296,1.6666666666666667,7.496097345175956
6.5136,2,1,1,0,Rural,Midwest,0,0,Other,2,140000,1500,3,202302,1.0586,23020297,2.0,7.313886831633462
5.075,2,1,1,0,Urban,Northeast,0,0,Land-Home,2,170000,1700,3,202302,1.0586,23020298,1.7647058823529413,7.438971592395862
5.075,2,1,1,0,Urban,Northeast,0,0,Land-Home,2,160000,1500,1,202302,1.0586,23020299,0.6666666666666666,7.313886831633462
5.075,1,1,1,0,Urban,Northeast,0,0,Land-Home,2,150000,1300,3,202302,1.0586,23020300,2.307692307692308,7.170888478512505
5.075,1,1,1,0,Urban,Northeast,0,0,Land-Home,2,160000,1600,3,202302,1.0586,23020301,1.875,7.3783837129967145
6.5136,1,1,2,0,Urban,Midwest,0,0,Vehicle,2,110000,1400,3,202302,1.0586,23020303,2.142857142857143,7.244941546337007
6.5136,2,1,2,0,Rural,Midwest,0,0,Land-Home,2,200000,1600,3,202302,1.0586,23020304,1.875,7.3783837129967145
23.107100000000003,2,1,1,0,Suburban,South,0,0,Land-Home,2,170000,1700,3,202302,1.0586,23020305,1.7647058823529413,7.438971592395862
7.4895000000000005,2,1,1,0,Suburban,West,0,0,Land-Home,2,140000,1200,3,202302,1.0586,23020306,2.5,7.0909098220799835
7.4895000000000005,2,1,1,0,Suburban,West,0,0,Land-Home,2,130000,1200,1,202302,1.0586,23020307,0.8333333333333334,7.0909098220799835
5.075,2,1,1,0,Urban,Northeast,0,0,Land-Home,2,170000,1700,3,202302,1.0586,23020309,1.7647058823529413,7.438971592395862
5.075,2,1,2,0,Urban,Northeast,0,0,Land-Home,2,310000,1700,3,202302,1.0586,23020310,1.7647058823529413,7.438971592395862
5.075,1,1,2,0,Urban,Northeast,0,0,Other,2,140000,950,3,202302,1.0586,23020311,3.1578947368421053,6.85751406254539
23.107100000000003,2,1,2,0,Suburban,South,0,0,Land-Home,2,240000,2100,3,202302,1.0586,23020312,1.4285714285714286,7.650168700845001
23.107100000000003,2,1,1,0,Rural,South,0,0,Land-Home,2,160000,1600,3,202302,1.0586,23020313,1.875,7.3783837129967145
23.107100000000003,2,1,1,0,Rural,South,0,0,Vehicle,2,200000,1700,3,202302,1.0586,23020314,1.7647058823529413,7.438971592395862
6.5136,2,1,1,0,Rural,Midwest,0,0,Land-Home,2,160000,1600,3,202302,1.0586,23020315,1.875,7.3783837129967145
7.4895000000000005,2,2,9,0,,West,9,9,,2,180000,1500,3,202302,1.0586,23020316,2.0,7.313886831633462
7.4895000000000005,2,2,9,0,,West,9,9,,2,190000,2300,3,202302,1.0586,23020317,1.3043478260869565,7.741099090035366
7.4895000000000005,1,2,9,0,,West,9,9,,2,140000,1900,3,202302,1.0586,23020318,1.5789473684210527,7.550135342488429
7.4895000000000005,1,2,9,0,,West,9,9,,2,160000,1600,3,202302,1.0586,23020319,1.875,7.3783837129967145
23.107100000000003,1,2,9,0,,South,9,9,,2,160000,1500,3,202302,1.0586,23020320,2.0,7.313886831633462
23.107100000000003,1,2,9,0,,South,9,9,,2,190000,1100,1,202302,1.0586,23020321,0.9090909090909091,7.00397413672268
23.107100000000003,1,2,9,0,,South,9,9,,2,99000,1100,3,202302,1.0586,23020322,2.7272727272727275,7.00397413672268
23.107100000000003,1,2,9,0,,South,9,9,,2,160000,1600,3,202302,1.0586,23020323,1.875,7.3783837129967145
23.107100000000003,1,2,9,0,,South,9,9,,2,160000,1600,3,202302,1.0586,23020324,1.875,7.3783837129967145
23.107100000000003,2,2,9,0,,South,9,9,,2,170000,1700,3,202302,1.0586,23020325,1.7647058823529413,7.438971592395862
15.404800000000002,2,2,9,0,,,9,9,,3,220000,2900,3,202302,1.0586,23020326,1.0344827586206897,7.972810784121404
23.107100000000003,2,2,9,0,,South,9,9,,2,170000,1800,3,202302,1.0586,23020327,1.6666666666666667,7.496097345175956
23.107100000000003,1,2,9,0,,South,9,9,,2,78000,1100,3,202302,1.0586,23020328,2.7272727272727275,7.00397413672268
23.107100000000003,1,2,9,0,,South,9,9,,2,150000,1600,3,202302,1.0586,23020329,1.875,7.3783837129967145
23.107100000000003,1,2,9,0,,South,9,9,,2,78000,1100,3,202302,1.0586,23020330,2.7272727272727275,7.00397413672268
7.4895000000000005,2,2,9,0,,West,9,9,,2,160000,1500,3,202302,1.0586,23020331,2.0,7.313886831633462
7.4895000000000005,1,2,9,0,,West,9,9,,2,190000,1600,3,202302,1.0586,23020332,1.875,7.3783837129967145
6.5136,1,2,9,0,,Midwest,9,9,,2,160000,1600,3,202302,1.0586,23020333,1.875,7.3783837129967145
23.107100000000003,1,2,9,0,,South,9,9,,2,170000,2200,3,202302,1.0586,23020334,1.3636363636363638,7.696667081526462
23.107100000000003,1,2,9,0,,South,9,9,,2,170000,1800,3,202302,1.0586,23020335,1.6666666666666667,7.496097345175956
7.4895000000000005,2,2,9,0,,West,9,9,,2,190000,1000,1,202302,1.0586,23020336,1.0,6.90875477931522
23.107100000000003,2,2,9,0,,South,9,9,,2,210000,2500,3,202302,1.0586,23020337,1.2,7.824445930877619
23.107100000000003,1,2,9,0,,South,9,9,,2,170000,1700,3,202302,1.0586,23020338,1.7647058823529413,7.438971592395862
23.107100000000003,1,2,9,0,,South,9,9,,2,140000,1700,3,202302,1.0586,23020339,1.7647058823529413,7.438971592395862
23.107100000000003,1,2,9,0,,South,9,9,,2,170000,2500,3,202302,1.0586,23020340,1.2,7.824445930877619
7.4895000000000005,2,2,9,0,,West,9,9,,2,140000,1100,1,202302,1.0586,23020341,0.9090909090909091,7.00397413672268
23.107100000000003,1,2,9,0,,South,9,9,,2,92000,2200,3,202302,1.0586,23020342,1.3636363636363638,7.696667081526462
23.107100000000003,1,2,9,0,,South,9,9,,2,200000,2300,3,202302,1.0586,23020343,1.3043478260869565,7.741099090035366
23.107100000000003,1,2,9,0,,South,9,9,,2,180000,1900,3,202302,1.0586,23020344,1.5789473684210527,7.550135342488429
5.075,1,2,9,0,,Northeast,9,9,,2,160000,1500,3,202302,1.0586,23020345,2.0,7.313886831633462
23.107100000000003,2,2,9,0,,South,9,9,,2,130000,2100,3,202302,1.0586,23020346,1.4285714285714286,7.650168700845001
6.5136,1,2,9,0,,Midwest,9,9,,2,160000,1600,3,202302,1.0586,23020347,1.875,7.3783837129967145
23.107100000000003,1,2,9,0,,South,9,9,,2,160000,1600,3,202302,1.0586,23020348,1.875,7.3783837129967145
23.107100000000003,1,2,9,0,,South,9,9,,2,110000,1700,3,202302,1.0586,23020349,1.7647058823529413,7.438971592395862
23.107100000000003,1,2,9,0,,South,9,9,,2,180000,2000,3,202302,1.0586,23020350,1.5,7.601402334583733
23.107100000000003,1,2,9,0,,South,9,9,,2,130000,1500,3,202302,1.0586,23020351,2.0,7.313886831633462
5.075,1,2,9,0,,Northeast,9,9,,2,170000,1800,3,202302,1.0586,23020352,1.6666666666666667,7.496097345175956
7.4895000000000005,1,2,9,0,,West,9,9,,2,130000,880,1,202302,1.0586,23020353,1.1363636363636362,6.78105762593618
23.107100000000003,1,2,9,0,,South,9,9,,2,180000,2000,3,202302,1.0586,23020354,1.5,7.601402334583733
7.4895000000000005,2,2,9,0,,West,9,9,,2,160000,2000,3,202302,1.0586,23020355,1.5,7.601402334583733
7.4895000000000005,1,2,9,0,,West,9,9,,2,150000,1500,3,202302,1.0586,23020356,2.0,7.313886831633462
7.4895000000000005,1,2,9,0,,West,9,9,,2,200000,880,1,202302,1.0586,23020357,1.1363636363636362,6.78105762593618
5.075,1,2,9,0,,Northeast,9,9,,2,180000,1500,3,202302,1.0586,23020358,2.0,7.313886831633462
23.107100000000003,1,2,9,0,,South,9,9,,2,160000,1500,3,202302,1.0586,23020359,2.0,7.313886831633462
7.4895000000000005,1,2,9,0,,West,9,9,,2,300000,1100,1,202302,1.0586,23020360,0.9090909090909091,7.00397413672268
23.107100000000003,1,2,9,0,,South,9,9,,2,78000,1600,3,202302,1.0586,23020361,1.875,7.3783837129967145
23.107100000000003,1,2,9,0,,South,9,9,,2,130000,2000,3,202302,1.0586,23020362,1.5,7.601402334583733
6.5136,1,2,9,0,,South,9,9,,2,170000,1300,3,202302,1.0586,23020363,2.307692307692308,7.170888478512505
23.107100000000003,1,2,9,0,,South,9,9,,2,170000,1800,3,202302,1.0586,23020364,1.6666666666666667,7.496097345175956
7.4895000000000005,1,2,9,0,,West,9,9,,2,150000,1300,3,202302,1.0586,23020365,2.307692307692308,7.170888478512505
6.5136,1,2,9,0,,Midwest,9,9,,2,140000,1600,3,202302,1.0586,23020366,1.875,7.3783837129967145
6.5136,1,2,9,0,,Midwest,9,9,,2,110000,1400,3,202302,1.0586,23020367,2.142857142857143,7.244941546337007
23.107100000000003,1,2,9,0,,South,9,9,,2,110000,1900,3,202302,1.0586,23020368,1.5789473684210527,7.550135342488429
5.075,1,2,9,0,,Northeast,9,9,,2,170000,1700,3,202302,1.0586,23020369,1.7647058823529413,7.438971592395862
7.4895000000000005,1,2,9,0,,West,9,9,,2,120000,1200,3,202302,1.0586,23020370,2.5,7.0909098220799835
23.107100000000003,1,2,9,0,,South,9,9,,2,160000,1600,3,202302,1.0586,23020371,1.875,7.3783837129967145
7.4895000000000005,1,2,9,0,,West,9,9,,2,190000,1400,3,202302,1.0586,23020372,2.142857142857143,7.244941546337007
5.075,1,2,9,0,,Northeast,9,9,,2,190000,1700,3,202302,1.0586,23020373,1.7647058823529413,7.438971592395862
6.5136,1,2,9,0,,Midwest,9,9,,2,150000,1800,3,202302,1.0586,23020374,1.6666666666666667,7.496097345175956
6.5136,1,2,9,0,,Midwest,9,9,,2,110000,1300,3,202302,1.0586,23020375,2.307692307692308,7.170888478512505
6.5136,1,2,9,0,,Midwest,9,9,,2,210000,1800,3,202302,1.0586,23020376,1.6666666666666667,7.496097345175956
5.075,2,2,9,0,,Northeast,9,9,,2,160000,1500,3,202302,1.0586,23020377,2.0,7.313886831633462
5.075,1,2,9,0,,Northeast,9,9,,2,130000,1300,3,202302,1.0586,23020378,2.307692307692308,7.170888478512505
5.075,1,2,9,0,,Northeast,9,9,,2,120000,1500,3,202302,1.0586,23020379,2.0,7.313886831633462
23.107100000000003,1,2,9,0,,South,9,9,,2,190000,2100,3,202302,1.0586,23020380,1.4285714285714286,7.650168700845001
5.075,1,2,9,0,,Northeast,9,9,,2,93000,1600,3,202302,1.0586,23020381,1.875,7.3783837129967145
5.075,1,2,9,0,,Northeast,9,9,,2,110000,1500,3,202302,1.0586,23020382,2.0,7.313886831633462
5.075,1,2,9,0,,Northeast,9,9,,2,130000,1500,3,202302,1.0586,23020383,2.0,7.313886831633462
5.075,1,2,9,0,,Northeast,9,9,,2,150000,1300,3,202302,1.0586,23020384,2.307692307692308,7.170888478512505
5.075,1,2,9,0,,Northeast,9,9,,2,130000,1700,3,202302,1.0586,23020385,1.7647058823529413,7.438971592395862
6.5136,1,2,9,0,,Midwest,9,9,,2,170000,1900,3,202302,1.0586,23020386,1.5789473684210527,7.550135342488429
23.107100000000003,1,2,9,0,,South,9,9,,2,140000,2000,3,202302,1.0586,23020387,1.5,7.601402334583733
23.107100000000003,1,2,9,0,,South,9,9,,2,110000,1700,3,202302,1.0586,23020388,1.7647058823529413,7.438971592395862
23.107100000000003,1,2,9,0,,South,9,9,,2,180000,1600,3,202302,1.0586,23020389,1.875,7.3783837129967145
23.107100000000003,1,2,9,0,,South,9,9,,2,78000,1600,3,202302,1.0586,23020390,1.875,7.3783837129967145
6.5136,1,2,9,0,,Midwest,9,9,,2,170000,1700,3,202302,1.0586,23020391,1.7647058823529413,7.438971592395862
23.107100000000003,1,2,9,0,,South,9,9,,2,180000,2000,3,202302,1.0586,23020392,1.5,7.601402334583733
6.5136,1,2,9,0,,Midwest,9,9,,2,150000,1300,3,202302,1.0586,23020393,2.307692307692308,7.170888478512505
23.107100000000003,1,2,9,0,,South,9,9,,2,200000,2500,3,202302,1.0586,23020394,1.2,7.824445930877619
6.5136,1,2,9,0,,Midwest,9,9,,2,170000,1500,3,202302,1.0586,23020396,2.0,7.313886831633462
54.800000000000004,2,1,3,0,Suburban,South,1,1,Land-Home,1,97000,1200,3,202303,1.0123,23030001,2.5,7.0909098220799835
54.800000000000004,2,1,5,0,Suburban,South,1,3,Land-Home,1,78000,650,1,202303,1.0123,23030002,1.5384615384615385,6.478509642208569
19.6842,2,1,3,0,Rural,West,3,1,Land-Home,1,97000,1300,1,202303,1.0123,23030003,0.7692307692307693,7.170888478512505
19.6842,1,1,5,0,Urban,West,3,1,Land-Home,1,65000,670,1,202303,1.0123,23030004,1.492537313432836,6.508769136971682
19.6842,1,1,5,0,Urban,West,3,1,Land-Home,1,65000,670,1,202303,1.0123,23030005,1.492537313432836,6.508769136971682
19.6842,2,1,4,0,Rural,West,3,2,Land-Home,1,89000,1000,1,202303,1.0123,23030007,1.0,6.90875477931522
19.6842,2,1,5,0,Urban,West,3,3,Land-Home,1,70000,540,1,202303,1.0123,23030008,1.8518518518518519,6.293419278846481
19.6842,2,1,3,0,Suburban,West,1,1,Land-Home,1,160000,730,1,202303,1.0123,23030009,1.36986301369863,6.594413459749778
19.6842,2,1,3,0,Urban,West,1,2,Vehicle,1,89000,1200,3,202303,1.0123,23030012,2.5,7.0909098220799835
54.800000000000004,2,1,4,0,Urban,South,1,1,Vehicle,1,82000,840,1,202303,1.0123,23030013,1.1904761904761907,6.734591659972948
54.800000000000004,2,1,4,0,Rural,South,1,1,Land-Home,1,87000,960,1,202303,1.0123,23030014,1.0416666666666667,6.8679744089702925
11.945500000000001,1,1,3,0,Urban,Midwest,1,1,Land-Home,1,93000,1100,3,202303,1.0123,23030015,2.7272727272727275,7.00397413672268
11.945500000000001,1,1,4,0,Urban,Midwest,1,1,Vehicle,1,76000,1300,3,202303,1.0123,23030016,2.307692307692308,7.170888478512505
11.945500000000001,2,1,4,0,Urban,Midwest,1,1,Vehicle,1,97000,1200,3,202303,1.0123,23030017,2.5,7.0909098220799835
11.945500000000001,2,1,3,0,Urban,Midwest,1,1,Land-Home,1,87000,960,1,202303,1.0123,23030018,1.0416666666666667,6.8679744089702925
11.945500000000001,1,1,4,0,Urban,Midwest,1,1,Vehicle,1,76000,1300,3,202303,1.0123,23030019,2.307692307692308,7.170888478512505
11.945500000000001,2,1,3,0,Urban,Midwest,1,1,Land-Home,1,92000,1100,1,202303,1.0123,23030020,0.9090909090909091,7.00397413672268
11.945500000000001,2,1,5,0,Urban,Midwest,1,1,Land-Home,1,92000,1100,1,202303,1.0123,23030021,0.9090909090909091,7.00397413672268
19.6842,2,1,3,0,Urban,Midwest,1,1,Vehicle,1,98000,1200,1,202303,1.0123,23030022,0.8333333333333334,7.0909098220799835
11.833300000000001,2,1,3,0,Urban,Midwest,1,1,Land-Home,1,94000,1200,1,202303,1.0123,23030024,0.8333333333333334,7.0909098220799835
11.945500000000001,2,1,3,0,Urban,Midwest,1,1,Land-Home,1,92000,1100,1,202303,1.0123,23030025,0.9090909090909091,7.00397413672268
19.6842,2,1,3,0,Urban,Midwest,1,1,Vehicle,1,90000,1100,3,202303,1.0123,23030026,2.7272727272727275,7.00397413672268
11.945500000000001,1,1,3,0,Urban,Midwest,1,1,Vehicle,1,73000,670,1,202303,1.0123,23030027,1.492537313432836,6.508769136971682
11.945500000000001,1,1,3,0,Urban,Midwest,1,1,Vehicle,1,120000,1100,3,202303,1.0123,23030028,2.7272727272727275,7.00397413672268
11.945500000000001,2,1,3,0,Urban,Midwest,1,1,Land-Home,1,97000,1200,3,202303,1.0123,23030029,2.5,7.0909098220799835
54.800000000000004,2,1,3,0,Suburban,South,1,1,Land-Home,1,85000,920,3,202303,1.0123,23030030,3.260869565217391,6.825460036255307
54.800000000000004,2,1,4,0,Rural,South,1,1,Land-Home,1,91000,1100,3,202303,1.0123,23030031,2.7272727272727275,7.00397413672268
54.800000000000004,2,1,5,0,Rural,South,1,1,Land-Home,1,97000,1200,3,202303,1.0123,23030032,2.5,7.0909098220799835
54.800000000000004,2,1,3,0,Urban,South,1,1,Land-Home,1,47200,1100,3,202303,1.0123,23030033,2.7272727272727275,7.00397413672268
19.6842,2,1,3,0,Urban,Midwest,1,1,Vehicle,1,89000,1000,1,202303,1.0123,23030034,1.0,6.90875477931522
11.945500000000001,1,1,3,0,Urban,Midwest,1,1,Land-Home,1,75000,670,1,202303,1.0123,23030035,1.492537313432836,6.508769136971682
11.945500000000001,2,1,3,0,Urban,Midwest,1,1,Land-Home,1,83000,870,1,202303,1.0123,23030036,1.1494252873563218,6.769641976852503
11.945500000000001,2,1,3,0,Urban,Midwest,1,1,Land-Home,1,92000,1100,1,202303,1.0123,23030037,0.9090909090909091,7.00397413672268
11.945500000000001,2,1,3,0,Urban,Midwest,1,2,Land-Home,1,97000,1200,3,202303,1.0123,23030038,2.5,7.0909098220799835
11.945500000000001,1,1,3,0,Urban,Midwest,1,1,Land-Home,1,99000,1300,3,202303,1.0123,23030039,2.307692307692308,7.170888478512505
11.945500000000001,1,1,3,0,Urban,Midwest,1,1,Vehicle,1,53000,960,1,202303,1.0123,23030040,1.0416666666666667,6.8679744089702925
54.800000000000004,2,1,5,0,Rural,South,4,1,Land-Home,1,76000,1200,3,202303,1.0123,23030041,2.5,7.0909098220799835
11.945500000000001,1,1,3,0,Urban,Midwest,1,1,Land-Home,1,77000,1200,3,202303,1.0123,23030042,2.5,7.0909098220799835
11.945500000000001,1,1,3,0,Urban,Midwest,1,1,Land-Home,1,120000,1200,3,202303,1.0123,23030043,2.5,7.0909098220799835
11.945500000000001,2,1,3,0,Rural,Midwest,1,1,Land-Home,1,81000,1200,3,202303,1.0123,23030044,2.5,7.0909098220799835
11.945500000000001,1,1,3,0,Urban,Midwest,1,1,Land-Home,1,120000,1100,3,202303,1.0123,23030045,2.7272727272727275,7.00397413672268
19.6842,2,1,3,0,Rural,West,1,1,Land-Home,1,89000,1000,1,202303,1.0123,23030046,1.0,6.90875477931522
19.6842,2,1,5,0,Suburban,West,3,1,Land-Home,1,89000,1000,1,202303,1.0123,23030048,1.0,6.90875477931522
19.6842,1,1,3,0,Urban,West,1,1,Other,1,160000,1300,1,202303,1.0123,23030049,0.7692307692307693,7.170888478512505
19.6842,2,1,5,0,,West,1,1,Land-Home,1,80000,1200,3,202303,1.0123,23030050,2.5,7.0909098220799835
11.833300000000001,2,1,4,0,Rural,Northeast,1,1,Land-Home,1,85000,920,1,202303,1.0123,23030051,1.0869565217391304,6.825460036255307
11.833300000000001,2,1,3,0,Urban,Northeast,1,1,Land-Home,1,68000,730,1,202303,1.0123,23030052,1.36986301369863,6.594413459749778
11.833300000000001,2,1,4,0,Rural,Northeast,3,1,Other,1,80000,780,1,202303,1.0123,23030053,1.2820512820512822,6.660575149839686
11.833300000000001,1,1,3,0,Suburban,South,1,1,Land-Home,1,72000,650,3,202303,1.0123,23030054,4.615384615384616,6.478509642208569
54.800000000000004,2,1,3,0,Suburban,South,1,2,Vehicle,1,85000,920,1,202303,1.0123,23030055,1.0869565217391304,6.825460036255307
54.800000000000004,2,1,3,0,Suburban,South,1,1,Land-Home,1,97000,1200,3,202303,1.0123,23030056,2.5,7.0909098220799835
54.800000000000004,2,1,4,0,Urban,South,1,1,Land-Home,1,110000,1200,3,202303,1.0123,23030057,2.5,7.0909098220799835
11.945500000000001,2,1,3,0,Urban,Midwest,1,1,Land-Home,1,87000,960,1,202303,1.0123,23030058,1.0416666666666667,6.8679744089702925
11.945500000000001,1,1,3,0,Urban,Midwest,1,1,Land-Home,1,92000,1100,1,202303,1.0123,23030059,0.9090909090909091,7.00397413672268
11.945500000000001,2,1,3,0,Urban,Midwest,1,1,Land-Home,1,53000,670,1,202303,1.0123,23030060,1.492537313432836,6.508769136971682
11.945500000000001,2,1,4,0,Rural,Midwest,1,1,Land-Home,1,75000,1100,3,202303,1.0123,23030061,2.7272727272727275,7.00397413672268
11.945500000000001,2,1,3,0,Urban,Midwest,1,1,Land-Home,1,92000,1100,1,202303,1.0123,23030062,0.9090909090909091,7.00397413672268
54.800000000000004,2,1,3,0,Suburban,South,1,3,Land-Home,1,60000,1200,1,202303,1.0123,23030063,0.8333333333333334,7.0909098220799835
11.833300000000001,1,1,3,0,Urban,Northeast,1,1,Land-Home,1,120000,1200,1,202303,1.0123,23030064,0.8333333333333334,7.0909098220799835
11.833300000000001,1,1,3,0,Urban,Northeast,1,1,Land-Home,1,130000,980,3,202303,1.0123,23030065,3.061224489795918,6.8885724595653635
11.833300000000001,2,1,3,0,Rural,Northeast,1,2,Land-Home,1,100000,1100,3,202303,1.0123,23030066,2.7272727272727275,7.00397413672268
11.833300000000001,1,1,3,0,Urban,Northeast,1,1,Land-Home,1,100000,920,1,202303,1.0123,23030067,1.0869565217391304,6.825460036255307
54.800000000000004,2,1,3,0,Suburban,South,1,1,Land-Home,1,47200,840,1,202303,1.0123,23030068,1.1904761904761907,6.734591659972948
54.800000000000004,2,1,3,0,Rural,South,1,2,Land-Home,1,87000,960,1,202303,1.0123,23030069,1.0416666666666667,6.8679744089702925
54.800000000000004,1,1,3,0,Rural,South,1,2,Vehicle,1,85000,920,3,202303,1.0123,23030070,3.260869565217391,6.825460036255307
54.800000000000004,2,1,3,0,Rural,South,1,2,Land-Home,1,59000,840,1,202303,1.0123,23030071,1.1904761904761907,6.734591659972948
54.800000000000004,2,1,3,0,Rural,South,1,1,Land-Home,1,97000,1200,3,202303,1.0123,23030072,2.5,7.0909098220799835
54.800000000000004,2,1,3,0,Suburban,South,1,1,Land-Home,1,64000,1100,3,202303,1.0123,23030073,2.7272727272727275,7.00397413672268
54.800000000000004,2,1,3,0,Suburban,South,1,1,Land-Home,1,70000,1100,3,202303,1.0123,23030074,2.7272727272727275,7.00397413672268
54.800000000000004,2,1,3,0,Rural,South,1,2,Land-Home,1,91000,1100,3,202303,1.0123,23030075,2.7272727272727275,7.00397413672268
54.800000000000004,2,1,3,0,Rural,South,1,1,Land-Home,1,92000,1100,3,202303,1.0123,23030076,2.7272727272727275,7.00397413672268
54.800000000000004,2,1,5,0,Rural,South,1,1,Land-Home,1,94000,1200,1,202303,1.0123,23030077,0.8333333333333334,7.0909098220799835
54.800000000000004,2,1,3,0,Rural,South,1,2,Land-Home,1,77000,840,1,202303,1.0123,23030078,1.1904761904761907,6.734591659972948
54.800000000000004,2,1,3,0,Urban,South,1,1,Land-Home,1,82000,840,1,202303,1.0123,23030079,1.1904761904761907,6.734591659972948
19.6842,1,1,2,0,Rural,West,0,0,Land-Home,1,75000,670,1,202303,1.0123,23030080,1.492537313432836,6.508769136971682
19.6842,2,1,2,0,Rural,West,0,0,Vehicle,1,120000,990,1,202303,1.0123,23030081,1.0101010101010102,6.898714534329988
11.833300000000001,1,1,1,0,Urban,Northeast,0,0,Vehicle,1,120000,760,1,202303,1.0123,23030082,1.3157894736842104,6.634633357861686
11.833300000000001,1,1,1,0,Urban,Northeast,0,0,Vehicle,1,120000,700,1,202303,1.0123,23030083,1.4285714285714286,6.55250788703459
11.833300000000001,2,1,1,0,Urban,Northeast,0,0,Land-Home,1,88000,980,1,202303,1.0123,23030084,1.0204081632653061,6.8885724595653635
11.945500000000001,2,1,1,0,Urban,Midwest,0,0,Land-Home,1,71000,960,1,202303,1.0123,23030086,1.0416666666666667,6.8679744089702925
11.945500000000001,1,1,1,0,Urban,Midwest,0,0,Other,1,53000,870,1,202303,1.0123,23030087,1.1494252873563218,6.769641976852503
11.945500000000001,1,1,1,0,Rural,Midwest,0,0,Vehicle,1,97000,1200,3,202303,1.0123,23030088,2.5,7.0909098220799835
11.945500000000001,1,1,1,0,Urban,Midwest,0,0,Vehicle,1,88000,1200,3,202303,1.0123,23030089,2.5,7.0909098220799835
19.6842,2,1,1,0,Urban,Midwest,0,0,Vehicle,1,92000,1100,1,202303,1.0123,23030090,0.9090909090909091,7.00397413672268
11.945500000000001,2,1,1,0,Urban,Midwest,0,0,Land-Home,1,97000,1200,3,202303,1.0123,23030091,2.5,7.0909098220799835
11.945500000000001,2,1,1,0,Urban,Midwest,0,0,Vehicle,1,82000,840,1,202303,1.0123,23030092,1.1904761904761907,6.734591659972948
11.945500000000001,2,1,1,0,Rural,Midwest,0,0,Land-Home,1,97000,1200,3,202303,1.0123,23030093,2.5,7.0909098220799835
11.833300000000001,2,1,1,0,Urban,Northeast,0,0,Vehicle,1,82000,840,1,202303,1.0123,23030094,1.1904761904761907,6.734591659972948
11.833300000000001,1,1,1,0,Urban,Northeast,0,0,Land-Home,1,97000,1200,1,202303,1.0123,23030095,0.8333333333333334,7.0909098220799835
11.833300000000001,1,1,2,0,Urban,Northeast,0,0,Land-Home,1,87000,980,3,202303,1.0123,23030096,3.061224489795918,6.8885724595653635
11.833300000000001,2,1,2,0,Urban,Northeast,0,0,Land-Home,1,78000,730,1,202303,1.0123,23030097,1.36986301369863,6.594413459749778
11.945500000000001,1,1,1,0,Urban,Midwest,0,0,Land-Home,1,92000,1100,1,202303,1.0123,23030098,0.9090909090909091,7.00397413672268
11.945500000000001,2,1,2,0,Urban,Midwest,0,0,Land-Home,1,85000,1200,3,202303,1.0123,23030099,2.5,7.0909098220799835
11.945500000000001,2,1,1,0,Urban,Midwest,0,0,Vehicle,1,99000,1300,3,202303,1.0123,23030100,2.307692307692308,7.170888478512505
11.945500000000001,1,1,1,0,Suburban,Midwest,0,0,Land-Home,1,97000,1200,3,202303,1.0123,23030101,2.5,7.0909098220799835
11.833300000000001,1,1,2,0,Urban,Northeast,0,0,Land-Home,1,80000,780,1,202303,1.0123,23030102,1.2820512820512822,6.660575149839686
11.833300000000001,1,1,1,0,Urban,Northeast,0,0,Land-Home,1,140000,840,1,202303,1.0123,23030103,1.1904761904761907,6.734591659972948
54.800000000000004,2,1,1,0,Rural,South,0,0,Vehicle,1,82000,840,1,202303,1.0123,23030104,1.1904761904761907,6.734591659972948
11.945500000000001,1,1,1,0,Rural,Midwest,0,0,Vehicle,1,97000,1200,3,202303,1.0123,23030105,2.5,7.0909098220799835
54.800000000000004,1,2,9,0,,South,9,9,,1,99000,650,1,202303,1.0123,23030106,1.5384615384615385,6.478509642208569
19.6842,2,2,9,0,,West,9,9,,1,97000,1200,3,202303,1.0123,23030107,2.5,7.0909098220799835
11.945500000000001,1,2,9,0,,Midwest,9,9,,1,92000,1100,1,202303,1.0123,23030108,0.9090909090909091,7.00397413672268
11.945500000000001,1,2,9,0,,Midwest,9,9,,1,82000,1200,1,202303,1.0123,23030109,0.8333333333333334,7.0909098220799835
11.945500000000001,1,2,9,0,,Midwest,9,9,,1,92000,1100,1,202303,1.0123,23030110,0.9090909090909091,7.00397413672268
19.6842,2,2,9,0,,West,9,9,,1,89000,540,1,202303,1.0123,23030111,1.8518518518518519,6.293419278846481
54.800000000000004,2,2,9,0,,South,9,9,,1,85000,920,1,202303,1.0123,23030112,1.0869565217391304,6.825460036255307
19.6842,2,2,9,0,,West,9,9,,1,97000,1200,3,202303,1.0123,23030113,2.5,7.0909098220799835
54.800000000000004,1,2,9,0,,South,9,9,,1,91000,1100,3,202303,1.0123,23030114,2.7272727272727275,7.00397413672268
11.945500000000001,1,2,9,0,,Midwest,9,9,,1,97000,1200,3,202303,1.0123,23030115,2.5,7.0909098220799835
11.945500000000001,1,2,9,0,,Midwest,9,9,,1,80000,1100,3,202303,1.0123,23030116,2.7272727272727275,7.00397413672268
54.800000000000004,1,2,9,0,,South,9,9,,1,72000,1200,3,202303,1.0123,23030117,2.5,7.0909098220799835
11.945500000000001,1,2,9,0,,Midwest,9,9,,1,100000,1200,1,202303,1.0123,23030118,0.8333333333333334,7.0909098220799835
11.945500000000001,1,2,9,0,,Midwest,9,9,,1,53000,1000,3,202303,1.0123,23030119,3.0,6.90875477931522
54.800000000000004,1,2,9,0,,South,9,9,,1,94000,1200,3,202303,1.0123,23030120,2.5,7.0909098220799835
54.800000000000004,2,2,9,0,,South,9,9,,1,96000,1200,3,202303,1.0123,23030121,2.5,7.0909098220799835
11.945500000000001,1,2,9,0,,Midwest,9,9,,1,120000,830,1,202303,1.0123,23030122,1.2048192771084338,6.7226297948554485
11.945500000000001,1,2,9,0,,Midwest,9,9,,1,97000,1200,1,202303,1.0123,23030123,0.8333333333333334,7.0909098220799835
11.833300000000001,1,2,9,0,,Northeast,9,9,,1,80000,900,1,202303,1.0123,23030124,1.1111111111111112,6.803505257608338
11.833300000000001,1,2,9,0,,Northeast,9,9,,1,180000,920,1,202303,1.0123,23030125,1.0869565217391304,6.825460036255307
11.833300000000001,1,2,9,0,,Northeast,9,9,,1,100000,1200,3,202303,1.0123,23030126,2.5,7.0909098220799835
54.800000000000004,1,2,9,0,,South,9,9,,1,87000,960,1,202303,1.0123,23030127,1.0416666666666667,6.8679744089702925
54.800000000000004,1,2,9,0,,South,9,9,,1,47200,840,1,202303,1.0123,23030128,1.1904761904761907,6.734591659972948
11.945500000000001,1,2,9,0,,Midwest,9,9,,1,61000,840,1,202303,1.0123,23030129,1.1904761904761907,6.734591659972948
54.800000000000004,1,2,9,0,,South,9,9,,1,75000,960,1,202303,1.0123,23030130,1.0416666666666667,6.8679744089702925
11.945500000000001,1,2,9,0,,Midwest,9,9,,1,82000,830,1,202303,1.0123,23030131,1.2048192771084338,6.7226297948554485
54.800000000000004,1,2,9,0,,South,9,9,,1,47200,650,1,202303,1.0123,23030132,1.5384615384615385,6.478509642208569
18.2667,2,1,3,0,Suburban,,1,1,Vehicle,3,210000,3200,3,202303,1.0429,23030134,0.9375,8.071218539969863
27.400000000000002,2,1,3,0,Suburban,South,1,1,Vehicle,2,160000,1700,3,202303,1.0429,23030135,1.7647058823529413,7.438971592395862
27.400000000000002,2,1,5,0,Rural,South,1,1,Land-Home,2,110000,1600,3,202303,1.0429,23030136,1.875,7.3783837129967145
27.400000000000002,2,1,4,0,Rural,South,1,2,Land-Home,2,140000,2200,3,202303,1.0429,23030137,1.3636363636363638,7.696667081526462
27.400000000000002,2,1,4,0,Rural,South,1,1,Land-Home,2,130000,2200,3,202303,1.0429,23030138,1.3636363636363638,7.696667081526462
27.400000000000002,2,1,5,0,Rural,South,1,1,Land-Home,2,180000,2200,3,202303,1.0429,23030139,1.3636363636363638,7.696667081526462
27.400000000000002,2,1,3,0,Suburban,South,1,1,Land-Home,2,140000,2200,3,202303,1.0429,23030140,1.3636363636363638,7.696667081526462
27.400000000000002,2,1,5,0,Rural,South,1,3,Land-Home,2,130000,2200,3,202303,1.0429,23030141,1.3636363636363638,7.696667081526462
9.8421,2,1,3,0,Suburban,West,3,1,Land-Home,2,180000,1500,1,202303,1.0429,23030142,0.6666666666666666,7.313886831633462
9.8421,2,1,3,0,Rural,West,1,1,Vehicle,2,230000,1300,1,202303,1.0429,23030143,0.7692307692307693,7.170888478512505
9.8421,2,1,3,0,Rural,West,1,1,Land-Home,2,150000,1600,3,202303,1.0429,23030144,1.875,7.3783837129967145
9.8421,2,1,3,0,Rural,West,1,1,Vehicle,2,150000,1500,3,202303,1.0429,23030145,2.0,7.313886831633462
9.8421,2,1,3,0,Urban,West,1,1,Land-Home,2,170000,2100,3,202303,1.0429,23030146,1.4285714285714286,7.650168700845001
9.8421,2,1,3,0,Suburban,West,1,1,Land-Home,2,120000,1500,3,202303,1.0429,23030147,2.0,7.313886831633462
9.8421,2,1,3,0,Suburban,West,1,1,Land-Home,2,130000,1200,3,202303,1.0429,23030148,2.5,7.0909098220799835
9.8421,2,1,3,0,Suburban,West,1,1,Land-Home,2,240000,2000,3,202303,1.0429,23030149,1.5,7.601402334583733
9.8421,2,1,3,0,Suburban,West,1,1,Land-Home,2,140000,2000,3,202303,1.0429,23030151,1.5,7.601402334583733
9.8421,1,1,3,0,Urban,West,1,1,Land-Home,2,170000,1200,1,202303,1.0429,23030152,0.8333333333333334,7.0909098220799835
9.8421,2,1,5,0,Suburban,West,4,3,Land-Home,2,130000,1300,3,202303,1.0429,23030153,2.307692307692308,7.170888478512505
9.8421,2,1,5,0,Suburban,West,4,3,Land-Home,2,130000,1200,1,202303,1.0429,23030154,0.8333333333333334,7.0909098220799835
9.8421,2,1,3,0,Suburban,West,1,1,Land-Home,2,190000,1700,3,202303,1.0429,23030155,1.7647058823529413,7.438971592395862
27.400000000000002,2,1,3,0,Rural,South,1,1,Land-Home,2,150000,1600,3,202303,1.0429,23030156,1.875,7.3783837129967145
5.972700000000001,2,1,3,0,Rural,South,1,1,Land-Home,2,160000,2100,3,202303,1.0429,23030157,1.4285714285714286,7.650168700845001
9.8421,2,1,4,0,Urban,West,3,1,Land-Home,2,160000,1600,3,202303,1.0429,23030158,1.875,7.3783837129967145
9.8421,2,1,5,0,Urban,West,3,1,Land-Home,2,150000,1500,3,202303,1.0429,23030159,2.0,7.313886831633462
9.8421,2,1,5,0,Urban,West,3,3,Land-Home,2,150000,1500,3,202303,1.0429,23030160,2.0,7.313886831633462
9.8421,2,1,4,0,Urban,West,3,3,Vehicle,2,150000,1500,3,202303,1.0429,23030161,2.0,7.313886831633462
9.8421,2,1,4,0,Urban,West,3,1,Land-Home,2,140000,1300,1,202303,1.0429,23030162,0.7692307692307693,7.170888478512505
9.8421,2,1,3,0,Urban,West,3,3,Land-Home,2,150000,1500,3,202303,1.0429,23030163,2.0,7.313886831633462
9.8421,2,1,5,0,Urban,West,3,3,Land-Home,2,150000,1500,1,202303,1.0429,23030164,0.6666666666666666,7.313886831633462
9.8421,2,1,5,0,Urban,West,3,1,Land-Home,2,150000,1500,3,202303,1.0429,23030165,2.0,7.313886831633462
5.972700000000001,2,1,3,0,Urban,West,3,1,Land-Home,2,160000,1600,3,202303,1.0429,23030166,1.875,7.3783837129967145
5.9167000000000005,2,1,3,0,Urban,Northeast,1,1,Land-Home,2,110000,950,1,202303,1.0429,23030167,1.0526315789473684,6.85751406254539
27.400000000000002,2,1,3,0,,South,1,1,Land-Home,2,150000,1500,3,202303,1.0429,23030168,2.0,7.313886831633462
27.400000000000002,2,1,3,0,Urban,South,1,1,Other,2,140000,1500,3,202303,1.0429,23030169,2.0,7.313886831633462
27.400000000000002,2,1,5,0,Rural,South,1,1,Vehicle,2,98000,1500,3,202303,1.0429,23030170,2.0,7.313886831633462
27.400000000000002,2,1,4,0,Urban,South,1,1,Vehicle,2,160000,1900,3,202303,1.0429,23030171,1.5789473684210527,7.550135342488429
27.400000000000002,1,1,3,0,Urban,South,1,1,Vehicle,2,190000,1300,3,202303,1.0429,23030172,2.307692307692308,7.170888478512505
27.400000000000002,2,1,4,0,Urban,South,1,1,Vehicle,2,160000,1600,1,202303,1.0429,23030173,0.625,7.3783837129967145
27.400000000000002,2,1,3,0,Urban,South,1,1,Land-Home,2,150000,1100,1,202303,1.0429,23030174,0.9090909090909091,7.00397413672268
27.400000000000002,2,1,5,0,Urban,South,1,1,Land-Home,2,160000,1700,3,202303,1.0429,23030175,1.7647058823529413,7.438971592395862
27.400000000000002,2,1,3,0,Rural,South,1,1,Land-Home,2,240000,2200,3,202303,1.0429,23030176,1.3636363636363638,7.696667081526462
27.400000000000002,2,1,3,0,Rural,South,1,1,Land-Home,2,150000,1700,3,202303,1.0429,23030177,1.7647058823529413,7.438971592395862
27.400000000000002,2,1,5,0,Urban,South,1,1,Vehicle,2,150000,1600,3,202303,1.0429,23030178,1.875,7.3783837129967145
27.400000000000002,2,1,4,0,Rural,South,1,1,Land-Home,2,190000,2200,3,202303,1.0429,23030180,1.3636363636363638,7.696667081526462
27.400000000000002,2,1,4,0,Suburban,South,1,1,Land-Home,2,120000,2100,3,202303,1.0429,23030181,1.4285714285714286,7.650168700845001
27.400000000000002,1,1,4,0,Rural,South,1,1,Land-Home,2,180000,2200,3,202303,1.0429,23030182,1.3636363636363638,7.696667081526462
27.400000000000002,2,1,3,0,Rural,South,1,3,Land-Home,2,120000,1100,1,202303,1.0429,23030183,0.9090909090909091,7.00397413672268
27.400000000000002,2,1,4,0,Rural,South,1,1,Land-Home,2,150000,2100,3,202303,1.0429,23030184,1.4285714285714286,7.650168700845001
5.972700000000001,1,1,3,0,Urban,Midwest,1,1,Land-Home,2,170000,1900,3,202303,1.0429,23030185,1.5789473684210527,7.550135342488429
5.972700000000001,2,1,3,0,Rural,Midwest,1,1,Land-Home,2,170000,1900,3,202303,1.0429,23030186,1.5789473684210527,7.550135342488429
5.972700000000001,2,1,3,0,Rural,Midwest,1,1,Land-Home,2,160000,1800,3,202303,1.0429,23030187,1.6666666666666667,7.496097345175956
5.972700000000001,1,1,3,0,Urban,Midwest,1,1,Land-Home,2,140000,1300,3,202303,1.0429,23030188,2.307692307692308,7.170888478512505
5.972700000000001,2,1,3,0,Urban,Midwest,3,2,Land-Home,2,130000,1500,3,202303,1.0429,23030189,2.0,7.313886831633462
5.972700000000001,2,1,3,0,Rural,Midwest,1,2,Vehicle,2,100000,1900,3,202303,1.0429,23030190,1.5789473684210527,7.550135342488429
5.972700000000001,2,1,3,0,Urban,Midwest,1,1,Vehicle,2,170000,2000,3,202303,1.0429,23030191,1.5,7.601402334583733
5.972700000000001,2,1,3,0,Rural,Midwest,1,1,Vehicle,2,130000,1700,3,202303,1.0429,23030192,1.7647058823529413,7.438971592395862
5.972700000000001,2,1,3,0,Urban,Midwest,1,1,Land-Home,2,130000,1600,3,202303,1.0429,23030193,1.875,7.3783837129967145
5.972700000000001,2,1,3,0,Urban,Midwest,1,1,Land-Home,2,190000,2400,3,202303,1.0429,23030194,1.25,7.783640596221253
5.972700000000001,2,1,3,0,Urban,Midwest,1,1,Vehicle,2,170000,2000,3,202303,1.0429,23030195,1.5,7.601402334583733
5.972700000000001,2,1,5,0,Suburban,Midwest,1,2,Vehicle,2,130000,1500,3,202303,1.0429,23030196,2.0,7.313886831633462
5.972700000000001,2,1,3,0,Urban,Midwest,1,1,Land-Home,2,170000,2000,3,202303,1.0429,23030197,1.5,7.601402334583733
27.400000000000002,2,1,3,0,Rural,South,1,1,Vehicle,2,180000,2200,3,202303,1.0429,23030198,1.3636363636363638,7.696667081526462
27.400000000000002,1,1,3,0,Rural,South,1,1,Land-Home,2,150000,1600,3,202303,1.0429,23030199,1.875,7.3783837129967145
27.400000000000002,2,1,3,0,Rural,South,1,1,Land-Home,2,180000,2200,3,202303,1.0429,23030200,1.3636363636363638,7.696667081526462
27.400000000000002,2,1,5,0,Suburban,South,4,3,Land-Home,2,160000,1800,3,202303,1.0429,23030201,1.6666666666666667,7.496097345175956
27.400000000000002,2,1,3,0,Rural,South,1,1,Land-Home,2,94000,1600,3,202303,1.0429,23030202,1.875,7.3783837129967145
27.400000000000002,2,1,4,0,Rural,South,1,1,Land-Home,2,200000,2500,3,202303,1.0429,23030203,1.2,7.824445930877619
27.400000000000002,2,1,3,0,Rural,South,1,1,Land-Home,2,150000,1900,3,202303,1.0429,23030204,1.5789473684210527,7.550135342488429
27.400000000000002,2,1,3,0,Rural,South,1,1,Land-Home,2,180000,2200,3,202303,1.0429,23030205,1.3636363636363638,7.696667081526462
5.972700000000001,2,1,3,0,Urban,Midwest,1,1,Land-Home,2,160000,1800,3,202303,1.0429,23030206,1.6666666666666667,7.496097345175956
5.972700000000001,1,1,3,0,Urban,Midwest,1,1,Land-Home,2,130000,1400,3,202303,1.0429,23030207,2.142857142857143,7.244941546337007
5.972700000000001,2,1,3,0,Urban,Midwest,1,1,Land-Home,2,170000,1900,3,202303,1.0429,23030209,1.5789473684210527,7.550135342488429
5.972700000000001,2,1,3,0,Urban,Midwest,3,1,Land-Home,2,86000,1600,3,202303,1.0429,23030210,1.875,7.3783837129967145
5.972700000000001,1,1,3,0,Urban,Midwest,1,1,Land-Home,2,140000,1400,3,202303,1.0429,23030211,2.142857142857143,7.244941546337007
9.8421,2,1,3,0,Urban,Midwest,1,1,Vehicle,2,150000,1400,3,202303,1.0429,23030212,2.142857142857143,7.244941546337007
5.972700000000001,2,1,3,0,Urban,Midwest,1,1,Vehicle,2,150000,1600,1,202303,1.0429,23030213,0.625,7.3783837129967145
5.972700000000001,1,1,3,0,Urban,Midwest,1,1,Land-Home,2,140000,1500,3,202303,1.0429,23030214,2.0,7.313886831633462
5.972700000000001,1,1,3,0,Urban,Midwest,1,1,Land-Home,2,160000,1700,3,202303,1.0429,23030215,1.7647058823529413,7.438971592395862
5.972700000000001,1,1,3,0,Urban,Midwest,1,1,Land-Home,2,100000,1800,3,202303,1.0429,23030216,1.6666666666666667,7.496097345175956
5.972700000000001,1,1,3,0,Urban,Midwest,1,1,Other,2,170000,1600,1,202303,1.0429,23030217,0.625,7.3783837129967145
5.972700000000001,1,1,3,0,Urban,Midwest,1,1,Land-Home,2,130000,1400,3,202303,1.0429,23030218,2.142857142857143,7.244941546337007
5.972700000000001,1,1,3,0,Urban,Midwest,1,1,Land-Home,2,140000,1100,3,202303,1.0429,23030219,2.7272727272727275,7.00397413672268
9.8421,2,1,3,0,Urban,Midwest,1,1,Vehicle,2,150000,1500,3,202303,1.0429,23030220,2.0,7.313886831633462
27.400000000000002,1,1,3,0,Suburban,South,1,1,Vehicle,2,180000,2500,3,202303,1.0429,23030221,1.2,7.824445930877619
27.400000000000002,2,1,3,0,Rural,South,1,2,Land-Home,2,180000,2500,3,202303,1.0429,23030222,1.2,7.824445930877619
5.972700000000001,2,1,3,0,Rural,Midwest,1,1,Land-Home,2,170000,1800,3,202303,1.0429,23030223,1.6666666666666667,7.496097345175956
9.8421,2,1,5,0,Suburban,West,3,1,Land-Home,2,150000,1600,3,202303,1.0429,23030224,1.875,7.3783837129967145
9.8421,2,1,3,0,Suburban,West,1,1,Land-Home,2,230000,2100,3,202303,1.0429,23030225,1.4285714285714286,7.650168700845001
9.8421,2,1,3,0,Suburban,West,1,1,Land-Home,2,160000,1800,1,202303,1.0429,23030226,0.5555555555555556,7.496097345175956
9.8421,2,1,3,0,Suburban,West,1,1,Land-Home,2,150000,1500,3,202303,1.0429,23030227,2.0,7.313886831633462
6.5614,2,1,3,0,Rural,,1,1,Land-Home,3,220000,2700,3,202303,1.0429,23030228,1.1111111111111112,7.901377353792616
5.9167000000000005,1,1,3,0,Urban,Northeast,1,1,Land-Home,2,130000,1600,3,202303,1.0429,23030229,1.875,7.3783837129967145
27.400000000000002,2,1,3,0,Rural,South,1,1,Land-Home,2,140000,1300,1,202303,1.0429,23030230,0.7692307692307693,7.170888478512505
27.400000000000002,2,1,5,0,Suburban,South,4,3,Land-Home,2,110000,1300,3,202303,1.0429,23030231,2.307692307692308,7.170888478512505
27.400000000000002,2,1,3,0,Suburban,South,1,1,Land-Home,2,140000,1300,3,202303,1.0429,23030232,2.307692307692308,7.170888478512505
27.400000000000002,2,1,3,0,Suburban,South,1,2,Vehicle,2,140000,1600,3,202303,1.0429,23030233,1.875,7.3783837129967145
27.400000000000002,2,1,3,0,Suburban,South,1,1,Land-Home,2,160000,1600,1,202303,1.0429,23030234,0.625,7.3783837129967145
27.400000000000002,2,1,3,0,Urban,South,1,1,Land-Home,2,100000,1300,3,202303,1.0429,23030235,2.307692307692308,7.170888478512505
27.400000000000002,2,1,3,0,Suburban,South,1,1,Vehicle,2,240000,1600,3,202303,1.0429,23030236,1.875,7.3783837129967145
5.972700000000001,2,1,3,0,Urban,Midwest,1,1,Land-Home,2,150000,1600,3,202303,1.0429,23030237,1.875,7.3783837129967145
5.972700000000001,2,1,3,0,Urban,Midwest,1,1,Land-Home,2,150000,1500,3,202303,1.0429,23030238,2.0,7.313886831633462
5.972700000000001,2,1,3,0,Suburban,Midwest,1,1,Land-Home,2,190000,2400,3,202303,1.0429,23030239,1.25,7.783640596221253
5.972700000000001,2,1,3,0,Urban,Midwest,1,1,Land-Home,2,150000,1500,3,202303,1.0429,23030240,2.0,7.313886831633462
5.972700000000001,1,1,4,0,Urban,Midwest,1,1,Land-Home,2,160000,1700,3,202303,1.0429,23030241,1.7647058823529413,7.438971592395862
5.972700000000001,2,1,3,0,Suburban,Midwest,1,1,Land-Home,2,160000,1600,3,202303,1.0429,23030242,1.875,7.3783837129967145
27.400000000000002,2,1,3,0,Suburban,South,1,1,Land-Home,2,150000,2200,3,202303,1.0429,23030243,1.3636363636363638,7.696667081526462
9.8421,2,1,4,0,Suburban,South,1,3,Vehicle,2,190000,2500,3,202303,1.0429,23030244,1.2,7.824445930877619
9.8421,2,1,3,0,Suburban,South,1,1,Land-Home,2,180000,2200,3,202303,1.0429,23030245,1.3636363636363638,7.696667081526462
9.8421,2,1,3,0,Suburban,South,1,1,Land-Home,2,170000,1900,3,202303,1.0429,23030246,1.5789473684210527,7.550135342488429
9.8421,2,1,3,0,Suburban,West,1,1,Land-Home,2,150000,1500,3,202303,1.0429,23030247,2.0,7.313886831633462
9.8421,2,1,3,0,Suburban,West,1,1,Land-Home,2,200000,2100,3,202303,1.0429,23030248,1.4285714285714286,7.650168700845001
9.8421,2,1,3,0,Suburban,West,1,1,Land-Home,2,150000,1500,3,202303,1.0429,23030249,2.0,7.313886831633462
9.8421,2,1,3,0,Suburban,West,1,1,Land-Home,2,150000,1500,3,202303,1.0429,23030250,2.0,7.313886831633462
5.9167000000000005,2,1,3,0,Suburban,Northeast,1,1,Vehicle,2,200000,1700,1,202303,1.0429,23030251,0.588235294117647,7.438971592395862
5.9167000000000005,2,1,3,0,Urban,Northeast,1,1,Land-Home,2,140000,1800,3,202303,1.0429,23030252,1.6666666666666667,7.496097345175956
5.9167000000000005,2,1,3,0,Urban,Northeast,1,1,Land-Home,2,310000,1800,3,202303,1.0429,23030253,1.6666666666666667,7.496097345175956
5.9167000000000005,1,1,3,0,Urban,Northeast,1,1,Land-Home,2,130000,950,1,202303,1.0429,23030254,1.0526315789473684,6.85751406254539
5.9167000000000005,2,1,3,0,Urban,Northeast,1,1,Vehicle,2,130000,1100,3,202303,1.0429,23030255,2.7272727272727275,7.00397413672268
5.9167000000000005,1,1,3,0,Urban,Northeast,1,1,Land-Home,2,220000,1700,3,202303,1.0429,23030256,1.7647058823529413,7.438971592395862
27.400000000000002,2,1,5,0,Rural,South,1,1,Land-Home,2,140000,1600,3,202303,1.0429,23030257,1.875,7.3783837129967145
27.400000000000002,1,1,3,0,Rural,South,1,1,Land-Home,2,130000,2000,3,202303,1.0429,23030258,1.5,7.601402334583733
27.400000000000002,2,1,3,0,Suburban,South,1,1,Vehicle,2,120000,1700,3,202303,1.0429,23030259,1.7647058823529413,7.438971592395862
27.400000000000002,2,1,3,0,Suburban,South,1,1,Vehicle,2,91000,1300,3,202303,1.0429,23030260,2.307692307692308,7.170888478512505
27.400000000000002,2,1,3,0,Suburban,South,1,1,Vehicle,2,180000,2500,3,202303,1.0429,23030261,1.2,7.824445930877619
27.400000000000002,1,1,3,0,Rural,South,1,2,Land-Home,2,78000,1600,3,202303,1.0429,23030262,1.875,7.3783837129967145
27.400000000000002,2,1,3,0,Rural,South,1,2,Land-Home,2,170000,2000,3,202303,1.0429,23030263,1.5,7.601402334583733
27.400000000000002,2,1,3,0,Suburban,South,1,1,Land-Home,2,140000,2200,3,202303,1.0429,23030264,1.3636363636363638,7.696667081526462
27.400000000000002,1,1,3,0,Urban,South,1,1,Land-Home,2,130000,1600,3,202303,1.0429,23030265,1.875,7.3783837129967145
27.400000000000002,2,1,5,0,Suburban,South,1,2,Land-Home,2,140000,1900,3,202303,1.0429,23030266,1.5789473684210527,7.550135342488429
27.400000000000002,2,1,3,0,Suburban,South,1,1,Land-Home,2,78000,1600,3,202303,1.0429,23030267,1.875,7.3783837129967145
27.400000000000002,2,1,3,0,Rural,South,1,1,Land-Home,2,180000,2300,3,202303,1.0429,23030268,1.3043478260869565,7.741099090035366
27.400000000000002,2,1,3,0,Suburban,South,1,1,Land-Home,2,240000,2500,3,202303,1.0429,23030269,1.2,7.824445930877619
27.400000000000002,2,1,5,0,Rural,South,3,1,Vehicle,2,180000,2200,3,202303,1.0429,23030270,1.3636363636363638,7.696667081526462
27.400000000000002,1,1,3,0,Suburban,South,1,1,Land-Home,2,130000,1600,3,202303,1.0429,23030271,1.875,7.3783837129967145
27.400000000000002,2,1,3,0,Rural,South,1,2,Vehicle,2,160000,1800,3,202303,1.0429,23030272,1.6666666666666667,7.496097345175956
27.400000000000002,2,1,5,0,Suburban,South,1,1,Land-Home,2,98000,1900,3,202303,1.0429,23030273,1.5789473684210527,7.550135342488429
27.400000000000002,2,1,5,0,Rural,South,1,1,Land-Home,2,130000,2100,3,202303,1.0429,23030274,1.4285714285714286,7.650168700845001
27.400000000000002,2,1,3,0,Suburban,South,1,1,Vehicle,2,190000,2500,3,202303,1.0429,23030275,1.2,7.824445930877619
27.400000000000002,2,1,3,0,Suburban,South,1,1,Land-Home,2,110000,1900,3,202303,1.0429,23030276,1.5789473684210527,7.550135342488429
27.400000000000002,2,1,5,0,Rural,South,1,1,Land-Home,2,110000,1800,3,202303,1.0429,23030277,1.6666666666666667,7.496097345175956
27.400000000000002,2,1,3,0,Suburban,South,1,1,Land-Home,2,150000,1400,3,202303,1.0429,23030278,2.142857142857143,7.244941546337007
27.400000000000002,2,1,4,0,Rural,South,1,2,Land-Home,2,140000,1100,3,202303,1.0429,23030279,2.7272727272727275,7.00397413672268
27.400000000000002,2,1,3,0,Suburban,South,1,1,Land-Home,2,130000,2000,3,202303,1.0429,23030280,1.5,7.601402334583733
27.400000000000002,2,1,3,0,Suburban,South,1,1,Land-Home,2,160000,1900,3,202303,1.0429,23030281,1.5789473684210527,7.550135342488429
27.400000000000002,2,1,3,0,Rural,South,1,1,Land-Home,2,180000,2300,3,202303,1.0429,23030282,1.3043478260869565,7.741099090035366
27.400000000000002,2,1,3,0,Rural,South,1,1,Land-Home,2,96000,1600,3,202303,1.0429,23030283,1.875,7.3783837129967145
27.400000000000002,2,1,3,0,Rural,South,1,1,Land-Home,2,150000,1900,3,202303,1.0429,23030284,1.5789473684210527,7.550135342488429
27.400000000000002,2,1,4,0,Suburban,South,1,2,Land-Home,2,120000,1600,3,202303,1.0429,23030285,1.875,7.3783837129967145
27.400000000000002,2,1,3,0,Suburban,South,1,1,Land-Home,2,180000,1700,3,202303,1.0429,23030286,1.7647058823529413,7.438971592395862
5.972700000000001,1,1,4,0,Urban,Midwest,1,1,Land-Home,2,260000,1700,3,202303,1.0429,23030287,1.7647058823529413,7.438971592395862
9.8421,1,1,1,0,Rural,West,0,0,Land-Home,2,150000,1500,3,202303,1.0429,23030288,2.0,7.313886831633462
9.8421,2,1,1,0,Rural,West,0,0,Vehicle,2,150000,1500,1,202303,1.0429,23030289,0.6666666666666666,7.313886831633462
6.5614,2,1,1,0,Suburban,,0,0,Land-Home,3,240000,1900,3,202303,1.0429,23030290,1.5789473684210527,7.550135342488429
9.8421,2,1,1,0,Rural,West,0,0,Land-Home,2,160000,1600,3,202303,1.0429,23030291,1.875,7.3783837129967145
9.8421,2,1,2,0,Rural,West,0,0,Vehicle,2,230000,2200,3,202303,1.0429,23030292,1.3636363636363638,7.696667081526462
9.8421,1,1,1,0,Rural,West,0,0,Land-Home,2,170000,2000,3,202303,1.0429,23030293,1.5,7.601402334583733
9.8421,2,1,1,0,Rural,West,0,0,Land-Home,2,160000,1700,3,202303,1.0429,23030294,1.7647058823529413,7.438971592395862
9.8421,2,1,1,0,Urban,West,0,0,Land-Home,2,150000,1500,3,202303,1.0429,23030295,2.0,7.313886831633462
9.8421,2,1,1,0,Urban,West,0,0,Vehicle,2,180000,2100,3,202303,1.0429,23030296,1.4285714285714286,7.650168700845001
9.8421,2,1,1,0,Urban,West,0,0,Land-Home,2,160000,1200,1,202303,1.0429,23030297,0.8333333333333334,7.0909098220799835
5.9167000000000005,1,1,1,0,Rural,Northeast,0,0,Vehicle,2,93000,2000,3,202303,1.0429,23030298,1.5,7.601402334583733
5.9167000000000005,2,1,1,0,Rural,Northeast,0,0,Land-Home,2,130000,1100,3,202303,1.0429,23030299,2.7272727272727275,7.00397413672268
5.9167000000000005,2,1,1,0,Urban,Northeast,0,0,Land-Home,2,180000,2000,3,202303,1.0429,23030300,1.5,7.601402334583733
5.9167000000000005,1,1,1,0,Urban,Northeast,0,0,Vehicle,2,160000,1800,3,202303,1.0429,23030301,1.6666666666666667,7.496097345175956
5.9167000000000005,1,1,1,0,Urban,Northeast,0,0,Land-Home,2,160000,1700,1,202303,1.0429,23030302,0.588235294117647,7.438971592395862
5.9167000000000005,1,1,2,0,Urban,Northeast,0,0,Land-Home,2,310000,1600,1,202303,1.0429,23030303,0.625,7.3783837129967145
5.9167000000000005,2,1,1,0,Rural,Northeast,0,0,Land-Home,2,120000,950,1,202303,1.0429,23030304,1.0526315789473684,6.85751406254539
27.400000000000002,1,1,2,0,Rural,South,0,0,Land-Home,2,170000,2000,3,202303,1.0429,23030305,1.5,7.601402334583733
9.8421,2,1,1,0,Rural,West,0,0,Vehicle,2,120000,1500,3,202303,1.0429,23030306,2.0,7.313886831633462
5.972700000000001,2,1,2,0,Rural,Midwest,0,0,Land-Home,2,160000,1400,3,202303,1.0429,23030307,2.142857142857143,7.244941546337007
5.972700000000001,2,1,1,0,Urban,Midwest,0,0,Land-Home,2,170000,2000,3,202303,1.0429,23030308,1.5,7.601402334583733
27.400000000000002,2,1,1,0,Suburban,South,0,0,Land-Home,2,140000,1600,3,202303,1.0429,23030309,1.875,7.3783837129967145
5.972700000000001,2,1,1,0,Urban,Midwest,0,0,Land-Home,2,150000,1600,3,202303,1.0429,23030310,1.875,7.3783837129967145
5.972700000000001,1,1,1,0,Urban,Midwest,0,0,Vehicle,2,120000,1100,3,202303,1.0429,23030311,2.7272727272727275,7.00397413672268
5.9167000000000005,2,1,1,0,Urban,Northeast,0,0,Vehicle,2,160000,1700,3,202303,1.0429,23030312,1.7647058823529413,7.438971592395862
5.9167000000000005,2,1,1,0,Rural,Northeast,0,0,Land-Home,2,170000,1700,3,202303,1.0429,23030313,1.7647058823529413,7.438971592395862
5.9167000000000005,1,1,1,0,Urban,Northeast,0,0,Vehicle,2,130000,1100,3,202303,1.0429,23030314,2.7272727272727275,7.00397413672268
5.9167000000000005,1,1,1,0,Urban,Northeast,0,0,Land-Home,2,160000,1800,3,202303,1.0429,23030315,1.6666666666666667,7.496097345175956
27.400000000000002,2,1,2,0,Suburban,South,0,0,Vehicle,2,150000,1500,3,202303,1.0429,23030316,2.0,7.313886831633462
27.400000000000002,2,1,2,0,Rural,South,0,0,Vehicle,2,180000,2200,3,202303,1.0429,23030317,1.3636363636363638,7.696667081526462
5.972700000000001,2,1,1,0,Urban,Midwest,0,0,Land-Home,2,130000,1300,3,202303,1.0429,23030318,2.307692307692308,7.170888478512505
5.972700000000001,2,1,2,0,Suburban,Midwest,0,0,Vehicle,2,190000,2000,3,202303,1.0429,23030319,1.5,7.601402334583733
9.8421,2,1,1,0,Suburban,West,0,0,Land-Home,2,130000,1300,3,202303,1.0429,23030320,2.307692307692308,7.170888478512505
9.8421,2,1,1,0,Suburban,West,0,0,Land-Home,2,150000,1500,3,202303,1.0429,23030321,2.0,7.313886831633462
9.8421,2,1,1,0,Suburban,West,0,0,Land-Home,2,150000,1500,3,202303,1.0429,23030323,2.0,7.313886831633462
9.8421,2,1,1,0,Suburban,West,0,0,Land-Home,2,160000,1400,3,202303,1.0429,23030324,2.142857142857143,7.244941546337007
5.9167000000000005,2,1,2,0,Suburban,Northeast,0,0,Land-Home,2,93000,1100,3,202303,1.0429,23030325,2.7272727272727275,7.00397413672268
5.9167000000000005,1,1,2,0,Urban,Northeast,0,0,Land-Home,2,250000,1600,3,202303,1.0429,23030326,1.875,7.3783837129967145
5.9167000000000005,1,1,2,0,Urban,Northeast,0,0,Land-Home,2,310000,1700,3,202303,1.0429,23030327,1.7647058823529413,7.438971592395862
5.9167000000000005,1,1,1,0,Urban,Northeast,0,0,Land-Home,2,150000,1800,3,202303,1.0429,23030328,1.6666666666666667,7.496097345175956
5.9167000000000005,2,1,2,0,Urban,Northeast,0,0,Land-Home,2,310000,1700,1,202303,1.0429,23030329,0.588235294117647,7.438971592395862
5.9167000000000005,1,1,1,0,Urban,Northeast,0,0,Land-Home,2,150000,1600,3,202303,1.0429,23030330,1.875,7.3783837129967145
27.400000000000002,2,1,1,0,Suburban,South,0,0,Land-Home,2,180000,2200,3,202303,1.0429,23030331,1.3636363636363638,7.696667081526462
9.8421,1,2,9,0,,West,9,9,,2,92000,1600,3,202303,1.0429,23030333,1.875,7.3783837129967145
9.8421,1,2,9,0,,West,9,9,,2,160000,1800,3,202303,1.0429,23030334,1.6666666666666667,7.496097345175956
9.8421,2,2,9,0,,West,9,9,,2,300000,1600,3,202303,1.0429,23030335,1.875,7.3783837129967145
18.2667,1,2,9,0,,,9,9,,3,250000,1900,3,202303,1.0429,23030336,1.5789473684210527,7.550135342488429
27.400000000000002,1,2,9,0,,South,9,9,,2,180000,2100,3,202303,1.0429,23030337,1.4285714285714286,7.650168700845001
27.400000000000002,1,2,9,0,,South,9,9,,2,170000,1900,3,202303,1.0429,23030338,1.5789473684210527,7.550135342488429
9.8421,1,2,9,0,,West,9,9,,2,170000,2000,3,202303,1.0429,23030339,1.5,7.601402334583733
5.972700000000001,1,2,9,0,,Midwest,9,9,,2,190000,2400,3,202303,1.0429,23030340,1.25,7.783640596221253
5.972700000000001,1,2,9,0,,Midwest,9,9,,2,150000,1600,3,202303,1.0429,23030341,1.875,7.3783837129967145
27.400000000000002,1,2,9,0,,South,9,9,,2,150000,2100,3,202303,1.0429,23030342,1.4285714285714286,7.650168700845001
9.8421,2,2,9,0,,West,9,9,,2,140000,1200,1,202303,1.0429,23030343,0.8333333333333334,7.0909098220799835
5.972700000000001,1,2,9,0,,Midwest,9,9,,2,160000,1800,3,202303,1.0429,23030344,1.6666666666666667,7.496097345175956
27.400000000000002,1,2,9,0,,South,9,9,,2,110000,1100,3,202303,1.0429,23030345,2.7272727272727275,7.00397413672268
27.400000000000002,1,2,9,0,,South,9,9,,2,170000,2100,3,202303,1.0429,23030346,1.4285714285714286,7.650168700845001
9.8421,1,2,9,0,,West,9,9,,2,170000,1800,3,202303,1.0429,23030347,1.6666666666666667,7.496097345175956
5.972700000000001,1,2,9,0,,Midwest,9,9,,2,140000,1600,3,202303,1.0429,23030348,1.875,7.3783837129967145
27.400000000000002,2,2,9,0,,South,9,9,,2,190000,2500,3,202303,1.0429,23030349,1.2,7.824445930877619
5.972700000000001,1,2,9,0,,Midwest,9,9,,2,150000,1500,3,202303,1.0429,23030350,2.0,7.313886831633462
9.8421,1,2,9,0,,West,9,9,,2,130000,880,1,202303,1.0429,23030351,1.1363636363636362,6.78105762593618
27.400000000000002,1,2,9,0,,South,9,9,,2,93000,1600,3,202303,1.0429,23030352,1.875,7.3783837129967145
9.8421,1,2,9,0,,West,9,9,,2,150000,1500,3,202303,1.0429,23030353,2.0,7.313886831633462
9.8421,1,2,9,0,,West,9,9,,2,130000,2000,3,202303,1.0429,23030354,1.5,7.601402334583733
27.400000000000002,1,2,9,0,,South,9,9,,2,150000,1400,3,202303,1.0429,23030355,2.142857142857143,7.244941546337007
5.972700000000001,1,2,9,0,,Midwest,9,9,,2,140000,1200,3,202303,1.0429,23030356,2.5,7.0909098220799835
27.400000000000002,1,2,9,0,,South,9,9,,2,100000,1600,3,202303,1.0429,23030357,1.875,7.3783837129967145
27.400000000000002,1,2,9,0,,South,9,9,,2,190000,2500,3,202303,1.0429,23030358,1.2,7.824445930877619
9.8421,2,2,9,0,,West,9,9,,2,130000,880,1,202303,1.0429,23030359,1.1363636363636362,6.78105762593618
27.400000000000002,1,2,9,0,,South,9,9,,2,190000,2500,3,202303,1.0429,23030360,1.2,7.824445930877619
9.8421,1,2,9,0,,West,9,9,,2,120000,1600,3,202303,1.0429,23030361,1.875,7.3783837129967145
27.400000000000002,1,2,9,0,,South,9,9,,2,150000,2500,3,202303,1.0429,23030362,1.2,7.824445930877619
27.400000000000002,1,2,9,0,,South,9,9,,2,160000,2500,3,202303,1.0429,23030363,1.2,7.824445930877619
27.400000000000002,1,2,9,0,,South,9,9,,2,180000,2200,3,202303,1.0429,23030364,1.3636363636363638,7.696667081526462
5.972700000000001,1,2,9,0,,Midwest,9,9,,2,150000,1400,3,202303,1.0429,23030365,2.142857142857143,7.244941546337007
5.9167000000000005,1,2,9,0,,Northeast,9,9,,2,130000,1600,3,202303,1.0429,23030366,1.875,7.3783837129967145
5.9167000000000005,1,2,9,0,,Northeast,9,9,,2,160000,1700,3,202303,1.0429,23030367,1.7647058823529413,7.438971592395862
27.400000000000002,1,2,9,0,,South,9,9,,2,240000,2500,3,202303,1.0429,23030368,1.2,7.824445930877619
5.9167000000000005,1,2,9,0,,Northeast,9,9,,2,160000,1600,3,202303,1.0429,23030369,1.875,7.3783837129967145
9.8421,1,2,9,0,,West,9,9,,2,300000,1600,3,202303,1.0429,23030370,1.875,7.3783837129967145
9.8421,1,2,9,0,,West,9,9,,2,150000,1400,3,202303,1.0429,23030371,2.142857142857143,7.244941546337007
9.8421,1,2,9,0,,West,9,9,,2,150000,1500,1,202303,1.0429,23030372,0.6666666666666666,7.313886831633462
9.8421,1,2,9,0,,West,9,9,,2,150000,1500,3,202303,1.0429,23030373,2.0,7.313886831633462
9.8421,1,2,9,0,,West,9,9,,2,150000,1500,3,202303,1.0429,23030374,2.0,7.313886831633462
5.972700000000001,1,2,9,0,,Midwest,9,9,,2,140000,1300,1,202303,1.0429,23030375,0.7692307692307693,7.170888478512505
27.400000000000002,1,2,9,0,,South,9,9,,2,160000,1700,3,202303,1.0429,23030376,1.7647058823529413,7.438971592395862
5.972700000000001,1,2,9,0,,Midwest,9,9,,2,150000,1600,3,202303,1.0429,23030377,1.875,7.3783837129967145
27.400000000000002,1,2,9,0,,South,9,9,,2,170000,2000,3,202303,1.0429,23030378,1.5,7.601402334583733
5.9167000000000005,1,2,9,0,,Northeast,9,9,,2,150000,1800,3,202303,1.0429,23030379,1.6666666666666667,7.496097345175956
5.9167000000000005,1,2,9,0,,Northeast,9,9,,2,120000,1200,3,202303,1.0429,23030381,2.5,7.0909098220799835
5.9167000000000005,1,2,9,0,,Northeast,9,9,,2,130000,1200,3,202303,1.0429,23030382,2.5,7.0909098220799835
9.8421,1,2,9,0,,West,9,9,,2,160000,1600,3,202303,1.0429,23030383,1.875,7.3783837129967145
27.400000000000002,1,2,9,0,,South,9,9,,2,190000,2500,3,202303,1.0429,23030384,1.2,7.824445930877619
5.9167000000000005,1,2,9,0,,Northeast,9,9,,2,140000,1200,3,202303,1.0429,23030385,2.5,7.0909098220799835
5.972700000000001,1,2,9,0,,South,9,9,,2,170000,1700,3,202303,1.0429,23030386,1.7647058823529413,7.438971592395862
9.8421,1,2,9,0,,West,9,9,,2,150000,1500,3,202303,1.0429,23030388,2.0,7.313886831633462
5.972700000000001,1,2,9,0,,Midwest,9,9,,2,180000,1300,3,202303,1.0429,23030389,2.307692307692308,7.170888478512505
5.9167000000000005,1,2,9,0,,Northeast,9,9,,2,150000,1600,3,202303,1.0429,23030390,1.875,7.3783837129967145
5.9167000000000005,1,2,9,0,,Northeast,9,9,,2,130000,1100,3,202303,1.0429,23030391,2.7272727272727275,7.00397413672268
5.9167000000000005,2,2,9,0,,Northeast,9,9,,2,130000,1700,3,202303,1.0429,23030392,1.7647058823529413,7.438971592395862
6.5614,1,2,9,0,,,9,9,,3,190000,1900,3,202303,1.0429,23030393,1.5789473684210527,7.550135342488429
9.8421,2,2,9,0,,West,9,9,,2,140000,1300,3,202303,1.0429,23030394,2.307692307692308,7.170888478512505
5.972700000000001,1,2,9,0,,Midwest,9,9,,2,140000,1500,3,202303,1.0429,23030395,2.0,7.313886831633462
27.400000000000002,1,2,9,0,,South,9,9,,2,160000,1700,3,202303,1.0429,23030396,1.7647058823529413,7.438971592395862
27.400000000000002,1,2,9,0,,South,9,9,,2,120000,1600,3,202303,1.0429,23030397,1.875,7.3783837129967145
27.400000000000002,2,2,9,0,,South,9,9,,2,78000,1100,3,202303,1.0429,23030398,2.7272727272727275,7.00397413672268
27.400000000000002,1,2,9,0,,South,9,9,,2,170000,2100,3,202303,1.0429,23030399,1.4285714285714286,7.650168700845001
5.972700000000001,1,2,9,0,,Midwest,9,9,,2,130000,1500,3,202303,1.0429,23030400,2.0,7.313886831633462
5.972700000000001,1,2,9,0,,Midwest,9,9,,2,200000,1500,3,202303,1.0429,23030401,2.0,7.313886831633462
27.400000000000002,2,2,9,0,,South,9,9,,2,150000,1700,3,202303,1.0429,23030402,1.7647058823529413,7.438971592395862
50.4,2,1,3,0,Suburban,South,1,1,Land-Home,1,47200,900,3,202304,0.9814,23040001,3.3333333333333335,6.803505257608338
50.4,2,1,4,0,Rural,South,1,2,Land-Home,1,65000,1300,3,202304,0.9814,23040002,2.307692307692308,7.170888478512505
14.3579,1,1,3,0,Rural,West,3,1,Other,1,89000,1100,3,202304,0.9814,23040003,2.7272727272727275,7.00397413672268
14.3579,2,1,3,0,Rural,West,1,1,Land-Home,1,95000,1200,3,202304,0.9814,23040005,2.5,7.0909098220799835
14.3579,2,1,4,0,Rural,West,3,1,Land-Home,1,98000,1300,3,202304,0.9814,23040006,2.307692307692308,7.170888478512505
14.3579,2,1,4,0,Urban,West,3,1,Other,1,84000,900,1,202304,0.9814,23040007,1.1111111111111112,6.803505257608338
14.3579,2,1,3,0,Rural,West,3,1,Land-Home,1,96000,1200,3,202304,0.9814,23040008,2.5,7.0909098220799835
50.4,2,1,4,0,Suburban,South,1,2,Land-Home,1,47200,780,1,202304,0.9814,23040009,1.2820512820512822,6.660575149839686
14.3579,2,1,4,0,Urban,West,3,2,Vehicle,1,83000,890,3,202304,0.9814,23040010,3.370786516853933,6.792344427470809
14.3579,2,1,3,0,Suburban,West,1,1,Land-Home,1,130000,890,3,202304,0.9814,23040011,3.370786516853933,6.792344427470809
14.3579,2,1,3,0,Urban,West,1,1,Land-Home,1,93000,1200,3,202304,0.9814,23040012,2.5,7.0909098220799835
14.3579,1,1,5,0,Rural,West,1,1,Land-Home,1,93000,1200,3,202304,0.9814,23040013,2.5,7.0909098220799835
14.3579,2,1,3,0,Suburban,West,3,1,Land-Home,1,150000,1300,3,202304,0.9814,23040016,2.307692307692308,7.170888478512505
10.35,1,1,3,0,Urban,Northeast,1,1,Vehicle,1,79000,920,3,202304,0.9814,23040019,3.260869565217391,6.825460036255307
10.35,2,1,3,0,Suburban,Northeast,1,1,Land-Home,1,69000,840,1,202304,0.9814,23040020,1.1904761904761907,6.734591659972948
50.4,2,1,3,0,Urban,South,1,1,Land-Home,1,68000,650,1,202304,0.9814,23040021,1.5384615384615385,6.478509642208569
50.4,2,1,4,0,Urban,South,1,1,Vehicle,1,96000,1200,3,202304,0.9814,23040022,2.5,7.0909098220799835
50.4,2,1,3,0,Urban,South,1,1,Land-Home,1,76000,650,1,202304,0.9814,23040023,1.5384615384615385,6.478509642208569
50.4,2,1,4,0,Rural,South,1,1,Land-Home,1,84000,920,3,202304,0.9814,23040024,3.260869565217391,6.825460036255307
50.4,2,1,3,0,Rural,South,1,1,Vehicle,1,89000,1100,3,202304,0.9814,23040026,2.7272727272727275,7.00397413672268
9.8,1,1,3,0,Urban,Midwest,1,1,Land-Home,1,120000,1200,3,202304,0.9814,23040028,2.5,7.0909098220799835
9.8,2,1,3,0,Urban,Midwest,1,2,Land-Home,1,86000,960,3,202304,0.9814,23040030,3.125,6.8679744089702925
9.8,2,1,3,0,Urban,Midwest,1,1,Land-Home,1,68000,960,1,202304,0.9814,23040031,1.0416666666666667,6.8679744089702925
9.8,2,1,3,0,Urban,Midwest,1,1,Vehicle,1,86000,960,1,202304,0.9814,23040032,1.0416666666666667,6.8679744089702925
9.8,2,1,3,0,Urban,Midwest,1,1,Vehicle,1,79000,770,1,202304,0.9814,23040033,1.2987012987012987,6.647688373563329
9.8,2,1,3,0,Urban,Midwest,1,1,Vehicle,1,89000,1000,3,202304,0.9814,23040034,3.0,6.90875477931522
9.8,2,1,3,0,Urban,Midwest,1,1,Land-Home,1,89000,1000,3,202304,0.9814,23040035,3.0,6.90875477931522
9.8,2,1,3,0,Urban,Midwest,1,1,Land-Home,1,96000,1200,3,202304,0.9814,23040040,2.5,7.0909098220799835
9.8,2,1,3,0,Urban,Midwest,1,1,Land-Home,1,53000,980,1,202304,0.9814,23040041,1.0204081632653061,6.8885724595653635
9.8,2,1,3,0,Urban,Midwest,1,1,Other,1,93000,1100,1,202304,0.9814,23040044,0.9090909090909091,7.00397413672268
9.8,1,1,3,0,Urban,Midwest,1,1,Vehicle,1,69000,840,1,202304,0.9814,23040045,1.1904761904761907,6.734591659972948
9.8,1,1,3,0,Urban,Midwest,1,1,Land-Home,1,69000,840,1,202304,0.9814,23040046,1.1904761904761907,6.734591659972948
50.4,2,1,3,0,Rural,South,1,1,Land-Home,1,72000,1100,3,202304,0.9814,23040047,2.7272727272727275,7.00397413672268
50.4,2,1,3,0,Rural,South,1,2,Land-Home,1,72000,1300,3,202304,0.9814,23040048,2.307692307692308,7.170888478512505
50.4,2,1,5,0,Rural,South,1,1,Land-Home,1,79000,780,1,202304,0.9814,23040049,1.2820512820512822,6.660575149839686
9.8,1,1,3,0,Urban,Midwest,1,1,Land-Home,1,90000,1100,3,202304,0.9814,23040050,2.7272727272727275,7.00397413672268
9.8,1,1,3,0,Urban,Midwest,1,1,Land-Home,1,84000,1200,3,202304,0.9814,23040051,2.5,7.0909098220799835
9.8,1,1,3,0,Urban,Midwest,1,1,Land-Home,1,89000,1000,3,202304,0.9814,23040052,3.0,6.90875477931522
50.4,1,1,5,0,Rural,South,1,1,Land-Home,1,89000,1100,3,202304,0.9814,23040053,2.7272727272727275,7.00397413672268
9.8,2,1,4,0,Urban,Midwest,1,1,Vehicle,1,91000,1100,3,202304,0.9814,23040054,2.7272727272727275,7.00397413672268
9.8,2,1,3,0,Rural,Midwest,1,1,Vehicle,1,53000,1200,3,202304,0.9814,23040055,2.5,7.0909098220799835
9.8,2,1,3,0,Rural,Midwest,1,1,Land-Home,1,89000,1100,3,202304,0.9814,23040056,2.7272727272727275,7.00397413672268
9.8,1,1,3,0,Urban,Midwest,1,1,Land-Home,1,89000,1200,3,202304,0.9814,23040057,2.5,7.0909098220799835
10.35,1,1,3,0,Urban,Northeast,1,1,Other,1,60000,950,3,202304,0.9814,23040058,3.1578947368421053,6.85751406254539
10.35,1,1,3,0,Urban,Northeast,4,1,Other,1,84000,920,1,202304,0.9814,23040059,1.0869565217391304,6.825460036255307
50.4,2,1,5,0,,South,4,3,Vehicle,1,47200,1100,3,202304,0.9814,23040060,2.7272727272727275,7.00397413672268
50.4,2,1,5,0,Suburban,South,1,1,Land-Home,1,99000,1300,3,202304,0.9814,23040061,2.307692307692308,7.170888478512505
9.8,1,1,3,0,Urban,South,1,2,Land-Home,1,76000,1200,3,202304,0.9814,23040062,2.5,7.0909098220799835
10.35,1,1,3,0,Urban,South,1,2,Land-Home,1,73000,920,3,202304,0.9814,23040063,3.260869565217391,6.825460036255307
9.8,2,1,5,0,Urban,Midwest,1,2,Land-Home,1,96000,1200,3,202304,0.9814,23040065,2.5,7.0909098220799835
9.8,2,1,3,0,Urban,Midwest,1,1,Vehicle,1,73000,670,1,202304,0.9814,23040066,1.492537313432836,6.508769136971682
9.8,2,1,3,0,Urban,Midwest,1,2,Land-Home,1,81000,840,3,202304,0.9814,23040067,3.571428571428571,6.734591659972948
9.8,2,1,3,0,Urban,Midwest,1,1,Vehicle,1,85000,1100,3,202304,0.9814,23040068,2.7272727272727275,7.00397413672268
50.4,2,1,3,0,Suburban,South,1,1,Land-Home,1,98000,1300,3,202304,0.9814,23040069,2.307692307692308,7.170888478512505
10.35,2,1,3,0,Urban,Northeast,1,1,Land-Home,1,94000,1100,3,202304,0.9814,23040071,2.7272727272727275,7.00397413672268
10.35,1,1,5,0,Urban,Northeast,1,1,Land-Home,1,74000,920,3,202304,0.9814,23040072,3.260869565217391,6.825460036255307
10.35,1,1,3,0,Urban,Northeast,1,1,Land-Home,1,180000,920,1,202304,0.9814,23040073,1.0869565217391304,6.825460036255307
50.4,2,1,4,0,Rural,South,1,1,Land-Home,1,110000,650,1,202304,0.9814,23040074,1.5384615384615385,6.478509642208569
50.4,2,1,3,0,Suburban,South,1,1,Vehicle,1,89000,1100,3,202304,0.9814,23040075,2.7272727272727275,7.00397413672268
50.4,2,1,5,0,Rural,South,1,1,Land-Home,1,96000,1200,3,202304,0.9814,23040077,2.5,7.0909098220799835
50.4,2,1,5,0,Rural,South,1,1,Land-Home,1,55000,840,1,202304,0.9814,23040078,1.1904761904761907,6.734591659972948
14.3579,2,1,3,0,Urban,South,1,1,Land-Home,1,96000,1200,3,202304,0.9814,23040079,2.5,7.0909098220799835
50.4,2,1,5,0,Rural,South,1,1,Land-Home,1,120000,1200,1,202304,0.9814,23040080,0.8333333333333334,7.0909098220799835
50.4,2,1,3,0,Suburban,South,1,3,Land-Home,1,96000,1200,3,202304,0.9814,23040081,2.5,7.0909098220799835
9.8,2,1,3,0,Suburban,Midwest,1,1,Land-Home,1,70000,840,3,202304,0.9814,23040082,3.571428571428571,6.734591659972948
50.4,2,1,1,0,Suburban,South,0,0,Vehicle,1,98000,1300,3,202304,0.9814,23040083,2.307692307692308,7.170888478512505
14.3579,2,1,1,0,Rural,West,0,0,Land-Home,1,93000,1200,3,202304,0.9814,23040084,2.5,7.0909098220799835
14.3579,2,1,1,0,Suburban,West,0,0,Other,1,130000,900,1,202304,0.9814,23040086,1.1111111111111112,6.803505257608338
14.3579,1,1,2,0,Suburban,West,0,0,Vehicle,1,160000,1100,3,202304,0.9814,23040087,2.7272727272727275,7.00397413672268
10.35,2,1,1,0,Rural,Northeast,0,0,Vehicle,1,100000,1200,3,202304,0.9814,23040088,2.5,7.0909098220799835
10.35,1,1,1,0,Urban,Northeast,0,0,Vehicle,1,85000,730,1,202304,0.9814,23040089,1.36986301369863,6.594413459749778
10.35,1,1,1,0,Urban,Northeast,0,0,Vehicle,1,100000,910,3,202304,0.9814,23040090,3.2967032967032965,6.814542897259958
10.35,1,1,1,0,Urban,Northeast,0,0,Land-Home,1,87000,920,1,202304,0.9814,23040091,1.0869565217391304,6.825460036255307
9.8,2,1,1,0,Rural,Midwest,0,0,Land-Home,1,89000,1100,3,202304,0.9814,23040093,2.7272727272727275,7.00397413672268
14.3579,2,1,1,0,Suburban,West,0,0,Land-Home,1,93000,1200,3,202304,0.9814,23040094,2.5,7.0909098220799835
10.35,2,1,1,0,Urban,Northeast,0,0,Land-Home,1,86000,950,1,202304,0.9814,23040095,1.0526315789473684,6.85751406254539
10.35,2,1,1,0,Rural,Northeast,0,0,Land-Home,1,80000,950,1,202304,0.9814,23040096,1.0526315789473684,6.85751406254539
10.35,2,1,1,0,Urban,Northeast,0,0,Land-Home,1,84000,910,3,202304,0.9814,23040098,3.2967032967032965,6.814542897259958
10.35,1,1,1,0,Urban,Northeast,0,0,Land-Home,1,110000,910,3,202304,0.9814,23040099,3.2967032967032965,6.814542897259958
9.8,2,1,2,0,Urban,Midwest,0,0,Vehicle,1,92000,1100,1,202304,0.9814,23040100,0.9090909090909091,7.00397413672268
10.35,1,1,1,0,Urban,Northeast,0,0,Land-Home,1,89000,840,1,202304,0.9814,23040101,1.1904761904761907,6.734591659972948
50.4,2,1,1,0,Urban,South,0,0,Land-Home,1,95000,1200,3,202304,0.9814,23040103,2.5,7.0909098220799835
9.8,2,1,1,0,Suburban,Midwest,0,0,Land-Home,1,120000,1100,1,202304,0.9814,23040104,0.9090909090909091,7.00397413672268
9.8,2,1,1,0,Urban,Midwest,0,0,Land-Home,1,96000,1200,3,202304,0.9814,23040105,2.5,7.0909098220799835
50.4,1,2,9,0,,South,9,9,,1,120000,650,1,202304,0.9814,23040106,1.5384615384615385,6.478509642208569
50.4,2,2,9,0,,South,9,9,,1,47200,650,1,202304,0.9814,23040107,1.5384615384615385,6.478509642208569
9.8,2,2,9,0,,Midwest,9,9,,1,81000,840,1,202304,0.9814,23040108,1.1904761904761907,6.734591659972948
9.8,1,2,9,0,,Midwest,9,9,,1,95000,1100,3,202304,0.9814,23040109,2.7272727272727275,7.00397413672268
50.4,1,2,9,0,,South,9,9,,1,75000,840,1,202304,0.9814,23040110,1.1904761904761907,6.734591659972948
9.8,1,2,9,0,,Midwest,9,9,,1,91000,1100,3,202304,0.9814,23040111,2.7272727272727275,7.00397413672268
14.3579,1,2,9,0,,West,9,9,,1,83000,890,3,202304,0.9814,23040112,3.370786516853933,6.792344427470809
9.8,1,2,9,0,,Midwest,9,9,,1,96000,1200,3,202304,0.9814,23040113,2.5,7.0909098220799835
9.8,1,2,9,0,,Midwest,9,9,,1,62000,770,1,202304,0.9814,23040114,1.2987012987012987,6.647688373563329
9.8,1,2,9,0,,Midwest,9,9,,1,88000,1200,3,202304,0.9814,23040115,2.5,7.0909098220799835
50.4,1,2,9,0,,South,9,9,,1,86000,1100,3,202304,0.9814,23040116,2.7272727272727275,7.00397413672268
9.8,1,2,9,0,,Midwest,9,9,,1,100000,1200,3,202304,0.9814,23040117,2.5,7.0909098220799835
50.4,1,2,9,0,,South,9,9,,1,94000,1200,1,202304,0.9814,23040118,0.8333333333333334,7.0909098220799835
9.8,1,2,9,0,,Midwest,9,9,,1,89000,1100,3,202304,0.9814,23040119,2.7272727272727275,7.00397413672268
50.4,1,2,9,0,,South,9,9,,1,92000,1100,3,202304,0.9814,23040120,2.7272727272727275,7.00397413672268
50.4,1,2,9,0,,South,9,9,,1,92000,1200,3,202304,0.9814,23040121,2.5,7.0909098220799835
10.35,2,2,9,0,,Northeast,9,9,,1,84000,920,1,202304,0.9814,23040122,1.0869565217391304,6.825460036255307
50.4,1,2,9,0,,South,9,9,,1,81000,840,1,202304,0.9814,23040123,1.1904761904761907,6.734591659972948
9.8,1,2,9,0,,Midwest,9,9,,1,98000,1300,3,202304,0.9814,23040124,2.307692307692308,7.170888478512505
14.3579,1,2,9,0,,West,9,9,,1,120000,1300,3,202304,0.9814,23040125,2.307692307692308,7.170888478512505
9.8,1,2,9,0,,Midwest,9,9,,1,98000,1300,3,202304,0.9814,23040126,2.307692307692308,7.170888478512505
9.8,2,2,9,0,,Midwest,9,9,,1,89000,1100,3,202304,0.9814,23040127,2.7272727272727275,7.00397413672268
9.8,1,2,9,0,,Midwest,9,9,,1,91000,1100,1,202304,0.9814,23040128,0.9090909090909091,7.00397413672268
10.35,1,2,9,0,,Northeast,9,9,,1,53000,730,1,202304,0.9814,23040129,1.36986301369863,6.594413459749778
50.4,1,2,9,0,,South,9,9,,1,81000,840,1,202304,0.9814,23040132,1.1904761904761907,6.734591659972948
9.8,1,2,9,0,,Midwest,9,9,,1,90000,1200,3,202304,0.9814,23040133,2.5,7.0909098220799835
9.8,1,2,9,0,,Midwest,9,9,,1,89000,1000,3,202304,0.9814,23040134,3.0,6.90875477931522
50.4,1,2,9,0,,South,9,9,,1,74000,1200,1,202304,0.9814,23040135,0.8333333333333334,7.0909098220799835
25.2,2,1,4,0,Suburban,South,1,1,Land-Home,2,150000,2200,3,202304,1.0553,23040137,1.3636363636363638,7.696667081526462
25.2,2,1,3,0,Suburban,South,1,1,Land-Home,2,150000,1500,3,202304,1.0553,23040138,2.0,7.313886831633462
25.2,2,1,4,0,Rural,South,1,1,Land-Home,2,120000,2000,3,202304,1.0553,23040139,1.5,7.601402334583733
25.2,2,1,5,0,Suburban,South,1,1,Land-Home,2,180000,2200,3,202304,1.0553,23040140,1.3636363636363638,7.696667081526462
25.2,2,1,5,0,Rural,South,1,1,Vehicle,2,160000,2200,3,202304,1.0553,23040141,1.3636363636363638,7.696667081526462
25.2,2,1,4,0,Rural,South,1,3,Land-Home,2,140000,1900,3,202304,1.0553,23040142,1.5789473684210527,7.550135342488429
7.1789000000000005,2,1,3,0,Urban,West,1,1,Land-Home,2,300000,1600,1,202304,1.0553,23040143,0.625,7.3783837129967145
7.1789000000000005,2,1,3,0,Rural,West,1,1,Land-Home,2,160000,1800,3,202304,1.0553,23040145,1.6666666666666667,7.496097345175956
4.7860000000000005,2,1,3,0,Suburban,,1,1,Land-Home,3,260000,2500,1,202304,1.0553,23040146,0.4,7.824445930877619
7.1789000000000005,2,1,3,0,Rural,West,1,1,Other,2,140000,1300,3,202304,1.0553,23040147,2.307692307692308,7.170888478512505
7.1789000000000005,2,1,3,0,Rural,West,3,1,Land-Home,2,150000,1600,3,202304,1.0553,23040148,1.875,7.3783837129967145
7.1789000000000005,2,1,3,0,Rural,West,1,1,Land-Home,2,130000,1600,3,202304,1.0553,23040149,1.875,7.3783837129967145
7.1789000000000005,1,1,4,0,Urban,West,3,1,Land-Home,2,220000,1400,1,202304,1.0553,23040151,0.7142857142857143,7.244941546337007
7.1789000000000005,2,1,4,0,Rural,West,3,2,Vehicle,2,300000,2300,3,202304,1.0553,23040152,1.3043478260869565,7.741099090035366
7.1789000000000005,1,1,3,0,Urban,West,3,1,Land-Home,2,300000,1300,1,202304,1.0553,23040153,0.7692307692307693,7.170888478512505
7.1789000000000005,2,1,3,0,Rural,West,1,1,Land-Home,2,92000,1000,3,202304,1.0553,23040154,3.0,6.90875477931522
7.1789000000000005,2,1,3,0,Rural,West,3,1,Land-Home,2,190000,2300,3,202304,1.0553,23040155,1.3043478260869565,7.741099090035366
7.1789000000000005,2,1,3,0,Rural,West,1,1,Vehicle,2,180000,1500,3,202304,1.0553,23040156,2.0,7.313886831633462
25.2,2,1,3,0,Rural,South,1,2,Land-Home,2,190000,2500,3,202304,1.0553,23040157,1.2,7.824445930877619
25.2,2,1,3,0,Rural,South,1,2,Land-Home,2,78000,1600,3,202304,1.0553,23040158,1.875,7.3783837129967145
25.2,2,1,4,0,Rural,South,1,1,Land-Home,2,170000,1900,3,202304,1.0553,23040159,1.5789473684210527,7.550135342488429
7.1789000000000005,2,1,4,0,Urban,West,1,1,Land-Home,2,300000,1600,3,202304,1.0553,23040160,1.875,7.3783837129967145
7.1789000000000005,2,1,4,0,Urban,West,3,2,Vehicle,2,160000,1700,1,202304,1.0553,23040161,0.588235294117647,7.438971592395862
7.1789000000000005,2,1,5,0,Urban,West,3,3,Vehicle,2,150000,1600,3,202304,1.0553,23040163,1.875,7.3783837129967145
7.1789000000000005,2,1,5,0,,West,4,3,Land-Home,2,130000,1200,1,202304,1.0553,23040164,0.8333333333333334,7.0909098220799835
7.1789000000000005,2,1,3,0,Urban,West,3,1,Land-Home,2,150000,1600,3,202304,1.0553,23040165,1.875,7.3783837129967145
7.1789000000000005,2,1,3,0,Rural,West,3,2,Vehicle,2,160000,1700,3,202304,1.0553,23040166,1.7647058823529413,7.438971592395862
7.1789000000000005,2,1,5,0,Suburban,West,4,3,Land-Home,2,140000,1300,1,202304,1.0553,23040168,0.7692307692307693,7.170888478512505
7.1789000000000005,1,1,4,0,Urban,West,3,1,Land-Home,2,150000,1600,3,202304,1.0553,23040169,1.875,7.3783837129967145
7.1789000000000005,1,1,4,0,Suburban,West,3,1,Land-Home,2,230000,1800,3,202304,1.0553,23040170,1.6666666666666667,7.496097345175956
7.1789000000000005,2,1,5,0,Urban,West,4,3,Vehicle,2,240000,1600,3,202304,1.0553,23040172,1.875,7.3783837129967145
25.2,2,1,3,0,Rural,South,1,3,Land-Home,2,190000,2500,3,202304,1.0553,23040173,1.2,7.824445930877619
16.8,2,1,4,0,Urban,,1,1,Land-Home,3,210000,3200,3,202304,1.0553,23040175,0.9375,8.071218539969863
25.2,2,1,3,0,Urban,South,1,1,Land-Home,2,240000,1700,3,202304,1.0553,23040176,1.7647058823529413,7.438971592395862
25.2,2,1,3,0,Urban,South,1,1,Land-Home,2,190000,2500,3,202304,1.0553,23040178,1.2,7.824445930877619
25.2,2,1,4,0,Suburban,South,1,1,Land-Home,2,170000,2200,3,202304,1.0553,23040179,1.3636363636363638,7.696667081526462
25.2,2,1,5,0,Suburban,South,1,1,Land-Home,2,110000,1600,3,202304,1.0553,23040180,1.875,7.3783837129967145
25.2,2,1,4,0,Urban,South,1,1,Vehicle,2,140000,1300,3,202304,1.0553,23040181,2.307692307692308,7.170888478512505
25.2,2,1,3,0,Suburban,South,4,1,Land-Home,2,170000,1900,3,202304,1.0553,23040182,1.5789473684210527,7.550135342488429
25.2,2,1,3,0,Rural,South,1,3,Land-Home,2,120000,1300,3,202304,1.0553,23040183,2.307692307692308,7.170888478512505
25.2,2,1,3,0,Rural,South,1,1,Land-Home,2,140000,1300,3,202304,1.0553,23040184,2.307692307692308,7.170888478512505
4.9,2,1,3,0,Urban,Midwest,1,2,Land-Home,2,150000,1600,3,202304,1.0553,23040185,1.875,7.3783837129967145
4.9,2,1,3,0,Urban,Midwest,1,1,Land-Home,2,160000,1700,3,202304,1.0553,23040186,1.7647058823529413,7.438971592395862
4.9,1,1,3,0,Rural,Midwest,1,1,Land-Home,2,130000,1600,3,202304,1.0553,23040187,1.875,7.3783837129967145
4.9,1,1,3,0,Urban,Midwest,1,1,Land-Home,2,260000,1500,1,202304,1.0553,23040188,0.6666666666666666,7.313886831633462
4.9,2,1,3,0,Suburban,Midwest,1,1,Land-Home,2,210000,2000,3,202304,1.0553,23040189,1.5,7.601402334583733
4.9,2,1,3,0,Rural,Midwest,1,1,Land-Home,2,130000,1600,3,202304,1.0553,23040190,1.875,7.3783837129967145
4.9,2,1,4,0,Urban,Midwest,1,1,Vehicle,2,150000,1600,3,202304,1.0553,23040191,1.875,7.3783837129967145
4.9,2,1,3,0,Urban,Midwest,1,1,Land-Home,2,180000,1600,3,202304,1.0553,23040192,1.875,7.3783837129967145
4.9,2,1,3,0,Suburban,Midwest,1,1,Land-Home,2,170000,1500,3,202304,1.0553,23040193,2.0,7.313886831633462
4.9,2,1,5,0,Urban,Midwest,1,1,Land-Home,2,180000,2200,3,202304,1.0553,23040194,1.3636363636363638,7.696667081526462
4.9,2,1,3,0,Urban,Midwest,1,1,Land-Home,2,170000,2000,3,202304,1.0553,23040195,1.5,7.601402334583733
4.9,1,1,3,0,Urban,Midwest,1,1,Land-Home,2,140000,1100,3,202304,1.0553,23040196,2.7272727272727275,7.00397413672268
4.9,2,1,3,0,Urban,Midwest,1,2,Vehicle,2,150000,1600,3,202304,1.0553,23040197,1.875,7.3783837129967145
4.9,2,1,3,0,Urban,Midwest,1,1,Land-Home,2,130000,1100,3,202304,1.0553,23040198,2.7272727272727275,7.00397413672268
4.9,2,1,3,0,Suburban,Midwest,1,1,Land-Home,2,180000,1700,3,202304,1.0553,23040199,1.7647058823529413,7.438971592395862
4.9,1,1,3,0,Urban,Midwest,1,1,Land-Home,2,160000,1800,3,202304,1.0553,23040200,1.6666666666666667,7.496097345175956
4.9,2,1,3,0,Urban,Midwest,1,1,Land-Home,2,120000,1600,3,202304,1.0553,23040201,1.875,7.3783837129967145
4.9,2,1,3,0,Rural,Midwest,1,1,Vehicle,2,170000,1600,3,202304,1.0553,23040202,1.875,7.3783837129967145
4.9,1,1,3,0,Urban,Midwest,1,1,Vehicle,2,180000,2400,3,202304,1.0553,23040203,1.25,7.783640596221253
4.9,2,1,3,0,Suburban,Midwest,1,1,Land-Home,2,160000,1200,3,202304,1.0553,23040204,2.5,7.0909098220799835
25.2,2,1,3,0,Rural,South,1,1,Land-Home,2,130000,2500,3,202304,1.0553,23040205,1.2,7.824445930877619
25.2,2,1,3,0,Rural,South,1,1,Land-Home,2,140000,1800,3,202304,1.0553,23040206,1.6666666666666667,7.496097345175956
25.2,2,1,3,0,Rural,South,1,1,Land-Home,2,170000,2000,3,202304,1.0553,23040207,1.5,7.601402334583733
25.2,2,1,3,0,Rural,South,1,1,Land-Home,2,120000,2000,3,202304,1.0553,23040208,1.5,7.601402334583733
25.2,2,1,3,0,Rural,South,1,1,Vehicle,2,170000,2000,3,202304,1.0553,23040209,1.5,7.601402334583733
25.2,2,1,3,0,Rural,South,1,1,Land-Home,2,200000,2200,3,202304,1.0553,23040210,1.3636363636363638,7.696667081526462
25.2,2,1,3,0,Suburban,South,1,1,Land-Home,2,97000,2100,3,202304,1.0553,23040211,1.4285714285714286,7.650168700845001
25.2,1,1,4,0,Rural,South,1,1,Land-Home,2,240000,2500,3,202304,1.0553,23040212,1.2,7.824445930877619
4.9,2,1,3,0,Urban,Midwest,1,1,Vehicle,2,130000,1500,3,202304,1.0553,23040213,2.0,7.313886831633462
4.9,1,1,3,0,Urban,Midwest,1,1,Land-Home,2,150000,1600,3,202304,1.0553,23040214,1.875,7.3783837129967145
4.9,1,1,5,0,Urban,Midwest,1,1,Land-Home,2,140000,1600,1,202304,1.0553,23040215,0.625,7.3783837129967145
4.9,2,1,5,0,Urban,Midwest,1,3,Land-Home,2,150000,1600,3,202304,1.0553,23040217,1.875,7.3783837129967145
4.9,1,1,3,0,Urban,Midwest,1,1,Vehicle,2,140000,1600,3,202304,1.0553,23040218,1.875,7.3783837129967145
4.9,1,1,3,0,Urban,Midwest,1,1,Land-Home,2,86000,1100,3,202304,1.0553,23040219,2.7272727272727275,7.00397413672268
4.9,2,1,3,0,Urban,Midwest,1,1,Land-Home,2,130000,1100,1,202304,1.0553,23040220,0.9090909090909091,7.00397413672268
4.9,2,1,3,0,Urban,Midwest,1,1,Land-Home,2,150000,1600,3,202304,1.0553,23040222,1.875,7.3783837129967145
4.9,1,1,3,0,Urban,Midwest,1,1,Land-Home,2,180000,2000,3,202304,1.0553,23040223,1.5,7.601402334583733
4.9,2,1,3,0,Urban,Midwest,1,1,Land-Home,2,86000,1300,3,202304,1.0553,23040224,2.307692307692308,7.170888478512505
4.9,1,1,3,0,Urban,Midwest,2,1,Land-Home,2,100000,1600,1,202304,1.0553,23040225,0.625,7.3783837129967145
4.9,1,1,3,0,Urban,Midwest,1,1,Land-Home,2,160000,1800,3,202304,1.0553,23040226,1.6666666666666667,7.496097345175956
4.9,2,1,3,0,Urban,Midwest,1,1,Land-Home,2,130000,1600,3,202304,1.0553,23040227,1.875,7.3783837129967145
4.9,2,1,3,0,Urban,Midwest,1,1,Vehicle,2,150000,1500,3,202304,1.0553,23040228,2.0,7.313886831633462
25.2,2,1,5,0,Rural,South,1,1,Vehicle,2,170000,2300,3,202304,1.0553,23040229,1.3043478260869565,7.741099090035366
4.9,2,1,3,0,Rural,Midwest,1,1,Land-Home,2,120000,1600,3,202304,1.0553,23040230,1.875,7.3783837129967145
4.9,2,1,3,0,Rural,Midwest,1,2,Vehicle,2,110000,2400,3,202304,1.0553,23040231,1.25,7.783640596221253
4.9,2,1,3,0,Suburban,West,1,1,Land-Home,2,190000,2300,3,202304,1.0553,23040232,1.3043478260869565,7.741099090035366
7.1789000000000005,2,1,5,0,Suburban,West,1,2,Vehicle,2,220000,1800,3,202304,1.0553,23040233,1.6666666666666667,7.496097345175956
7.1789000000000005,2,1,3,0,Suburban,West,1,1,Land-Home,2,150000,1500,3,202304,1.0553,23040234,2.0,7.313886831633462
7.1789000000000005,2,1,5,0,Suburban,West,3,1,Land-Home,2,180000,2300,3,202304,1.0553,23040235,1.3043478260869565,7.741099090035366
7.1789000000000005,1,1,4,0,Urban,West,2,1,Vehicle,2,200000,1400,3,202304,1.0553,23040236,2.142857142857143,7.244941546337007
7.1789000000000005,1,1,3,0,Rural,West,1,1,Land-Home,2,130000,1500,3,202304,1.0553,23040237,2.0,7.313886831633462
7.1789000000000005,2,1,3,0,Suburban,West,1,1,Vehicle,2,150000,2100,3,202304,1.0553,23040238,1.4285714285714286,7.650168700845001
7.1789000000000005,2,1,3,0,Suburban,West,1,1,Land-Home,2,170000,2000,3,202304,1.0553,23040239,1.5,7.601402334583733
7.1789000000000005,2,1,3,0,Rural,West,1,1,Land-Home,2,110000,1600,3,202304,1.0553,23040240,1.875,7.3783837129967145
5.175,1,1,3,0,Urban,Northeast,1,1,Land-Home,2,170000,2000,3,202304,1.0553,23040241,1.5,7.601402334583733
5.175,1,1,3,0,Urban,Northeast,1,1,Vehicle,2,150000,1500,3,202304,1.0553,23040242,2.0,7.313886831633462
25.2,2,1,3,0,Suburban,South,1,1,Land-Home,2,150000,1900,3,202304,1.0553,23040243,1.5789473684210527,7.550135342488429
25.2,2,1,3,0,Rural,South,1,1,Land-Home,2,110000,1600,3,202304,1.0553,23040244,1.875,7.3783837129967145
25.2,2,1,3,0,Suburban,South,1,2,Vehicle,2,130000,1500,3,202304,1.0553,23040245,2.0,7.313886831633462
25.2,1,1,3,0,Suburban,South,1,1,Vehicle,2,78000,1600,3,202304,1.0553,23040246,1.875,7.3783837129967145
25.2,2,1,3,0,Rural,South,1,1,Vehicle,2,160000,1700,3,202304,1.0553,23040247,1.7647058823529413,7.438971592395862
4.9,2,1,3,0,Urban,Midwest,1,1,Land-Home,2,86000,1100,3,202304,1.0553,23040248,2.7272727272727275,7.00397413672268
4.9,1,1,3,0,Urban,Midwest,1,1,Land-Home,2,110000,1700,3,202304,1.0553,23040249,1.7647058823529413,7.438971592395862
4.9,2,1,3,0,Urban,Midwest,1,1,Land-Home,2,150000,1600,1,202304,1.0553,23040250,0.625,7.3783837129967145
25.2,2,1,3,0,Suburban,South,1,1,Land-Home,2,170000,1900,3,202304,1.0553,23040251,1.5789473684210527,7.550135342488429
25.2,2,1,3,0,Rural,South,1,1,Land-Home,2,120000,1600,3,202304,1.0553,23040252,1.875,7.3783837129967145
25.2,2,1,3,0,Suburban,South,1,1,Land-Home,2,180000,1800,3,202304,1.0553,23040253,1.6666666666666667,7.496097345175956
7.1789000000000005,2,1,3,0,Suburban,West,1,1,Land-Home,2,150000,1500,1,202304,1.0553,23040254,0.6666666666666666,7.313886831633462
7.1789000000000005,2,1,3,0,Suburban,West,1,1,Land-Home,2,210000,1600,3,202304,1.0553,23040255,1.875,7.3783837129967145
7.1789000000000005,2,1,3,0,Suburban,West,1,1,Land-Home,2,150000,1600,1,202304,1.0553,23040256,0.625,7.3783837129967145
7.1789000000000005,2,1,3,0,Urban,West,1,1,Land-Home,2,240000,1700,3,202304,1.0553,23040257,1.7647058823529413,7.438971592395862
7.1789000000000005,2,1,5,0,,West,4,3,Land-Home,2,110000,1100,1,202304,1.0553,23040258,0.9090909090909091,7.00397413672268
7.1789000000000005,2,1,3,0,Suburban,West,1,1,Land-Home,2,190000,1800,3,202304,1.0553,23040259,1.6666666666666667,7.496097345175956
5.175,2,1,3,0,Rural,Northeast,1,1,Land-Home,2,120000,1700,3,202304,1.0553,23040260,1.7647058823529413,7.438971592395862
5.175,2,1,3,0,Suburban,Northeast,1,1,Land-Home,2,93000,1300,3,202304,1.0553,23040261,2.307692307692308,7.170888478512505
5.175,1,1,3,0,Urban,Northeast,1,1,Land-Home,2,110000,950,1,202304,1.0553,23040262,1.0526315789473684,6.85751406254539
5.175,1,1,3,0,Urban,Northeast,1,1,Land-Home,2,140000,1500,3,202304,1.0553,23040263,2.0,7.313886831633462
5.175,2,1,3,0,Urban,Northeast,1,2,Vehicle,2,150000,2000,3,202304,1.0553,23040264,1.5,7.601402334583733
5.175,1,1,3,0,Urban,Northeast,1,1,Land-Home,2,130000,1500,3,202304,1.0553,23040265,2.0,7.313886831633462
5.175,1,1,3,0,Urban,Northeast,1,1,Land-Home,2,210000,1600,3,202304,1.0553,23040266,1.875,7.3783837129967145
5.175,2,1,3,0,Urban,Northeast,1,1,Land-Home,2,93000,1200,3,202304,1.0553,23040267,2.5,7.0909098220799835
5.175,2,1,3,0,Urban,Northeast,1,1,Land-Home,2,160000,1700,3,202304,1.0553,23040268,1.7647058823529413,7.438971592395862
5.175,1,1,3,0,Urban,Northeast,1,1,Land-Home,2,140000,1600,3,202304,1.0553,23040269,1.875,7.3783837129967145
25.2,1,1,5,0,Rural,South,1,1,Land-Home,2,150000,1500,3,202304,1.0553,23040270,2.0,7.313886831633462
25.2,2,1,3,0,Rural,South,1,1,Land-Home,2,180000,2200,3,202304,1.0553,23040271,1.3636363636363638,7.696667081526462
25.2,2,1,4,0,Rural,South,1,1,Land-Home,2,140000,1300,3,202304,1.0553,23040273,2.307692307692308,7.170888478512505
25.2,2,1,3,0,Rural,South,2,1,Land-Home,2,180000,2200,3,202304,1.0553,23040274,1.3636363636363638,7.696667081526462
25.2,2,1,3,0,Rural,South,1,1,Land-Home,2,170000,1900,3,202304,1.0553,23040275,1.5789473684210527,7.550135342488429
25.2,2,1,5,0,Rural,South,1,1,Land-Home,2,97000,1600,3,202304,1.0553,23040276,1.875,7.3783837129967145
25.2,2,1,4,0,Suburban,South,1,2,Land-Home,2,120000,1900,3,202304,1.0553,23040277,1.5789473684210527,7.550135342488429
25.2,2,1,3,0,Rural,South,1,1,Land-Home,2,240000,2500,3,202304,1.0553,23040278,1.2,7.824445930877619
25.2,2,1,3,0,Suburban,South,1,1,Land-Home,2,160000,1900,3,202304,1.0553,23040279,1.5789473684210527,7.550135342488429
25.2,2,1,3,0,Suburban,South,1,1,Vehicle,2,110000,1600,3,202304,1.0553,23040280,1.875,7.3783837129967145
25.2,2,1,3,0,Rural,South,1,1,Land-Home,2,150000,1600,3,202304,1.0553,23040281,1.875,7.3783837129967145
25.2,2,1,5,0,Rural,South,1,1,Land-Home,2,240000,2000,3,202304,1.0553,23040282,1.5,7.601402334583733
25.2,2,1,3,0,Suburban,South,1,1,Land-Home,2,190000,2300,3,202304,1.0553,23040283,1.3043478260869565,7.741099090035366
25.2,2,1,3,0,Rural,South,1,1,Land-Home,2,170000,2000,3,202304,1.0553,23040284,1.5,7.601402334583733
25.2,2,1,3,0,Rural,South,1,1,Land-Home,2,130000,1900,3,202304,1.0553,23040285,1.5789473684210527,7.550135342488429
25.2,2,1,5,0,Urban,South,1,1,Land-Home,2,140000,1700,3,202304,1.0553,23040286,1.7647058823529413,7.438971592395862
25.2,2,1,3,0,Rural,South,1,1,Land-Home,2,130000,2100,3,202304,1.0553,23040287,1.4285714285714286,7.650168700845001
25.2,2,1,3,0,Rural,South,1,1,Land-Home,2,120000,1600,3,202304,1.0553,23040288,1.875,7.3783837129967145
25.2,2,1,5,0,Rural,South,1,1,Land-Home,2,160000,2000,3,202304,1.0553,23040289,1.5,7.601402334583733
25.2,2,1,3,0,Rural,South,1,1,Land-Home,2,170000,2200,3,202304,1.0553,23040290,1.3636363636363638,7.696667081526462
25.2,2,1,3,0,Suburban,South,1,1,Vehicle,2,170000,1900,3,202304,1.0553,23040291,1.5789473684210527,7.550135342488429
25.2,2,1,5,0,Rural,South,1,1,Land-Home,2,78000,1300,3,202304,1.0553,23040292,2.307692307692308,7.170888478512505
25.2,2,1,5,0,Suburban,South,1,1,Land-Home,2,200000,2100,3,202304,1.0553,23040293,1.4285714285714286,7.650168700845001
25.2,2,1,3,0,Rural,South,1,1,Land-Home,2,170000,1800,3,202304,1.0553,23040294,1.6666666666666667,7.496097345175956
25.2,2,1,3,0,Urban,South,1,1,Land-Home,2,78000,1700,3,202304,1.0553,23040295,1.7647058823529413,7.438971592395862
25.2,1,1,3,0,Rural,South,1,1,Land-Home,2,170000,2100,3,202304,1.0553,23040296,1.4285714285714286,7.650168700845001
25.2,2,1,3,0,Rural,South,1,1,Land-Home,2,150000,1600,3,202304,1.0553,23040297,1.875,7.3783837129967145
25.2,2,1,3,0,Suburban,South,1,1,Land-Home,2,110000,1600,3,202304,1.0553,23040298,1.875,7.3783837129967145
25.2,1,1,3,0,Rural,South,1,2,Vehicle,2,120000,1600,3,202304,1.0553,23040299,1.875,7.3783837129967145
25.2,2,1,3,0,Suburban,South,1,1,Land-Home,2,110000,1600,3,202304,1.0553,23040300,1.875,7.3783837129967145
25.2,2,1,3,0,Suburban,South,1,2,Vehicle,2,200000,1500,3,202304,1.0553,23040301,2.0,7.313886831633462
25.2,2,1,3,0,Rural,South,1,1,Land-Home,2,150000,1300,3,202304,1.0553,23040302,2.307692307692308,7.170888478512505
25.2,2,1,3,0,Rural,South,1,1,Land-Home,2,160000,1800,3,202304,1.0553,23040303,1.6666666666666667,7.496097345175956
25.2,2,1,3,0,Rural,South,1,1,Land-Home,2,140000,1300,3,202304,1.0553,23040304,2.307692307692308,7.170888478512505
25.2,2,1,1,0,Suburban,South,0,0,Vehicle,2,190000,2500,3,202304,1.0553,23040305,1.2,7.824445930877619
7.1789000000000005,2,1,2,0,Rural,West,0,0,Vehicle,2,160000,1500,1,202304,1.0553,23040306,0.6666666666666666,7.313886831633462
7.1789000000000005,2,1,2,0,Rural,West,0,0,Vehicle,2,140000,1300,1,202304,1.0553,23040307,0.7692307692307693,7.170888478512505
7.1789000000000005,2,1,2,0,Urban,West,0,0,Vehicle,2,170000,2000,3,202304,1.0553,23040308,1.5,7.601402334583733
5.175,1,1,1,0,Urban,Northeast,0,0,Land-Home,2,310000,1600,1,202304,1.0553,23040309,0.625,7.3783837129967145
5.175,2,1,1,0,Urban,Northeast,0,0,Land-Home,2,120000,1200,3,202304,1.0553,23040310,2.5,7.0909098220799835
5.175,2,1,1,0,Rural,Northeast,0,0,Vehicle,2,180000,1700,3,202304,1.0553,23040311,1.7647058823529413,7.438971592395862
5.175,2,1,1,0,Urban,Northeast,0,0,Land-Home,2,190000,1400,3,202304,1.0553,23040312,2.142857142857143,7.244941546337007
5.175,2,1,1,0,Rural,Northeast,0,0,Land-Home,2,310000,1500,3,202304,1.0553,23040313,2.0,7.313886831633462
5.175,2,1,1,0,Rural,Northeast,0,0,Land-Home,2,180000,1500,3,202304,1.0553,23040314,2.0,7.313886831633462
25.2,2,1,2,0,Rural,South,0,0,Land-Home,2,190000,2500,3,202304,1.0553,23040315,1.2,7.824445930877619
4.9,2,1,2,0,Urban,Midwest,0,0,Land-Home,2,150000,1500,3,202304,1.0553,23040317,2.0,7.313886831633462
4.9,2,1,2,0,Rural,Midwest,0,0,Vehicle,2,200000,2200,3,202304,1.0553,23040318,1.3636363636363638,7.696667081526462
4.9,2,1,1,0,Suburban,Midwest,0,0,Vehicle,2,120000,1300,1,202304,1.0553,23040319,0.7692307692307693,7.170888478512505
5.175,1,1,1,0,Urban,Northeast,0,0,Land-Home,2,150000,1500,3,202304,1.0553,23040320,2.0,7.313886831633462
5.175,1,1,1,0,Urban,Northeast,0,0,Land-Home,2,140000,1300,3,202304,1.0553,23040321,2.307692307692308,7.170888478512505
5.175,1,1,1,0,Urban,Northeast,0,0,Other,2,130000,950,1,202304,1.0553,23040322,1.0526315789473684,6.85751406254539
5.175,2,1,1,0,Suburban,Northeast,0,0,Land-Home,2,240000,950,3,202304,1.0553,23040323,3.1578947368421053,6.85751406254539
5.175,1,1,1,0,Urban,Northeast,0,0,Vehicle,2,130000,1500,3,202304,1.0553,23040324,2.0,7.313886831633462
5.175,1,1,1,0,Urban,Northeast,0,0,Land-Home,2,310000,1600,1,202304,1.0553,23040325,0.625,7.3783837129967145
5.175,1,1,2,0,Urban,Northeast,0,0,Land-Home,2,150000,1600,3,202304,1.0553,23040326,1.875,7.3783837129967145
5.175,2,1,1,0,Suburban,Northeast,0,0,Vehicle,2,140000,1800,3,202304,1.0553,23040327,1.6666666666666667,7.496097345175956
5.175,2,1,1,0,Urban,Northeast,0,0,Land-Home,2,160000,1700,3,202304,1.0553,23040328,1.7647058823529413,7.438971592395862
5.175,1,1,1,0,Urban,Northeast,0,0,Vehicle,2,130000,1500,3,202304,1.0553,23040329,2.0,7.313886831633462
4.9,2,1,2,0,Rural,Midwest,0,0,Land-Home,2,130000,1800,3,202304,1.0553,23040330,1.6666666666666667,7.496097345175956
5.175,2,1,1,0,Suburban,Northeast,0,0,Land-Home,2,230000,1500,3,202304,1.0553,23040331,2.0,7.313886831633462
5.175,1,1,2,0,Suburban,Northeast,0,0,Vehicle,2,140000,1700,3,202304,1.0553,23040332,1.7647058823529413,7.438971592395862
25.2,2,1,2,0,Rural,South,0,0,Vehicle,2,180000,2200,3,202304,1.0553,23040333,1.3636363636363638,7.696667081526462
25.2,2,1,1,0,Rural,South,0,0,Land-Home,2,110000,1600,3,202304,1.0553,23040334,1.875,7.3783837129967145
4.9,2,1,1,0,Rural,Midwest,0,0,Vehicle,2,140000,1400,3,202304,1.0553,23040335,2.142857142857143,7.244941546337007
4.9,2,1,1,0,Rural,Midwest,0,0,Land-Home,2,130000,1100,1,202304,1.0553,23040336,0.9090909090909091,7.00397413672268
7.1789000000000005,2,2,9,0,,West,9,9,,2,190000,1600,3,202304,1.0553,23040337,1.875,7.3783837129967145
7.1789000000000005,1,2,9,0,,West,9,9,,2,130000,1000,3,202304,1.0553,23040338,3.0,6.90875477931522
7.1789000000000005,1,2,9,0,,West,9,9,,2,140000,1500,3,202304,1.0553,23040339,2.0,7.313886831633462
7.1789000000000005,1,2,9,0,,West,9,9,,2,200000,1600,3,202304,1.0553,23040340,1.875,7.3783837129967145
7.1789000000000005,1,2,9,0,,West,9,9,,2,300000,1700,1,202304,1.0553,23040341,0.588235294117647,7.438971592395862
25.2,1,2,9,0,,South,9,9,,2,170000,1900,3,202304,1.0553,23040342,1.5789473684210527,7.550135342488429
25.2,1,2,9,0,,South,9,9,,2,150000,1700,3,202304,1.0553,23040343,1.7647058823529413,7.438971592395862
25.2,2,2,9,0,,South,9,9,,2,180000,2300,3,202304,1.0553,23040344,1.3043478260869565,7.741099090035366
25.2,2,2,9,0,,South,9,9,,2,130000,2300,3,202304,1.0553,23040345,1.3043478260869565,7.741099090035366
4.9,1,2,9,0,,Midwest,9,9,,2,150000,1500,3,202304,1.0553,23040346,2.0,7.313886831633462
25.2,1,2,9,0,,South,9,9,,2,120000,2500,3,202304,1.0553,23040347,1.2,7.824445930877619
25.2,1,2,9,0,,South,9,9,,2,130000,1600,3,202304,1.0553,23040348,1.875,7.3783837129967145
25.2,1,2,9,0,,South,9,9,,2,160000,1700,3,202304,1.0553,23040349,1.7647058823529413,7.438971592395862
4.9,2,2,9,0,,Midwest,9,9,,2,150000,1400,3,202304,1.0553,23040350,2.142857142857143,7.244941546337007
5.175,1,2,9,0,,Northeast,9,9,,2,160000,1600,3,202304,1.0553,23040351,1.875,7.3783837129967145
25.2,1,2,9,0,,South,9,9,,2,140000,1600,3,202304,1.0553,23040352,1.875,7.3783837129967145
7.1789000000000005,1,2,9,0,,West,9,9,,2,120000,1600,3,202304,1.0553,23040353,1.875,7.3783837129967145
4.9,1,2,9,0,,Midwest,9,9,,2,110000,1600,3,202304,1.0553,23040354,1.875,7.3783837129967145
4.9,1,2,9,0,,Midwest,9,9,,2,260000,2400,3,202304,1.0553,23040355,1.25,7.783640596221253
4.9,1,2,9,0,,Midwest,9,9,,2,180000,2400,3,202304,1.0553,23040356,1.25,7.783640596221253
4.9,1,2,9,0,,Midwest,9,9,,2,210000,2000,3,202304,1.0553,23040357,1.5,7.601402334583733
25.2,1,2,9,0,,South,9,9,,2,150000,1800,3,202304,1.0553,23040358,1.6666666666666667,7.496097345175956
25.2,1,2,9,0,,South,9,9,,2,170000,1900,3,202304,1.0553,23040359,1.5789473684210527,7.550135342488429
4.9,1,2,9,0,,Midwest,9,9,,2,150000,1700,3,202304,1.0553,23040360,1.7647058823529413,7.438971592395862
5.175,1,2,9,0,,Northeast,9,9,,2,150000,1300,3,202304,1.0553,23040361,2.307692307692308,7.170888478512505
25.2,1,2,9,0,,South,9,9,,2,170000,1900,3,202304,1.0553,23040362,1.5789473684210527,7.550135342488429
7.1789000000000005,1,2,9,0,,West,9,9,,2,160000,1800,3,202304,1.0553,23040363,1.6666666666666667,7.496097345175956
7.1789000000000005,1,2,9,0,,West,9,9,,2,150000,1600,3,202304,1.0553,23040364,1.875,7.3783837129967145
7.1789000000000005,1,2,9,0,,West,9,9,,2,140000,1200,3,202304,1.0553,23040365,2.5,7.0909098220799835
25.2,1,2,9,0,,South,9,9,,2,130000,1900,3,202304,1.0553,23040366,1.5789473684210527,7.550135342488429
25.2,1,2,9,0,,South,9,9,,2,140000,1600,3,202304,1.0553,23040367,1.875,7.3783837129967145
7.1789000000000005,1,2,9,0,,West,9,9,,2,150000,1500,3,202304,1.0553,23040368,2.0,7.313886831633462
7.1789000000000005,1,2,9,0,,West,9,9,,2,150000,1300,3,202304,1.0553,23040369,2.307692307692308,7.170888478512505
7.1789000000000005,1,2,9,0,,West,9,9,,2,150000,1500,3,202304,1.0553,23040370,2.0,7.313886831633462
25.2,1,2,9,0,,South,9,9,,2,160000,1700,3,202304,1.0553,23040371,1.7647058823529413,7.438971592395862
7.1789000000000005,1,2,9,0,,West,9,9,,2,240000,2200,3,202304,1.0553,23040372,1.3636363636363638,7.696667081526462
25.2,1,2,9,0,,South,9,9,,2,150000,1600,3,202304,1.0553,23040373,1.875,7.3783837129967145
5.175,1,2,9,0,,Northeast,9,9,,2,150000,1600,3,202304,1.0553,23040374,1.875,7.3783837129967145
25.2,1,2,9,0,,South,9,9,,2,78000,1800,3,202304,1.0553,23040375,1.6666666666666667,7.496097345175956
4.9,1,2,9,0,,Midwest,9,9,,2,86000,1700,3,202304,1.0553,23040376,1.7647058823529413,7.438971592395862
25.2,1,2,9,0,,South,9,9,,2,100000,1600,3,202304,1.0553,23040377,1.875,7.3783837129967145
7.1789000000000005,1,2,9,0,,West,9,9,,2,130000,1100,1,202304,1.0553,23040378,0.9090909090909091,7.00397413672268
7.1789000000000005,1,2,9,0,,West,9,9,,2,140000,1200,1,202304,1.0553,23040379,0.8333333333333334,7.0909098220799835
7.1789000000000005,1,2,9,0,,West,9,9,,2,160000,1800,3,202304,1.0553,23040380,1.6666666666666667,7.496097345175956
7.1789000000000005,1,2,9,0,,West,9,9,,2,150000,1500,3,202304,1.0553,23040381,2.0,7.313886831633462
25.2,1,2,9,0,,South,9,9,,2,150000,1500,3,202304,1.0553,23040382,2.0,7.313886831633462
5.175,1,2,9,0,,Northeast,9,9,,2,140000,1300,3,202304,1.0553,23040383,2.307692307692308,7.170888478512505
4.9,1,2,9,0,,Midwest,9,9,,2,150000,1500,3,202304,1.0553,23040384,2.0,7.313886831633462
4.9,1,2,9,0,,Midwest,9,9,,2,150000,1500,1,202304,1.0553,23040385,0.6666666666666666,7.313886831633462
7.1789000000000005,1,2,9,0,,West,9,9,,2,240000,1600,3,202304,1.0553,23040386,1.875,7.3783837129967145
25.2,1,2,9,0,,South,9,9,,2,170000,2000,3,202304,1.0553,23040387,1.5,7.601402334583733
7.1789000000000005,1,2,9,0,,West,9,9,,2,150000,1500,3,202304,1.0553,23040388,2.0,7.313886831633462
5.175,2,2,9,0,,Northeast,9,9,,2,130000,950,3,202304,1.0553,23040389,3.1578947368421053,6.85751406254539
25.2,1,2,9,0,,South,9,9,,2,160000,1700,3,202304,1.0553,23040390,1.7647058823529413,7.438971592395862
7.1789000000000005,1,2,9,0,,West,9,9,,2,190000,1600,3,202304,1.0553,23040391,1.875,7.3783837129967145
7.1789000000000005,1,2,9,0,,West,9,9,,2,180000,2200,3,202304,1.0553,23040392,1.3636363636363638,7.696667081526462
7.1789000000000005,1,2,9,0,,West,9,9,,2,150000,1500,3,202304,1.0553,23040393,2.0,7.313886831633462
5.175,1,2,9,0,,Northeast,9,9,,2,93000,950,3,202304,1.0553,23040394,3.1578947368421053,6.85751406254539
25.2,1,2,9,0,,South,9,9,,2,130000,2000,3,202304,1.0553,23040395,1.5,7.601402334583733
4.9,1,2,9,0,,Midwest,9,9,,2,120000,1300,3,202304,1.0553,23040396,2.307692307692308,7.170888478512505
25.2,1,2,9,0,,South,9,9,,2,190000,2500,3,202304,1.0553,23040397,1.2,7.824445930877619
4.9,1,2,9,0,,Midwest,9,9,,2,140000,1700,3,202304,1.0553,23040398,1.7647058823529413,7.438971592395862
25.2,1,2,9,0,,South,9,9,,2,140000,1600,3,202304,1.0553,23040399,1.875,7.3783837129967145
25.2,1,2,9,0,,South,9,9,,2,150000,1600,3,202304,1.0553,23040400,1.875,7.3783837129967145
25.2,1,2,9,0,,South,9,9,,2,180000,2200,3,202304,1.0553,23040401,1.3636363636363638,7.696667081526462
4.9,1,2,9,0,,Midwest,9,9,,2,150000,1500,3,202304,1.0553,23040402,2.0,7.313886831633462
56.9429,2,1,3,0,Suburban,South,1,1,Land-Home,1,80000,920,3,202305,1.1024,23050001,3.260869565217391,6.825460036255307
56.9429,2,1,4,0,Suburban,South,1,2,Land-Home,1,98000,1200,3,202305,1.1024,23050002,2.5,7.0909098220799835
16.2105,2,1,3,0,Rural,West,1,2,Land-Home,1,72000,780,1,202305,1.1024,23050003,1.2820512820512822,6.660575149839686
16.2105,1,1,3,0,Urban,West,1,1,Land-Home,1,160000,750,1,202305,1.1024,23050004,1.3333333333333333,6.621405651764134
16.2105,2,1,5,0,Rural,West,1,1,Land-Home,1,77000,1100,3,202305,1.1024,23050005,2.7272727272727275,7.00397413672268
16.2105,1,1,3,0,Urban,West,3,1,Land-Home,1,57000,540,1,202305,1.1024,23050006,1.8518518518518519,6.293419278846481
16.2105,2,1,3,0,Rural,West,3,1,Land-Home,1,83000,960,1,202305,1.1024,23050007,1.0416666666666667,6.8679744089702925
56.9429,2,1,5,0,Rural,South,1,1,Vehicle,1,98000,1200,3,202305,1.1024,23050009,2.5,7.0909098220799835
56.9429,1,1,4,0,Urban,South,1,2,Land-Home,1,85000,1200,3,202305,1.1024,23050010,2.5,7.0909098220799835
16.2105,2,1,3,0,Urban,West,3,1,Land-Home,1,72000,780,1,202305,1.1024,23050011,1.2820512820512822,6.660575149839686
16.2105,2,1,3,0,Urban,West,1,1,Land-Home,1,77000,870,1,202305,1.1024,23050013,1.1494252873563218,6.769641976852503
16.2105,1,1,3,0,Urban,West,1,1,Vehicle,1,90000,1200,3,202305,1.1024,23050014,2.5,7.0909098220799835
12.583300000000001,2,1,3,0,Suburban,Northeast,1,1,Land-Home,1,100000,1100,1,202305,1.1024,23050015,0.9090909090909091,7.00397413672268
56.9429,2,1,3,0,Urban,South,1,1,Land-Home,1,98000,1200,3,202305,1.1024,23050016,2.5,7.0909098220799835
13.581800000000001,2,1,4,0,Urban,Midwest,1,1,Land-Home,1,100000,1300,3,202305,1.1024,23050019,2.307692307692308,7.170888478512505
13.581800000000001,2,1,3,0,Urban,Midwest,1,1,Land-Home,1,79000,900,1,202305,1.1024,23050020,1.1111111111111112,6.803505257608338
13.581800000000001,2,1,3,0,Urban,Midwest,1,1,Land-Home,1,53000,900,1,202305,1.1024,23050021,1.1111111111111112,6.803505257608338
13.581800000000001,1,1,3,0,Urban,Midwest,1,1,Land-Home,1,69000,670,1,202305,1.1024,23050022,1.492537313432836,6.508769136971682
13.581800000000001,2,1,3,0,Suburban,Midwest,1,1,Land-Home,1,86000,1000,1,202305,1.1024,23050023,1.0,6.90875477931522
13.581800000000001,2,1,3,0,Suburban,Midwest,1,1,Land-Home,1,100000,1300,3,202305,1.1024,23050024,2.307692307692308,7.170888478512505
13.581800000000001,2,1,3,0,Urban,Midwest,1,1,Land-Home,1,79000,900,1,202305,1.1024,23050025,1.1111111111111112,6.803505257608338
13.581800000000001,2,1,3,0,Suburban,Midwest,1,1,Land-Home,1,86000,1000,1,202305,1.1024,23050026,1.0,6.90875477931522
13.581800000000001,2,1,3,0,Urban,Midwest,1,1,Land-Home,1,83000,960,1,202305,1.1024,23050027,1.0416666666666667,6.8679744089702925
13.581800000000001,1,1,3,0,Urban,Midwest,1,1,Vehicle,1,86000,1000,1,202305,1.1024,23050028,1.0,6.90875477931522
13.581800000000001,2,1,3,0,Urban,Midwest,1,1,Vehicle,1,98000,1200,3,202305,1.1024,23050029,2.5,7.0909098220799835
13.581800000000001,2,1,3,0,Urban,Midwest,1,1,Land-Home,1,75000,840,1,202305,1.1024,23050030,1.1904761904761907,6.734591659972948
13.581800000000001,1,1,3,0,Urban,Midwest,1,1,Land-Home,1,79000,900,1,202305,1.1024,23050032,1.1111111111111112,6.803505257608338
13.581800000000001,2,1,3,0,Urban,Midwest,1,1,Land-Home,1,79000,900,1,202305,1.1024,23050033,1.1111111111111112,6.803505257608338
13.581800000000001,1,1,3,0,Urban,Midwest,1,1,Other,1,100000,1300,3,202305,1.1024,23050034,2.307692307692308,7.170888478512505
13.581800000000001,2,1,3,0,Urban,Midwest,1,1,Land-Home,1,90000,1100,1,202305,1.1024,23050035,0.9090909090909091,7.00397413672268
13.581800000000001,2,1,3,0,Suburban,Midwest,1,1,Land-Home,1,81000,1100,3,202305,1.1024,23050036,2.7272727272727275,7.00397413672268
56.9429,2,1,5,0,Urban,South,1,1,Land-Home,1,98000,1200,3,202305,1.1024,23050037,2.5,7.0909098220799835
13.581800000000001,2,1,3,0,Urban,Midwest,1,1,Land-Home,1,65000,670,1,202305,1.1024,23050038,1.492537313432836,6.508769136971682
13.581800000000001,2,1,3,0,Urban,Midwest,1,1,Land-Home,1,88000,1100,3,202305,1.1024,23050039,2.7272727272727275,7.00397413672268
13.581800000000001,2,1,3,0,Urban,Midwest,1,1,Land-Home,1,70000,900,1,202305,1.1024,23050040,1.1111111111111112,6.803505257608338
13.581800000000001,2,1,3,0,Urban,Midwest,1,1,Land-Home,1,70000,900,1,202305,1.1024,23050041,1.1111111111111112,6.803505257608338
13.581800000000001,2,1,3,0,Urban,Midwest,1,1,Land-Home,1,80000,670,1,202305,1.1024,23050042,1.492537313432836,6.508769136971682
13.581800000000001,1,1,3,0,Urban,Midwest,1,1,Land-Home,1,90000,1100,3,202305,1.1024,23050043,2.7272727272727275,7.00397413672268
13.581800000000001,2,1,3,0,Urban,Midwest,1,1,Land-Home,1,98000,1200,3,202305,1.1024,23050044,2.5,7.0909098220799835
13.581800000000001,1,1,3,0,Urban,Midwest,1,1,Land-Home,1,88000,990,3,202305,1.1024,23050045,3.0303030303030303,6.898714534329988
56.9429,2,1,3,0,Rural,South,1,1,Land-Home,1,82000,1200,3,202305,1.1024,23050046,2.5,7.0909098220799835
56.9429,2,1,4,0,Urban,South,1,1,Land-Home,1,75000,1200,3,202305,1.1024,23050047,2.5,7.0909098220799835
13.581800000000001,2,1,3,0,Rural,Midwest,1,1,Land-Home,1,73000,900,3,202305,1.1024,23050048,3.3333333333333335,6.803505257608338
16.2105,2,1,3,0,Suburban,West,1,1,Land-Home,1,57000,540,1,202305,1.1024,23050049,1.8518518518518519,6.293419278846481
13.581800000000001,2,1,3,0,Rural,Midwest,2,1,Land-Home,1,80000,980,3,202305,1.1024,23050050,3.061224489795918,6.8885724595653635
13.581800000000001,2,1,3,0,Rural,Midwest,1,1,Land-Home,1,90000,1100,1,202305,1.1024,23050051,0.9090909090909091,7.00397413672268
13.581800000000001,1,1,3,0,Rural,Midwest,1,1,Land-Home,1,79000,900,3,202305,1.1024,23050052,3.3333333333333335,6.803505257608338
13.581800000000001,2,1,3,0,Suburban,Midwest,1,1,Land-Home,1,120000,1100,1,202305,1.1024,23050053,0.9090909090909091,7.00397413672268
16.2105,1,1,5,0,Suburban,West,1,2,Land-Home,1,70000,750,3,202305,1.1024,23050054,4.0,6.621405651764134
12.583300000000001,2,1,3,0,Suburban,Northeast,1,3,Land-Home,1,75000,1100,3,202305,1.1024,23050055,2.7272727272727275,7.00397413672268
12.583300000000001,2,1,3,0,Suburban,Northeast,1,1,Land-Home,1,180000,590,1,202305,1.1024,23050056,1.694915254237288,6.3818160174060985
56.9429,1,1,3,0,Suburban,South,1,1,Land-Home,1,90000,1100,1,202305,1.1024,23050057,0.9090909090909091,7.00397413672268
56.9429,2,1,3,0,Suburban,South,1,1,Other,1,83000,980,3,202305,1.1024,23050058,3.061224489795918,6.8885724595653635
56.9429,2,1,3,0,Suburban,South,1,1,Land-Home,1,78000,1100,1,202305,1.1024,23050059,0.9090909090909091,7.00397413672268
56.9429,2,1,4,0,Urban,South,1,1,Land-Home,1,90000,1100,3,202305,1.1024,23050060,2.7272727272727275,7.00397413672268
13.581800000000001,1,1,4,0,Urban,Midwest,1,1,Vehicle,1,90000,1100,3,202305,1.1024,23050061,2.7272727272727275,7.00397413672268
13.581800000000001,1,1,3,0,Urban,Midwest,1,1,Land-Home,1,79000,900,1,202305,1.1024,23050062,1.1111111111111112,6.803505257608338
13.581800000000001,2,1,3,0,Urban,Midwest,1,1,Land-Home,1,79000,900,1,202305,1.1024,23050063,1.1111111111111112,6.803505257608338
13.581800000000001,1,1,3,0,Urban,Midwest,1,1,Other,1,62000,670,1,202305,1.1024,23050064,1.492537313432836,6.508769136971682
56.9429,2,1,3,0,Suburban,South,1,1,Land-Home,1,94000,1200,3,202305,1.1024,23050065,2.5,7.0909098220799835
56.9429,2,1,3,0,Suburban,South,1,1,Land-Home,1,98000,1200,3,202305,1.1024,23050066,2.5,7.0909098220799835
12.583300000000001,2,1,3,0,Urban,Northeast,1,3,Land-Home,1,84000,980,1,202305,1.1024,23050067,1.0204081632653061,6.8885724595653635
12.583300000000001,2,1,3,0,Urban,Northeast,1,1,Land-Home,1,53000,950,3,202305,1.1024,23050068,3.1578947368421053,6.85751406254539
56.9429,2,1,4,0,Suburban,South,1,1,Vehicle,1,80000,1100,1,202305,1.1024,23050069,0.9090909090909091,7.00397413672268
56.9429,2,1,3,0,Rural,South,1,1,Vehicle,1,90000,1100,1,202305,1.1024,23050070,0.9090909090909091,7.00397413672268
56.9429,2,1,3,0,Rural,South,1,1,Land-Home,1,67000,990,3,202305,1.1024,23050072,3.0303030303030303,6.898714534329988
56.9429,2,1,5,0,Suburban,South,1,1,Vehicle,1,120000,1300,3,202305,1.1024,23050073,2.307692307692308,7.170888478512505
56.9429,2,1,5,0,Rural,South,1,1,Land-Home,1,100000,1200,3,202305,1.1024,23050074,2.5,7.0909098220799835
56.9429,2,1,5,0,Rural,South,1,1,Land-Home,1,98000,1200,3,202305,1.1024,23050075,2.5,7.0909098220799835
56.9429,2,1,3,0,Suburban,South,1,1,Land-Home,1,98000,1200,3,202305,1.1024,23050076,2.5,7.0909098220799835
56.9429,1,1,3,0,Suburban,South,1,1,Land-Home,1,47200,650,1,202305,1.1024,23050078,1.5384615384615385,6.478509642208569
12.583300000000001,1,1,1,0,Urban,Northeast,0,0,Vehicle,1,73000,920,3,202305,1.1024,23050079,3.260869565217391,6.825460036255307
12.583300000000001,2,1,1,0,Urban,Northeast,0,0,Land-Home,1,130000,980,3,202305,1.1024,23050080,3.061224489795918,6.8885724595653635
12.583300000000001,2,1,1,0,Rural,Northeast,0,0,Land-Home,1,86000,920,1,202305,1.1024,23050081,1.0869565217391304,6.825460036255307
12.583300000000001,1,1,1,0,Urban,Northeast,0,0,Vehicle,1,120000,980,3,202305,1.1024,23050082,3.061224489795918,6.8885724595653635
16.2105,2,1,2,0,Rural,West,0,0,Vehicle,1,77000,870,1,202305,1.1024,23050083,1.1494252873563218,6.769641976852503
13.581800000000001,2,1,1,0,Urban,Midwest,0,0,Land-Home,1,90000,1100,1,202305,1.1024,23050084,0.9090909090909091,7.00397413672268
13.581800000000001,1,1,1,0,Urban,Midwest,0,0,Vehicle,1,100000,1300,3,202305,1.1024,23050085,2.307692307692308,7.170888478512505
13.581800000000001,2,1,1,0,Urban,Midwest,0,0,Vehicle,1,88000,1100,3,202305,1.1024,23050086,2.7272727272727275,7.00397413672268
56.9429,2,1,1,0,Rural,South,0,0,Land-Home,1,80000,920,3,202305,1.1024,23050087,3.260869565217391,6.825460036255307
12.583300000000001,2,1,1,0,Urban,Northeast,0,0,Land-Home,1,60000,590,1,202305,1.1024,23050088,1.694915254237288,6.3818160174060985
12.583300000000001,2,1,1,0,Suburban,Northeast,0,0,Land-Home,1,58000,920,1,202305,1.1024,23050089,1.0869565217391304,6.825460036255307
12.583300000000001,2,1,1,0,Rural,Northeast,0,0,Land-Home,1,89000,980,1,202305,1.1024,23050090,1.0204081632653061,6.8885724595653635
56.9429,2,1,1,0,Rural,South,0,0,Land-Home,1,89000,900,3,202305,1.1024,23050091,3.3333333333333335,6.803505257608338
13.581800000000001,2,1,2,0,Urban,Midwest,0,0,Vehicle,1,79000,900,1,202305,1.1024,23050092,1.1111111111111112,6.803505257608338
13.581800000000001,1,1,1,0,Urban,Midwest,0,0,Vehicle,1,85000,1200,3,202305,1.1024,23050093,2.5,7.0909098220799835
56.9429,2,1,1,0,Urban,South,0,0,Land-Home,1,100000,1200,3,202305,1.1024,23050094,2.5,7.0909098220799835
13.581800000000001,2,1,1,0,Rural,Midwest,0,0,Land-Home,1,85000,1300,3,202305,1.1024,23050095,2.307692307692308,7.170888478512505
16.2105,1,2,9,0,,West,9,9,,1,57000,960,1,202305,1.1024,23050096,1.0416666666666667,6.8679744089702925
13.581800000000001,2,2,9,0,,Midwest,9,9,,1,90000,1100,1,202305,1.1024,23050097,0.9090909090909091,7.00397413672268
56.9429,2,2,9,0,,South,9,9,,1,95000,1200,3,202305,1.1024,23050098,2.5,7.0909098220799835
12.583300000000001,1,2,9,0,,Northeast,9,9,,1,82000,670,1,202305,1.1024,23050099,1.492537313432836,6.508769136971682
12.583300000000001,1,2,9,0,,Northeast,9,9,,1,100000,840,1,202305,1.1024,23050100,1.1904761904761907,6.734591659972948
16.2105,2,2,9,0,,West,9,9,,1,94000,1200,3,202305,1.1024,23050101,2.5,7.0909098220799835
56.9429,1,2,9,0,,South,9,9,,1,85000,1300,3,202305,1.1024,23050102,2.307692307692308,7.170888478512505
13.581800000000001,1,2,9,0,,Midwest,9,9,,1,53000,1300,3,202305,1.1024,23050103,2.307692307692308,7.170888478512505
56.9429,1,2,9,0,,South,9,9,,1,80000,920,3,202305,1.1024,23050104,3.260869565217391,6.825460036255307
13.581800000000001,1,2,9,0,,Midwest,9,9,,1,66000,900,1,202305,1.1024,23050105,1.1111111111111112,6.803505257608338
56.9429,1,2,9,0,,South,9,9,,1,98000,1200,3,202305,1.1024,23050106,2.5,7.0909098220799835
56.9429,1,2,9,0,,South,9,9,,1,69000,650,1,202305,1.1024,23050107,1.5384615384615385,6.478509642208569
56.9429,1,2,9,0,,South,9,9,,1,98000,1200,3,202305,1.1024,23050108,2.5,7.0909098220799835
16.2105,1,2,9,0,,West,9,9,,1,77000,870,1,202305,1.1024,23050109,1.1494252873563218,6.769641976852503
13.581800000000001,1,2,9,0,,Midwest,9,9,,1,53000,960,1,202305,1.1024,23050110,1.0416666666666667,6.8679744089702925
12.583300000000001,1,2,9,0,,Northeast,9,9,,1,75000,840,1,202305,1.1024,23050111,1.1904761904761907,6.734591659972948
12.583300000000001,1,2,9,0,,Northeast,9,9,,1,98000,700,1,202305,1.1024,23050112,1.4285714285714286,6.55250788703459
13.581800000000001,1,2,9,0,,Midwest,9,9,,1,75000,840,1,202305,1.1024,23050114,1.1904761904761907,6.734591659972948
12.583300000000001,1,2,9,0,,Northeast,9,9,,1,73000,950,3,202305,1.1024,23050115,3.1578947368421053,6.85751406254539
56.9429,1,2,9,0,,South,9,9,,1,79000,900,3,202305,1.1024,23050116,3.3333333333333335,6.803505257608338
56.9429,1,2,9,0,,South,9,9,,1,80000,1200,3,202305,1.1024,23050117,2.5,7.0909098220799835
13.581800000000001,1,2,9,0,,Midwest,9,9,,1,79000,900,1,202305,1.1024,23050119,1.1111111111111112,6.803505257608338
28.471400000000003,2,1,3,0,Suburban,South,1,1,Land-Home,2,170000,1900,3,202305,1.01,23050120,1.5789473684210527,7.550135342488429
28.471400000000003,2,1,3,0,Rural,South,1,2,Land-Home,2,180000,2200,3,202305,1.01,23050121,1.3636363636363638,7.696667081526462
28.471400000000003,2,1,5,0,Suburban,South,4,1,Land-Home,2,78000,1300,3,202305,1.01,23050122,2.307692307692308,7.170888478512505
28.471400000000003,2,1,4,0,Urban,South,1,1,Vehicle,2,99000,2100,3,202305,1.01,23050123,1.4285714285714286,7.650168700845001
28.471400000000003,2,1,5,0,Suburban,South,1,1,Land-Home,2,190000,2100,1,202305,1.01,23050124,0.47619047619047616,7.650168700845001
8.1053,2,1,3,0,Rural,West,3,1,Land-Home,2,190000,1300,3,202305,1.01,23050125,2.307692307692308,7.170888478512505
8.1053,2,1,3,0,Suburban,West,1,1,Land-Home,2,180000,1200,1,202305,1.01,23050126,0.8333333333333334,7.0909098220799835
8.1053,2,1,3,0,Suburban,West,1,1,Land-Home,2,110000,1200,1,202305,1.01,23050127,0.8333333333333334,7.0909098220799835
8.1053,2,1,3,0,Suburban,West,1,1,Land-Home,2,240000,1600,1,202305,1.01,23050128,0.625,7.3783837129967145
8.1053,1,1,3,0,Suburban,West,1,1,Vehicle,2,130000,1300,1,202305,1.01,23050129,0.7692307692307693,7.170888478512505
8.1053,2,1,3,0,Rural,West,1,1,Vehicle,2,130000,1200,1,202305,1.01,23050130,0.8333333333333334,7.0909098220799835
8.1053,1,1,3,0,Rural,West,1,1,Land-Home,2,140000,1300,3,202305,1.01,23050131,2.307692307692308,7.170888478512505
8.1053,2,1,3,0,Suburban,West,1,1,Land-Home,2,120000,1100,3,202305,1.01,23050132,2.7272727272727275,7.00397413672268
8.1053,2,1,3,0,Rural,West,1,1,Land-Home,2,160000,1600,1,202305,1.01,23050133,0.625,7.3783837129967145
8.1053,2,1,3,0,Suburban,West,1,1,Other,2,150000,1500,3,202305,1.01,23050134,2.0,7.313886831633462
8.1053,2,1,3,0,Rural,West,1,1,Land-Home,2,140000,1300,1,202305,1.01,23050135,0.7692307692307693,7.170888478512505
8.1053,2,1,4,0,Rural,West,3,2,Other,2,130000,880,1,202305,1.01,23050136,1.1363636363636362,6.78105762593618
8.1053,2,1,3,0,Suburban,West,3,1,Land-Home,2,300000,2300,3,202305,1.01,23050137,1.3043478260869565,7.741099090035366
8.1053,2,1,3,0,Rural,West,3,1,Land-Home,2,120000,880,1,202305,1.01,23050138,1.1363636363636362,6.78105762593618
8.1053,2,1,4,0,Rural,West,3,1,Vehicle,2,300000,2100,3,202305,1.01,23050139,1.4285714285714286,7.650168700845001
8.1053,2,1,4,0,Rural,West,3,1,Land-Home,2,300000,1700,3,202305,1.01,23050140,1.7647058823529413,7.438971592395862
8.1053,2,1,5,0,Rural,West,3,3,Land-Home,2,170000,1900,3,202305,1.01,23050141,1.5789473684210527,7.550135342488429
8.1053,2,1,3,0,Rural,West,3,1,Land-Home,2,200000,2300,3,202305,1.01,23050142,1.3043478260869565,7.741099090035366
8.1053,2,1,4,0,Rural,West,3,1,Land-Home,2,200000,1700,3,202305,1.01,23050143,1.7647058823529413,7.438971592395862
8.1053,2,1,4,0,Rural,West,3,2,Land-Home,2,300000,2300,3,202305,1.01,23050144,1.3043478260869565,7.741099090035366
8.1053,2,1,3,0,Rural,West,3,1,Vehicle,2,240000,2200,3,202305,1.01,23050145,1.3636363636363638,7.696667081526462
8.1053,1,1,5,0,Rural,West,3,3,Land-Home,2,160000,1700,3,202305,1.01,23050146,1.7647058823529413,7.438971592395862
5.4035,2,1,3,0,Rural,,3,1,Vehicle,3,280000,2400,3,202305,1.01,23050147,1.25,7.783640596221253
28.471400000000003,2,1,3,0,Rural,South,1,2,Land-Home,2,140000,1600,3,202305,1.01,23050148,1.875,7.3783837129967145
28.471400000000003,2,1,4,0,Rural,South,1,2,Land-Home,2,150000,1600,3,202305,1.01,23050149,1.875,7.3783837129967145
8.1053,2,1,4,0,Urban,West,1,1,Land-Home,2,220000,1300,1,202305,1.01,23050150,0.7692307692307693,7.170888478512505
8.1053,2,1,5,0,Urban,West,3,2,Land-Home,2,160000,1700,3,202305,1.01,23050151,1.7647058823529413,7.438971592395862
8.1053,2,1,3,0,Suburban,West,1,2,Vehicle,2,160000,1200,3,202305,1.01,23050152,2.5,7.0909098220799835
8.1053,2,1,5,0,Rural,West,3,1,Land-Home,2,230000,1100,3,202305,1.01,23050153,2.7272727272727275,7.00397413672268
8.1053,2,1,5,0,Urban,West,3,3,Land-Home,2,140000,1300,1,202305,1.01,23050154,0.7692307692307693,7.170888478512505
8.1053,2,1,3,0,Suburban,West,1,2,Other,2,210000,1700,3,202305,1.01,23050155,1.7647058823529413,7.438971592395862
5.4035,2,1,3,0,Suburban,,1,1,Land-Home,3,380000,3200,3,202305,1.01,23050156,0.9375,8.071218539969863
8.1053,2,1,3,0,Urban,West,3,1,Land-Home,2,92000,1000,1,202305,1.01,23050157,1.0,6.90875477931522
8.1053,2,1,3,0,Urban,West,3,1,Land-Home,2,170000,1800,3,202305,1.01,23050158,1.6666666666666667,7.496097345175956
8.1053,2,1,3,0,Rural,West,3,1,Land-Home,2,190000,1200,3,202305,1.01,23050159,2.5,7.0909098220799835
8.1053,2,1,3,0,Urban,West,3,1,Land-Home,2,150000,1500,3,202305,1.01,23050161,2.0,7.313886831633462
8.1053,2,1,3,0,Urban,West,3,1,Land-Home,2,120000,1000,1,202305,1.01,23050162,1.0,6.90875477931522
8.1053,2,1,3,0,Urban,West,3,1,Land-Home,2,150000,1500,3,202305,1.01,23050163,2.0,7.313886831633462
8.1053,2,1,4,0,Urban,West,3,1,Land-Home,2,140000,880,1,202305,1.01,23050164,1.1363636363636362,6.78105762593618
8.1053,1,1,5,0,Urban,West,3,1,Land-Home,2,260000,1300,3,202305,1.01,23050165,2.307692307692308,7.170888478512505
8.1053,2,1,3,0,Urban,West,1,1,Vehicle,2,120000,880,3,202305,1.01,23050166,3.4090909090909087,6.78105762593618
8.1053,1,1,3,0,Rural,West,3,1,Vehicle,2,140000,1600,3,202305,1.01,23050167,1.875,7.3783837129967145
8.1053,2,1,3,0,Urban,West,1,1,Land-Home,2,190000,2200,3,202305,1.01,23050168,1.3636363636363638,7.696667081526462
6.2917000000000005,2,1,3,0,Urban,Northeast,4,1,Land-Home,2,130000,1200,3,202305,1.01,23050169,2.5,7.0909098220799835
6.2917000000000005,2,1,3,0,Rural,South,1,1,Land-Home,2,99000,1600,3,202305,1.01,23050170,1.875,7.3783837129967145
28.471400000000003,1,1,3,0,Rural,South,1,1,Vehicle,2,150000,1600,3,202305,1.01,23050171,1.875,7.3783837129967145
28.471400000000003,2,1,4,0,Urban,South,1,1,Vehicle,2,130000,1100,1,202305,1.01,23050172,0.9090909090909091,7.00397413672268
28.471400000000003,1,1,3,0,Urban,South,1,1,Land-Home,2,150000,1100,1,202305,1.01,23050173,0.9090909090909091,7.00397413672268
28.471400000000003,1,1,3,0,Urban,South,1,1,Land-Home,2,210000,1400,3,202305,1.01,23050174,2.142857142857143,7.244941546337007
28.471400000000003,1,1,3,0,Suburban,South,1,1,Vehicle,2,150000,2100,3,202305,1.01,23050175,1.4285714285714286,7.650168700845001
28.471400000000003,2,1,4,0,Urban,South,1,1,Vehicle,2,160000,1700,1,202305,1.01,23050176,0.588235294117647,7.438971592395862
28.471400000000003,2,1,4,0,Urban,South,1,1,Land-Home,2,150000,1600,3,202305,1.01,23050177,1.875,7.3783837129967145
28.471400000000003,2,1,3,0,Urban,South,1,1,Land-Home,2,160000,1700,3,202305,1.01,23050178,1.7647058823529413,7.438971592395862
28.471400000000003,1,1,3,0,Urban,South,1,1,Land-Home,2,240000,1700,3,202305,1.01,23050179,1.7647058823529413,7.438971592395862
28.471400000000003,2,1,3,0,Urban,South,1,1,Land-Home,2,210000,2500,3,202305,1.01,23050180,1.2,7.824445930877619
28.471400000000003,2,1,3,0,Urban,South,1,1,Land-Home,2,170000,1900,3,202305,1.01,23050181,1.5789473684210527,7.550135342488429
28.471400000000003,1,1,3,0,Urban,South,1,2,Land-Home,2,240000,1300,3,202305,1.01,23050182,2.307692307692308,7.170888478512505
28.471400000000003,2,1,3,0,Suburban,South,1,1,Land-Home,2,120000,2100,3,202305,1.01,23050183,1.4285714285714286,7.650168700845001
28.471400000000003,2,1,3,0,Rural,South,1,1,Vehicle,2,130000,2000,3,202305,1.01,23050184,1.5,7.601402334583733
28.471400000000003,1,1,3,0,Urban,South,1,1,Land-Home,2,140000,1600,3,202305,1.01,23050185,1.875,7.3783837129967145
28.471400000000003,2,1,3,0,Suburban,South,1,1,Land-Home,2,210000,2500,3,202305,1.01,23050186,1.2,7.824445930877619
28.471400000000003,2,1,3,0,Rural,South,1,1,Vehicle,2,240000,2500,3,202305,1.01,23050187,1.2,7.824445930877619
8.1053,2,1,3,0,Rural,West,3,1,Vehicle,2,120000,1600,3,202305,1.01,23050188,1.875,7.3783837129967145
8.1053,2,1,3,0,Suburban,West,1,1,Land-Home,2,170000,1600,3,202305,1.01,23050189,1.875,7.3783837129967145
6.790900000000001,2,1,3,0,Rural,Midwest,1,1,Vehicle,2,86000,2100,3,202305,1.01,23050190,1.4285714285714286,7.650168700845001
6.790900000000001,2,1,3,0,Rural,Midwest,1,2,Vehicle,2,130000,1700,3,202305,1.01,23050191,1.7647058823529413,7.438971592395862
6.790900000000001,2,1,5,0,Suburban,Midwest,1,1,Vehicle,2,160000,1800,3,202305,1.01,23050192,1.6666666666666667,7.496097345175956
6.790900000000001,1,1,3,0,Urban,Midwest,1,1,Land-Home,2,140000,1400,3,202305,1.01,23050193,2.142857142857143,7.244941546337007
6.790900000000001,2,1,3,0,Urban,Midwest,1,1,Land-Home,2,150000,2000,3,202305,1.01,23050194,1.5,7.601402334583733
6.790900000000001,2,1,3,0,Rural,Midwest,1,2,Vehicle,2,180000,1800,3,202305,1.01,23050196,1.6666666666666667,7.496097345175956
6.790900000000001,2,1,3,0,Urban,Midwest,1,1,Land-Home,2,150000,1500,3,202305,1.01,23050197,2.0,7.313886831633462
6.790900000000001,2,1,3,0,Urban,Midwest,1,1,Land-Home,2,120000,1100,3,202305,1.01,23050198,2.7272727272727275,7.00397413672268
6.790900000000001,1,1,3,0,Urban,Midwest,1,1,Land-Home,2,140000,1300,3,202305,1.01,23050199,2.307692307692308,7.170888478512505
6.790900000000001,2,1,4,0,Suburban,Midwest,1,1,Land-Home,2,180000,2400,3,202305,1.01,23050201,1.25,7.783640596221253
28.471400000000003,2,1,3,0,Rural,South,1,1,Land-Home,2,140000,1900,3,202305,1.01,23050202,1.5789473684210527,7.550135342488429
28.471400000000003,1,1,3,0,Rural,South,1,1,Land-Home,2,180000,2000,3,202305,1.01,23050204,1.5,7.601402334583733
28.471400000000003,2,1,3,0,Suburban,South,1,1,Land-Home,2,140000,1300,3,202305,1.01,23050205,2.307692307692308,7.170888478512505
6.790900000000001,2,1,3,0,Urban,Midwest,1,1,Land-Home,2,130000,1200,3,202305,1.01,23050206,2.5,7.0909098220799835
6.790900000000001,2,1,3,0,Urban,Midwest,1,1,Land-Home,2,150000,1500,3,202305,1.01,23050207,2.0,7.313886831633462
6.790900000000001,1,1,3,0,Urban,Midwest,1,2,Land-Home,2,140000,1500,3,202305,1.01,23050208,2.0,7.313886831633462
6.790900000000001,1,1,3,0,Urban,Midwest,1,1,Land-Home,2,120000,1500,3,202305,1.01,23050209,2.0,7.313886831633462
6.790900000000001,1,1,3,0,Urban,Midwest,1,1,Land-Home,2,120000,1400,3,202305,1.01,23050210,2.142857142857143,7.244941546337007
6.790900000000001,2,1,3,0,Urban,Midwest,1,1,Vehicle,2,150000,1500,3,202305,1.01,23050211,2.0,7.313886831633462
6.790900000000001,1,1,3,0,Urban,Midwest,1,1,Land-Home,2,130000,1200,3,202305,1.01,23050212,2.5,7.0909098220799835
6.790900000000001,1,1,3,0,Urban,Midwest,2,1,Land-Home,2,100000,1600,3,202305,1.01,23050213,1.875,7.3783837129967145
6.790900000000001,1,1,3,0,Urban,Midwest,1,1,Land-Home,2,120000,1500,3,202305,1.01,23050214,2.0,7.313886831633462
6.790900000000001,1,1,3,0,Urban,Midwest,1,1,Land-Home,2,130000,1600,3,202305,1.01,23050215,1.875,7.3783837129967145
6.790900000000001,2,1,3,0,Urban,Midwest,1,1,Land-Home,2,150000,1600,3,202305,1.01,23050216,1.875,7.3783837129967145
6.790900000000001,2,1,3,0,Urban,Midwest,1,1,Land-Home,2,160000,1700,3,202305,1.01,23050217,1.7647058823529413,7.438971592395862
28.471400000000003,2,1,5,0,Rural,South,1,1,Land-Home,2,140000,1300,3,202305,1.01,23050218,2.307692307692308,7.170888478512505
28.471400000000003,2,1,5,0,Rural,South,1,3,Land-Home,2,190000,2100,1,202305,1.01,23050219,0.47619047619047616,7.650168700845001
28.471400000000003,2,1,4,0,Suburban,South,1,1,Land-Home,2,78000,1600,3,202305,1.01,23050220,1.875,7.3783837129967145
6.790900000000001,2,1,3,0,Urban,Midwest,1,1,Vehicle,2,86000,1300,3,202305,1.01,23050221,2.307692307692308,7.170888478512505
6.790900000000001,2,1,3,0,Rural,Midwest,1,1,Land-Home,2,210000,2400,3,202305,1.01,23050222,1.25,7.783640596221253
6.790900000000001,2,1,3,0,Rural,Midwest,1,3,Land-Home,2,190000,2000,3,202305,1.01,23050223,1.5,7.601402334583733
6.790900000000001,2,1,3,0,Rural,Midwest,1,1,Vehicle,2,260000,2400,3,202305,1.01,23050224,1.25,7.783640596221253
6.790900000000001,1,1,3,0,Rural,Midwest,1,1,Vehicle,2,170000,1800,3,202305,1.01,23050225,1.6666666666666667,7.496097345175956
8.1053,2,1,3,0,Suburban,West,1,1,Land-Home,2,190000,2300,3,202305,1.01,23050226,1.3043478260869565,7.741099090035366
6.790900000000001,1,1,3,0,Rural,Midwest,1,1,Land-Home,2,150000,1500,3,202305,1.01,23050227,2.0,7.313886831633462
6.790900000000001,2,1,3,0,Suburban,Midwest,1,1,Land-Home,2,150000,1500,3,202305,1.01,23050228,2.0,7.313886831633462
8.1053,2,1,5,0,Suburban,West,4,2,Vehicle,2,180000,1800,3,202305,1.01,23050229,1.6666666666666667,7.496097345175956
8.1053,2,1,3,0,Suburban,West,1,1,Land-Home,2,170000,2300,3,202305,1.01,23050230,1.3043478260869565,7.741099090035366
8.1053,1,1,3,0,Suburban,West,1,1,Land-Home,2,150000,1600,3,202305,1.01,23050231,1.875,7.3783837129967145
8.1053,2,1,3,0,Suburban,West,1,1,Land-Home,2,110000,1600,3,202305,1.01,23050232,1.875,7.3783837129967145
6.2917000000000005,2,1,3,0,Urban,Northeast,1,1,Other,2,160000,1600,3,202305,1.01,23050233,1.875,7.3783837129967145
28.471400000000003,2,1,3,0,Suburban,South,1,1,Land-Home,2,190000,1900,3,202305,1.01,23050234,1.5789473684210527,7.550135342488429
28.471400000000003,2,1,3,0,Suburban,South,1,1,Vehicle,2,150000,1500,3,202305,1.01,23050235,2.0,7.313886831633462
28.471400000000003,2,1,3,0,Suburban,South,1,1,Land-Home,2,160000,1600,3,202305,1.01,23050236,1.875,7.3783837129967145
28.471400000000003,1,1,3,0,Suburban,South,1,1,Vehicle,2,240000,1900,3,202305,1.01,23050237,1.5789473684210527,7.550135342488429
28.471400000000003,2,1,3,0,Suburban,South,1,1,Vehicle,2,200000,1500,3,202305,1.01,23050238,2.0,7.313886831633462
28.471400000000003,2,1,3,0,Suburban,South,1,1,Vehicle,2,170000,1900,3,202305,1.01,23050239,1.5789473684210527,7.550135342488429
6.790900000000001,2,1,3,0,Urban,Midwest,1,1,Land-Home,2,150000,1600,3,202305,1.01,23050240,1.875,7.3783837129967145
6.790900000000001,2,1,3,0,Urban,Midwest,1,1,Vehicle,2,140000,1400,3,202305,1.01,23050241,2.142857142857143,7.244941546337007
28.471400000000003,2,1,3,0,Suburban,South,1,1,Land-Home,2,130000,1500,3,202305,1.01,23050242,2.0,7.313886831633462
28.471400000000003,2,1,3,0,Suburban,South,1,1,Land-Home,2,140000,1100,3,202305,1.01,23050243,2.7272727272727275,7.00397413672268
5.4035,2,1,3,0,Suburban,,1,1,Vehicle,3,280000,2700,3,202305,1.01,23050244,1.1111111111111112,7.901377353792616
8.1053,2,1,3,0,Suburban,West,1,1,Vehicle,2,130000,1100,3,202305,1.01,23050245,2.7272727272727275,7.00397413672268
8.1053,2,1,3,0,Suburban,West,1,1,Vehicle,2,130000,1200,1,202305,1.01,23050246,0.8333333333333334,7.0909098220799835
5.4035,2,1,3,0,Suburban,,1,1,Land-Home,3,240000,3200,3,202305,1.01,23050247,0.9375,8.071218539969863
6.2917000000000005,2,1,3,0,Suburban,Northeast,1,1,Land-Home,2,93000,1200,3,202305,1.01,23050248,2.5,7.0909098220799835
6.2917000000000005,2,1,3,0,Suburban,Northeast,1,1,Land-Home,2,120000,1600,3,202305,1.01,23050249,1.875,7.3783837129967145
6.2917000000000005,2,1,3,0,Urban,Northeast,1,1,Land-Home,2,130000,950,1,202305,1.01,23050250,1.0526315789473684,6.85751406254539
6.2917000000000005,1,1,3,0,Suburban,Northeast,1,1,Land-Home,2,140000,1300,3,202305,1.01,23050251,2.307692307692308,7.170888478512505
28.471400000000003,2,1,4,0,Rural,South,1,1,Vehicle,2,170000,1900,3,202305,1.01,23050252,1.5789473684210527,7.550135342488429
28.471400000000003,2,1,5,0,Rural,South,1,1,Land-Home,2,190000,2100,3,202305,1.01,23050253,1.4285714285714286,7.650168700845001
28.471400000000003,2,1,3,0,Suburban,South,1,1,Land-Home,2,95000,2100,3,202305,1.01,23050255,1.4285714285714286,7.650168700845001
28.471400000000003,2,1,3,0,Suburban,South,1,1,Vehicle,2,110000,1900,3,202305,1.01,23050256,1.5789473684210527,7.550135342488429
28.471400000000003,2,1,3,0,Suburban,South,1,1,Land-Home,2,240000,2200,3,202305,1.01,23050257,1.3636363636363638,7.696667081526462
28.471400000000003,2,1,3,0,Rural,South,1,1,Land-Home,2,150000,1700,3,202305,1.01,23050258,1.7647058823529413,7.438971592395862
28.471400000000003,2,1,3,0,Rural,South,1,1,Land-Home,2,140000,2000,3,202305,1.01,23050259,1.5,7.601402334583733
28.471400000000003,2,1,3,0,Rural,South,1,1,Land-Home,2,150000,1600,3,202305,1.01,23050260,1.875,7.3783837129967145
28.471400000000003,2,1,3,0,Suburban,South,1,1,Land-Home,2,240000,2100,1,202305,1.01,23050261,0.47619047619047616,7.650168700845001
28.471400000000003,2,1,3,0,Rural,South,1,1,Land-Home,2,160000,1600,3,202305,1.01,23050262,1.875,7.3783837129967145
28.471400000000003,2,1,5,0,Rural,South,1,1,Land-Home,2,100000,1600,3,202305,1.01,23050263,1.875,7.3783837129967145
28.471400000000003,2,1,5,0,Suburban,South,1,1,Land-Home,2,180000,2200,3,202305,1.01,23050264,1.3636363636363638,7.696667081526462
28.471400000000003,2,1,3,0,Suburban,South,1,1,Vehicle,2,200000,1900,3,202305,1.01,23050265,1.5789473684210527,7.550135342488429
28.471400000000003,2,1,3,0,Suburban,South,1,1,Land-Home,2,99000,1600,3,202305,1.01,23050266,1.875,7.3783837129967145
28.471400000000003,2,1,3,0,Suburban,South,1,3,Vehicle,2,100000,1900,3,202305,1.01,23050267,1.5789473684210527,7.550135342488429
28.471400000000003,2,1,5,0,Rural,South,1,1,Land-Home,2,210000,2500,3,202305,1.01,23050268,1.2,7.824445930877619
28.471400000000003,2,1,3,0,Rural,South,1,1,Land-Home,2,160000,1600,3,202305,1.01,23050269,1.875,7.3783837129967145
28.471400000000003,2,1,5,0,Rural,South,1,1,Land-Home,2,150000,2500,3,202305,1.01,23050270,1.2,7.824445930877619
28.471400000000003,2,1,4,0,Rural,South,1,1,Land-Home,2,130000,1700,3,202305,1.01,23050271,1.7647058823529413,7.438971592395862
28.471400000000003,2,1,5,0,Suburban,South,1,1,Land-Home,2,110000,1900,3,202305,1.01,23050272,1.5789473684210527,7.550135342488429
28.471400000000003,2,1,3,0,Rural,South,1,1,Vehicle,2,160000,2200,3,202305,1.01,23050273,1.3636363636363638,7.696667081526462
28.471400000000003,2,1,3,0,Suburban,South,1,1,Vehicle,2,78000,1600,3,202305,1.01,23050274,1.875,7.3783837129967145
28.471400000000003,2,1,5,0,Suburban,South,1,1,Land-Home,2,160000,1700,3,202305,1.01,23050275,1.7647058823529413,7.438971592395862
28.471400000000003,2,1,5,0,Rural,South,1,1,Land-Home,2,190000,2100,3,202305,1.01,23050276,1.4285714285714286,7.650168700845001
28.471400000000003,2,1,3,0,Rural,South,1,1,Land-Home,2,190000,2100,3,202305,1.01,23050277,1.4285714285714286,7.650168700845001
28.471400000000003,2,1,5,0,Rural,South,1,1,Land-Home,2,170000,1900,3,202305,1.01,23050278,1.5789473684210527,7.550135342488429
28.471400000000003,2,1,3,0,Rural,South,1,1,Land-Home,2,170000,1900,3,202305,1.01,23050279,1.5789473684210527,7.550135342488429
28.471400000000003,2,1,3,0,Rural,South,1,1,Land-Home,2,150000,1500,3,202305,1.01,23050280,2.0,7.313886831633462
6.790900000000001,2,1,3,0,Rural,South,1,1,Land-Home,2,78000,1100,3,202305,1.01,23050281,2.7272727272727275,7.00397413672268
6.790900000000001,2,1,3,0,Rural,South,1,1,Land-Home,2,78000,1600,3,202305,1.01,23050282,1.875,7.3783837129967145
8.1053,2,1,1,0,Rural,West,0,0,Vehicle,2,140000,1300,3,202305,1.01,23050283,2.307692307692308,7.170888478512505
8.1053,2,1,1,0,Rural,West,0,0,Vehicle,2,110000,880,1,202305,1.01,23050284,1.1363636363636362,6.78105762593618
6.2917000000000005,2,1,1,0,Rural,Northeast,0,0,Vehicle,2,150000,1600,3,202305,1.01,23050285,1.875,7.3783837129967145
8.1053,2,1,1,0,Rural,Northeast,0,0,Vehicle,2,110000,1200,3,202305,1.01,23050286,2.5,7.0909098220799835
6.2917000000000005,1,1,1,0,Urban,Northeast,0,0,Land-Home,2,170000,1800,3,202305,1.01,23050287,1.6666666666666667,7.496097345175956
6.2917000000000005,2,1,1,0,Urban,Northeast,0,0,Vehicle,2,110000,1200,3,202305,1.01,23050288,2.5,7.0909098220799835
6.2917000000000005,1,1,1,0,Urban,Northeast,0,0,Land-Home,2,170000,950,3,202305,1.01,23050289,3.1578947368421053,6.85751406254539
6.2917000000000005,2,1,1,0,Urban,Northeast,0,0,Vehicle,2,160000,1700,3,202305,1.01,23050290,1.7647058823529413,7.438971592395862
6.2917000000000005,2,1,1,0,Rural,Northeast,0,0,Land-Home,2,180000,1800,3,202305,1.01,23050291,1.6666666666666667,7.496097345175956
6.2917000000000005,2,1,1,0,Suburban,Northeast,0,0,Land-Home,2,150000,950,1,202305,1.01,23050292,1.0526315789473684,6.85751406254539
6.2917000000000005,2,1,1,0,Urban,Northeast,0,0,Vehicle,2,220000,1600,3,202305,1.01,23050293,1.875,7.3783837129967145
28.471400000000003,2,1,2,0,Rural,South,0,0,Land-Home,2,130000,1300,3,202305,1.01,23050294,2.307692307692308,7.170888478512505
28.471400000000003,2,1,1,0,Rural,South,0,0,Land-Home,2,140000,1800,3,202305,1.01,23050295,1.6666666666666667,7.496097345175956
8.1053,2,1,1,0,Suburban,West,0,0,Vehicle,2,150000,880,1,202305,1.01,23050296,1.1363636363636362,6.78105762593618
8.1053,2,1,2,0,Urban,West,0,0,Land-Home,2,120000,880,3,202305,1.01,23050297,3.4090909090909087,6.78105762593618
6.790900000000001,2,1,2,0,Rural,Midwest,0,0,Land-Home,2,120000,1600,3,202305,1.01,23050298,1.875,7.3783837129967145
6.790900000000001,1,1,1,0,Urban,Midwest,0,0,Other,2,150000,1800,3,202305,1.01,23050299,1.6666666666666667,7.496097345175956
6.790900000000001,2,1,1,0,Rural,Midwest,0,0,Land-Home,2,120000,1100,3,202305,1.01,23050300,2.7272727272727275,7.00397413672268
6.790900000000001,2,1,1,0,Rural,Midwest,0,0,Land-Home,2,140000,1500,3,202305,1.01,23050301,2.0,7.313886831633462
6.790900000000001,1,1,1,0,Urban,Midwest,0,0,Vehicle,2,170000,1400,3,202305,1.01,23050302,2.142857142857143,7.244941546337007
6.790900000000001,1,1,1,0,Urban,Midwest,0,0,Vehicle,2,100000,1100,3,202305,1.01,23050303,2.7272727272727275,7.00397413672268
6.790900000000001,2,1,1,0,Urban,Midwest,0,0,Vehicle,2,120000,1500,3,202305,1.01,23050304,2.0,7.313886831633462
6.790900000000001,2,1,1,0,Urban,Midwest,0,0,Vehicle,2,150000,1600,3,202305,1.01,23050305,1.875,7.3783837129967145
6.790900000000001,1,1,1,0,Urban,Midwest,0,0,Vehicle,2,100000,1300,3,202305,1.01,23050306,2.307692307692308,7.170888478512505
6.790900000000001,2,1,1,0,Urban,Midwest,0,0,Vehicle,2,120000,1500,3,202305,1.01,23050307,2.0,7.313886831633462
6.790900000000001,2,1,1,0,Suburban,Midwest,0,0,Land-Home,2,120000,1500,3,202305,1.01,23050308,2.0,7.313886831633462
6.790900000000001,2,1,1,0,Rural,Midwest,0,0,Land-Home,2,180000,2200,3,202305,1.01,23050309,1.3636363636363638,7.696667081526462
6.790900000000001,2,1,1,0,Rural,Midwest,0,0,Vehicle,2,100000,1600,3,202305,1.01,23050310,1.875,7.3783837129967145
8.1053,2,1,1,0,Suburban,West,0,0,Land-Home,2,150000,1600,3,202305,1.01,23050311,1.875,7.3783837129967145
6.790900000000001,2,1,1,0,Rural,Midwest,0,0,Land-Home,2,180000,1700,3,202305,1.01,23050312,1.7647058823529413,7.438971592395862
6.2917000000000005,1,1,1,0,Urban,Northeast,0,0,Vehicle,2,140000,1200,3,202305,1.01,23050313,2.5,7.0909098220799835
6.2917000000000005,2,1,1,0,Rural,Northeast,0,0,Vehicle,2,120000,1300,3,202305,1.01,23050314,2.307692307692308,7.170888478512505
6.2917000000000005,2,1,1,0,Urban,Northeast,0,0,Land-Home,2,150000,1500,3,202305,1.01,23050315,2.0,7.313886831633462
6.2917000000000005,2,1,1,0,Rural,Northeast,0,0,Land-Home,2,140000,2000,3,202305,1.01,23050316,1.5,7.601402334583733
6.2917000000000005,2,1,1,0,Rural,Northeast,0,0,Land-Home,2,150000,1800,3,202305,1.01,23050317,1.6666666666666667,7.496097345175956
6.2917000000000005,2,1,1,0,Urban,Northeast,0,0,Land-Home,2,180000,1600,3,202305,1.01,23050318,1.875,7.3783837129967145
6.2917000000000005,2,1,1,0,Urban,Northeast,0,0,Land-Home,2,190000,2000,3,202305,1.01,23050319,1.5,7.601402334583733
6.2917000000000005,1,1,1,0,Urban,Northeast,0,0,Land-Home,2,120000,1300,3,202305,1.01,23050320,2.307692307692308,7.170888478512505
6.2917000000000005,2,1,1,0,Rural,Northeast,0,0,Land-Home,2,210000,2000,3,202305,1.01,23050321,1.5,7.601402334583733
6.2917000000000005,1,1,1,0,Rural,Northeast,0,0,Land-Home,2,130000,1600,3,202305,1.01,23050322,1.875,7.3783837129967145
6.2917000000000005,2,1,1,0,Urban,Northeast,0,0,Vehicle,2,170000,1800,3,202305,1.01,23050323,1.6666666666666667,7.496097345175956
6.2917000000000005,2,1,1,0,Rural,Northeast,0,0,Land-Home,2,160000,2000,3,202305,1.01,23050324,1.5,7.601402334583733
28.471400000000003,2,1,2,0,Suburban,South,0,0,Land-Home,2,110000,1700,3,202305,1.01,23050325,1.7647058823529413,7.438971592395862
28.471400000000003,2,1,2,0,Suburban,South,0,0,Land-Home,2,240000,2500,3,202305,1.01,23050326,1.2,7.824445930877619
6.790900000000001,2,1,2,0,Urban,Midwest,0,0,Land-Home,2,130000,1100,3,202305,1.01,23050327,2.7272727272727275,7.00397413672268
8.1053,2,1,1,0,Suburban,West,0,0,Land-Home,2,130000,1200,3,202305,1.01,23050329,2.5,7.0909098220799835
8.1053,2,1,1,0,Suburban,West,0,0,Vehicle,2,130000,1100,3,202305,1.01,23050330,2.7272727272727275,7.00397413672268
6.2917000000000005,1,1,2,0,Urban,Northeast,0,0,Other,2,310000,1700,1,202305,1.01,23050331,0.588235294117647,7.438971592395862
6.2917000000000005,2,1,1,0,Rural,Northeast,0,0,Land-Home,2,140000,1600,3,202305,1.01,23050332,1.875,7.3783837129967145
28.471400000000003,2,1,2,0,Rural,South,0,0,Vehicle,2,160000,1600,3,202305,1.01,23050333,1.875,7.3783837129967145
8.1053,2,1,2,0,Suburban,South,0,0,Land-Home,2,150000,1600,3,202305,1.01,23050334,1.875,7.3783837129967145
28.471400000000003,2,1,2,0,Suburban,South,0,0,Land-Home,2,180000,2500,3,202305,1.01,23050335,1.2,7.824445930877619
28.471400000000003,2,1,1,0,Rural,South,0,0,Land-Home,2,120000,2100,3,202305,1.01,23050336,1.4285714285714286,7.650168700845001
28.471400000000003,2,1,1,0,Rural,South,0,0,Land-Home,2,120000,2100,3,202305,1.01,23050337,1.4285714285714286,7.650168700845001
6.790900000000001,2,1,1,0,Rural,Midwest,0,0,Other,2,120000,1100,3,202305,1.01,23050338,2.7272727272727275,7.00397413672268
6.790900000000001,2,1,1,0,Rural,Midwest,0,0,Other,2,130000,1100,3,202305,1.01,23050339,2.7272727272727275,7.00397413672268
6.790900000000001,2,1,1,0,Rural,Midwest,0,0,Vehicle,2,150000,1500,3,202305,1.01,23050340,2.0,7.313886831633462
6.790900000000001,1,1,1,0,Rural,Midwest,0,0,Land-Home,2,86000,1200,3,202305,1.01,23050341,2.5,7.0909098220799835
8.1053,1,2,9,0,,West,9,9,,2,200000,2300,3,202305,1.01,23050342,1.3043478260869565,7.741099090035366
8.1053,1,2,9,0,,West,9,9,,2,250000,1500,3,202305,1.01,23050343,2.0,7.313886831633462
8.1053,1,2,9,0,,West,9,9,,2,150000,1600,3,202305,1.01,23050344,1.875,7.3783837129967145
8.1053,2,2,9,0,,West,9,9,,2,160000,1700,3,202305,1.01,23050345,1.7647058823529413,7.438971592395862
8.1053,1,2,9,0,,West,9,9,,2,200000,2300,3,202305,1.01,23050346,1.3043478260869565,7.741099090035366
28.471400000000003,2,2,9,0,,South,9,9,,2,240000,1500,1,202305,1.01,23050347,0.6666666666666666,7.313886831633462
28.471400000000003,1,2,9,0,,South,9,9,,2,160000,2500,3,202305,1.01,23050348,1.2,7.824445930877619
28.471400000000003,1,2,9,0,,South,9,9,,2,240000,1600,3,202305,1.01,23050349,1.875,7.3783837129967145
28.471400000000003,1,2,9,0,,South,9,9,,2,130000,1100,3,202305,1.01,23050350,2.7272727272727275,7.00397413672268
28.471400000000003,1,2,9,0,,South,9,9,,2,130000,1800,1,202305,1.01,23050351,0.5555555555555556,7.496097345175956
6.2917000000000005,1,2,9,0,,Northeast,9,9,,2,150000,1600,3,202305,1.01,23050352,1.875,7.3783837129967145
6.2917000000000005,1,2,9,0,,Northeast,9,9,,2,93000,1600,3,202305,1.01,23050353,1.875,7.3783837129967145
6.2917000000000005,2,2,9,0,,South,9,9,,2,140000,1300,3,202305,1.01,23050354,2.307692307692308,7.170888478512505
6.2917000000000005,1,2,9,0,,Northeast,9,9,,2,150000,1700,3,202305,1.01,23050355,1.7647058823529413,7.438971592395862
6.2917000000000005,1,2,9,0,,Northeast,9,9,,2,100000,1500,3,202305,1.01,23050356,2.0,7.313886831633462
6.2917000000000005,1,2,9,0,,Northeast,9,9,,2,93000,1400,1,202305,1.01,23050357,0.7142857142857143,7.244941546337007
28.471400000000003,1,2,9,0,,South,9,9,,2,180000,2000,3,202305,1.01,23050358,1.5,7.601402334583733
28.471400000000003,1,2,9,0,,South,9,9,,2,190000,2200,3,202305,1.01,23050359,1.3636363636363638,7.696667081526462
28.471400000000003,1,2,9,0,,South,9,9,,2,240000,2500,3,202305,1.01,23050360,1.2,7.824445930877619
28.471400000000003,1,2,9,0,,South,9,9,,2,170000,2100,3,202305,1.01,23050361,1.4285714285714286,7.650168700845001
8.1053,2,2,9,0,,West,9,9,,2,180000,2100,3,202305,1.01,23050362,1.4285714285714286,7.650168700845001
28.471400000000003,1,2,9,0,,South,9,9,,2,150000,1600,3,202305,1.01,23050363,1.875,7.3783837129967145
8.1053,1,2,9,0,,West,9,9,,2,150000,1200,1,202305,1.01,23050364,0.8333333333333334,7.0909098220799835
8.1053,2,2,9,0,,West,9,9,,2,160000,1700,3,202305,1.01,23050365,1.7647058823529413,7.438971592395862
8.1053,2,2,9,0,,West,9,9,,2,130000,1200,3,202305,1.01,23050366,2.5,7.0909098220799835
28.471400000000003,1,2,9,0,,South,9,9,,2,150000,1600,3,202305,1.01,23050367,1.875,7.3783837129967145
28.471400000000003,2,2,9,0,,South,9,9,,2,120000,1700,3,202305,1.01,23050368,1.7647058823529413,7.438971592395862
28.471400000000003,1,2,9,0,,South,9,9,,2,140000,1300,3,202305,1.01,23050369,2.307692307692308,7.170888478512505
28.471400000000003,2,2,9,0,,South,9,9,,2,180000,2500,3,202305,1.01,23050370,1.2,7.824445930877619
28.471400000000003,1,2,9,0,,South,9,9,,2,240000,2000,3,202305,1.01,23050371,1.5,7.601402334583733
8.1053,1,2,9,0,,West,9,9,,2,150000,1600,3,202305,1.01,23050372,1.875,7.3783837129967145
8.1053,1,2,9,0,,West,9,9,,2,120000,1900,3,202305,1.01,23050373,1.5789473684210527,7.550135342488429
6.790900000000001,1,2,9,0,,Midwest,9,9,,2,86000,1700,3,202305,1.01,23050374,1.7647058823529413,7.438971592395862
28.471400000000003,1,2,9,0,,South,9,9,,2,240000,2500,3,202305,1.01,23050375,1.2,7.824445930877619
6.790900000000001,1,2,9,0,,Midwest,9,9,,2,200000,2000,3,202305,1.01,23050376,1.5,7.601402334583733
28.471400000000003,2,2,9,0,,South,9,9,,2,150000,1500,1,202305,1.01,23050377,0.6666666666666666,7.313886831633462
28.471400000000003,2,2,9,0,,South,9,9,,2,97000,1600,3,202305,1.01,23050378,1.875,7.3783837129967145
8.1053,1,2,9,0,,West,9,9,,2,170000,1800,3,202305,1.01,23050379,1.6666666666666667,7.496097345175956
8.1053,1,2,9,0,,West,9,9,,2,130000,1200,1,202305,1.01,23050380,0.8333333333333334,7.0909098220799835
8.1053,1,2,9,0,,West,9,9,,2,250000,1800,3,202305,1.01,23050381,1.6666666666666667,7.496097345175956
8.1053,1,2,9,0,,West,9,9,,2,190000,2300,3,202305,1.01,23050382,1.3043478260869565,7.741099090035366
6.790900000000001,1,2,9,0,,South,9,9,,2,170000,1600,3,202305,1.01,23050383,1.875,7.3783837129967145
6.790900000000001,1,2,9,0,,Midwest,9,9,,2,110000,1400,3,202305,1.01,23050384,2.142857142857143,7.244941546337007
8.1053,1,2,9,0,,West,9,9,,2,300000,1700,3,202305,1.01,23050385,1.7647058823529413,7.438971592395862
28.471400000000003,1,2,9,0,,South,9,9,,2,150000,1600,3,202305,1.01,23050386,1.875,7.3783837129967145
6.2917000000000005,1,2,9,0,,Northeast,9,9,,2,110000,1600,3,202305,1.01,23050387,1.875,7.3783837129967145
6.2917000000000005,1,2,9,0,,Northeast,9,9,,2,150000,1600,3,202305,1.01,23050388,1.875,7.3783837129967145
6.2917000000000005,1,2,9,0,,Northeast,9,9,,2,140000,1600,3,202305,1.01,23050389,1.875,7.3783837129967145
6.790900000000001,1,2,9,0,,Midwest,9,9,,2,150000,1500,3,202305,1.01,23050390,2.0,7.313886831633462
6.2917000000000005,1,2,9,0,,Northeast,9,9,,2,150000,1600,3,202305,1.01,23050391,1.875,7.3783837129967145
6.2917000000000005,1,2,9,0,,Northeast,9,9,,2,130000,1200,3,202305,1.01,23050392,2.5,7.0909098220799835
6.2917000000000005,1,2,9,0,,Northeast,9,9,,2,150000,1600,3,202305,1.01,23050393,1.875,7.3783837129967145
6.2917000000000005,1,2,9,0,,Northeast,9,9,,2,140000,1300,3,202305,1.01,23050394,2.307692307692308,7.170888478512505
6.2917000000000005,1,2,9,0,,Northeast,9,9,,2,150000,1600,3,202305,1.01,23050395,1.875,7.3783837129967145
28.471400000000003,1,2,9,0,,South,9,9,,2,110000,1800,3,202305,1.01,23050396,1.6666666666666667,7.496097345175956
28.471400000000003,1,2,9,0,,South,9,9,,2,190000,1100,1,202305,1.01,23050397,0.9090909090909091,7.00397413672268
28.471400000000003,2,2,9,0,,South,9,9,,2,130000,1100,3,202305,1.01,23050398,2.7272727272727275,7.00397413672268
28.471400000000003,1,2,9,0,,South,9,9,,2,100000,1300,3,202305,1.01,23050399,2.307692307692308,7.170888478512505
28.471400000000003,1,2,9,0,,South,9,9,,2,190000,1300,3,202305,1.01,23050400,2.307692307692308,7.170888478512505
28.471400000000003,1,2,9,0,,South,9,9,,2,130000,1700,3,202305,1.01,23050401,1.7647058823529413,7.438971592395862
28.471400000000003,1,2,9,0,,South,9,9,,2,140000,1900,3,202305,1.01,23050402,1.5789473684210527,7.550135342488429
6.790900000000001,1,2,9,0,,Midwest,9,9,,2,210000,2400,3,202305,1.01,23050403,1.25,7.783640596221253
56.457100000000004,2,1,4,0,Suburban,South,1,1,Land-Home,1,92000,1200,3,202306,0.9921,23060001,2.5,7.0909098220799835
15.589500000000001,2,1,3,0,Rural,West,1,2,Land-Home,1,74000,780,1,202306,0.9921,23060002,1.2820512820512822,6.660575149839686
15.589500000000001,1,1,3,0,Urban,West,1,1,Land-Home,1,160000,750,1,202306,0.9921,23060004,1.3333333333333333,6.621405651764134
15.589500000000001,1,1,3,0,Urban,West,3,1,Land-Home,1,90000,1100,3,202306,0.9921,23060005,2.7272727272727275,7.00397413672268
15.589500000000001,1,1,3,0,Urban,West,1,1,Land-Home,1,160000,750,1,202306,0.9921,23060006,1.3333333333333333,6.621405651764134
13.3909,2,1,3,0,Suburban,South,1,1,Land-Home,1,91000,1200,3,202306,0.9921,23060007,2.5,7.0909098220799835
56.457100000000004,2,1,5,0,Rural,South,1,1,Land-Home,1,74000,900,1,202306,0.9921,23060008,1.1111111111111112,6.803505257608338
15.589500000000001,2,1,3,0,Urban,West,3,1,Vehicle,1,74000,780,1,202306,0.9921,23060009,1.2820512820512822,6.660575149839686
13.3909,2,1,4,0,Urban,West,3,1,Land-Home,1,74000,780,1,202306,0.9921,23060010,1.2820512820512822,6.660575149839686
15.589500000000001,2,1,3,0,Urban,West,1,1,Vehicle,1,72000,750,1,202306,0.9921,23060011,1.3333333333333333,6.621405651764134
15.589500000000001,2,1,5,0,Urban,West,2,1,Land-Home,1,86000,1200,3,202306,0.9921,23060012,2.5,7.0909098220799835
56.457100000000004,2,1,4,0,Suburban,South,1,1,Land-Home,1,100000,1000,1,202306,0.9921,23060014,1.0,6.90875477931522
56.457100000000004,2,1,4,0,Urban,South,1,1,Vehicle,1,76000,840,1,202306,0.9921,23060015,1.1904761904761907,6.734591659972948
56.457100000000004,2,1,5,0,Rural,South,2,1,Vehicle,1,70000,840,1,202306,0.9921,23060016,1.1904761904761907,6.734591659972948
56.457100000000004,2,1,4,0,Rural,South,1,2,Land-Home,1,47200,840,1,202306,0.9921,23060017,1.1904761904761907,6.734591659972948
56.457100000000004,2,1,4,0,Suburban,South,1,1,Land-Home,1,85000,1300,3,202306,0.9921,23060018,2.307692307692308,7.170888478512505
13.3909,2,1,3,0,Rural,Midwest,1,1,Vehicle,1,120000,1100,3,202306,0.9921,23060019,2.7272727272727275,7.00397413672268
13.3909,2,1,5,0,Urban,Midwest,1,1,Land-Home,1,65000,960,1,202306,0.9921,23060020,1.0416666666666667,6.8679744089702925
13.3909,2,1,3,0,Urban,Midwest,1,2,Other,1,86000,1100,3,202306,0.9921,23060021,2.7272727272727275,7.00397413672268
13.3909,2,1,3,0,Urban,Midwest,1,1,Vehicle,1,87000,1100,3,202306,0.9921,23060025,2.7272727272727275,7.00397413672268
13.3909,2,1,3,0,Urban,Midwest,1,1,Vehicle,1,86000,1100,3,202306,0.9921,23060026,2.7272727272727275,7.00397413672268
13.3909,2,1,3,0,Urban,Midwest,1,1,Land-Home,1,94000,1100,1,202306,0.9921,23060027,0.9090909090909091,7.00397413672268
13.3909,1,1,3,0,Urban,Midwest,1,1,Vehicle,1,78000,900,1,202306,0.9921,23060031,1.1111111111111112,6.803505257608338
13.3909,1,1,3,0,Urban,Midwest,1,2,Land-Home,1,95000,1300,3,202306,0.9921,23060033,2.307692307692308,7.170888478512505
13.3909,1,1,5,0,Urban,Midwest,1,1,Land-Home,1,87000,1100,3,202306,0.9921,23060035,2.7272727272727275,7.00397413672268
56.457100000000004,2,1,3,0,Rural,South,1,1,Land-Home,1,89000,1100,3,202306,0.9921,23060037,2.7272727272727275,7.00397413672268
13.3909,1,1,3,0,Urban,Midwest,1,1,Land-Home,1,85000,1100,3,202306,0.9921,23060038,2.7272727272727275,7.00397413672268
13.3909,2,1,3,0,Suburban,Midwest,1,1,Land-Home,1,75000,1100,3,202306,0.9921,23060039,2.7272727272727275,7.00397413672268
13.3909,2,1,3,0,Urban,Midwest,1,1,Land-Home,1,65000,1200,1,202306,0.9921,23060041,0.8333333333333334,7.0909098220799835
15.589500000000001,2,1,3,0,Urban,Midwest,1,1,Land-Home,1,70000,670,1,202306,0.9921,23060042,1.492537313432836,6.508769136971682
56.457100000000004,2,1,5,0,Suburban,South,1,1,Land-Home,1,85000,1200,3,202306,0.9921,23060043,2.5,7.0909098220799835
15.589500000000001,1,1,4,0,Urban,West,1,1,Other,1,90000,1100,3,202306,0.9921,23060044,2.7272727272727275,7.00397413672268
13.3909,2,1,3,0,Rural,Midwest,1,1,Land-Home,1,96000,1200,3,202306,0.9921,23060045,2.5,7.0909098220799835
13.3909,1,1,3,0,Urban,Midwest,1,1,Land-Home,1,100000,1200,3,202306,0.9921,23060046,2.5,7.0909098220799835
13.3909,1,1,3,0,Rural,Midwest,1,1,Land-Home,1,92000,1200,3,202306,0.9921,23060047,2.5,7.0909098220799835
15.589500000000001,2,1,5,0,Suburban,West,3,1,Land-Home,1,92000,1200,3,202306,0.9921,23060048,2.5,7.0909098220799835
15.589500000000001,2,1,3,0,Suburban,West,1,1,Land-Home,1,90000,1200,3,202306,0.9921,23060049,2.5,7.0909098220799835
15.589500000000001,1,1,3,0,Suburban,West,1,1,Land-Home,1,72000,750,1,202306,0.9921,23060050,1.3333333333333333,6.621405651764134
13.4833,1,1,3,0,Urban,Northeast,1,1,Vehicle,1,90000,1200,3,202306,0.9921,23060051,2.5,7.0909098220799835
56.457100000000004,2,1,4,0,Suburban,South,1,1,Land-Home,1,92000,1200,3,202306,0.9921,23060052,2.5,7.0909098220799835
56.457100000000004,2,1,3,0,Rural,South,1,1,Vehicle,1,47200,780,1,202306,0.9921,23060053,1.2820512820512822,6.660575149839686
13.4833,1,1,3,0,Urban,South,1,1,Other,1,72000,920,3,202306,0.9921,23060054,3.260869565217391,6.825460036255307
56.457100000000004,2,1,3,0,Suburban,South,1,1,Land-Home,1,110000,1200,3,202306,0.9921,23060055,2.5,7.0909098220799835
13.3909,1,1,3,0,Urban,Midwest,1,1,Other,1,76000,1200,1,202306,0.9921,23060056,0.8333333333333334,7.0909098220799835
13.4833,2,1,3,0,Urban,Northeast,1,1,Land-Home,1,53000,1100,3,202306,0.9921,23060057,2.7272727272727275,7.00397413672268
13.4833,2,1,3,0,Urban,Northeast,1,1,Land-Home,1,76000,1100,3,202306,0.9921,23060058,2.7272727272727275,7.00397413672268
13.4833,2,1,3,0,Urban,Northeast,1,3,Land-Home,1,53000,780,1,202306,0.9921,23060059,1.2820512820512822,6.660575149839686
56.457100000000004,2,1,4,0,Rural,South,1,1,Vehicle,1,84000,1000,1,202306,0.9921,23060060,1.0,6.90875477931522
56.457100000000004,1,1,3,0,Urban,South,1,1,Other,1,67000,920,3,202306,0.9921,23060061,3.260869565217391,6.825460036255307
56.457100000000004,2,1,3,0,Rural,South,1,1,Land-Home,1,92000,1200,3,202306,0.9921,23060062,2.5,7.0909098220799835
56.457100000000004,2,1,3,0,Urban,South,1,2,Land-Home,1,97000,1200,3,202306,0.9921,23060063,2.5,7.0909098220799835
56.457100000000004,1,1,3,0,Rural,South,1,2,Land-Home,1,100000,1300,3,202306,0.9921,23060064,2.307692307692308,7.170888478512505
56.457100000000004,2,1,3,0,Suburban,South,1,1,Vehicle,1,120000,1300,3,202306,0.9921,23060065,2.307692307692308,7.170888478512505
56.457100000000004,1,1,5,0,Rural,South,1,1,Land-Home,1,78000,900,1,202306,0.9921,23060066,1.1111111111111112,6.803505257608338
56.457100000000004,2,1,5,0,Suburban,South,1,1,Land-Home,1,87000,1100,1,202306,0.9921,23060067,0.9090909090909091,7.00397413672268
56.457100000000004,2,1,3,0,Rural,South,1,3,Vehicle,1,81000,960,3,202306,0.9921,23060068,3.125,6.8679744089702925
56.457100000000004,2,1,5,0,Rural,South,1,1,Land-Home,1,92000,1200,3,202306,0.9921,23060069,2.5,7.0909098220799835
56.457100000000004,2,1,5,0,Rural,South,1,1,Land-Home,1,120000,1200,3,202306,0.9921,23060070,2.5,7.0909098220799835
56.457100000000004,1,1,5,0,Urban,South,1,1,Land-Home,1,89000,1200,3,202306,0.9921,23060071,2.5,7.0909098220799835
56.457100000000004,2,1,4,0,Rural,South,1,1,Land-Home,1,89000,1200,1,202306,0.9921,23060072,0.8333333333333334,7.0909098220799835
56.457100000000004,2,1,3,0,Rural,South,1,1,Land-Home,1,70000,1100,3,202306,0.9921,23060073,2.7272727272727275,7.00397413672268
56.457100000000004,2,1,3,0,Suburban,South,1,1,Land-Home,1,86000,1200,3,202306,0.9921,23060074,2.5,7.0909098220799835
13.3909,2,1,3,0,Rural,Midwest,1,1,Land-Home,1,81000,960,1,202306,0.9921,23060075,1.0416666666666667,6.8679744089702925
13.4833,1,1,1,0,Urban,Northeast,0,0,Land-Home,1,180000,920,1,202306,0.9921,23060076,1.0869565217391304,6.825460036255307
13.4833,2,1,1,0,Urban,Northeast,0,0,Vehicle,1,71000,730,1,202306,0.9921,23060077,1.36986301369863,6.594413459749778
13.4833,2,1,1,0,Rural,Northeast,0,0,Vehicle,1,90000,730,1,202306,0.9921,23060078,1.36986301369863,6.594413459749778
13.4833,1,1,1,0,Rural,Northeast,0,0,Vehicle,1,79000,980,3,202306,0.9921,23060079,3.061224489795918,6.8885724595653635
13.4833,2,1,1,0,Urban,Northeast,0,0,Other,1,80000,920,1,202306,0.9921,23060080,1.0869565217391304,6.825460036255307
15.589500000000001,2,1,2,0,Rural,West,0,0,Vehicle,1,85000,1100,3,202306,0.9921,23060081,2.7272727272727275,7.00397413672268
13.3909,2,1,1,0,Urban,Midwest,0,0,Vehicle,1,81000,960,1,202306,0.9921,23060082,1.0416666666666667,6.8679744089702925
13.3909,1,1,1,0,Urban,Midwest,0,0,Vehicle,1,75000,1100,3,202306,0.9921,23060085,2.7272727272727275,7.00397413672268
13.3909,2,1,1,0,Urban,Midwest,0,0,Land-Home,1,87000,1100,3,202306,0.9921,23060086,2.7272727272727275,7.00397413672268
56.457100000000004,2,1,1,0,Urban,Midwest,0,0,Vehicle,1,92000,1200,3,202306,0.9921,23060087,2.5,7.0909098220799835
13.3909,2,1,1,0,Urban,Midwest,0,0,Vehicle,1,69000,960,1,202306,0.9921,23060088,1.0416666666666667,6.8679744089702925
13.3909,2,1,1,0,Urban,Midwest,0,0,Land-Home,1,70000,1100,3,202306,0.9921,23060089,2.7272727272727275,7.00397413672268
13.3909,1,1,1,0,Urban,Midwest,0,0,Other,1,92000,1200,3,202306,0.9921,23060090,2.5,7.0909098220799835
13.3909,2,1,2,0,Rural,Midwest,0,0,Land-Home,1,87000,1100,3,202306,0.9921,23060092,2.7272727272727275,7.00397413672268
13.4833,2,1,1,0,Urban,Northeast,0,0,Land-Home,1,77000,980,3,202306,0.9921,23060093,3.061224489795918,6.8885724595653635
56.457100000000004,2,1,1,0,Suburban,South,0,0,Land-Home,1,74000,780,1,202306,0.9921,23060094,1.2820512820512822,6.660575149839686
13.3909,2,1,2,0,Urban,Midwest,0,0,Land-Home,1,85000,1100,3,202306,0.9921,23060095,2.7272727272727275,7.00397413672268
13.3909,1,1,1,0,Urban,Midwest,0,0,Vehicle,1,85000,1200,3,202306,0.9921,23060096,2.5,7.0909098220799835
13.4833,2,1,1,0,Urban,Northeast,0,0,Land-Home,1,85000,1100,3,202306,0.9921,23060097,2.7272727272727275,7.00397413672268
13.4833,2,1,2,0,Urban,Northeast,0,0,Land-Home,1,82000,980,3,202306,0.9921,23060098,3.061224489795918,6.8885724595653635
56.457100000000004,1,2,9,0,,South,9,9,,1,84000,960,1,202306,0.9921,23060099,1.0416666666666667,6.8679744089702925
56.457100000000004,1,2,9,0,,South,9,9,,1,83000,650,1,202306,0.9921,23060100,1.5384615384615385,6.478509642208569
56.457100000000004,1,2,9,0,,South,9,9,,1,92000,1200,3,202306,0.9921,23060101,2.5,7.0909098220799835
13.3909,1,2,9,0,,Midwest,9,9,,1,85000,1100,3,202306,0.9921,23060102,2.7272727272727275,7.00397413672268
56.457100000000004,1,2,9,0,,South,9,9,,1,87000,1200,3,202306,0.9921,23060103,2.5,7.0909098220799835
13.3909,1,2,9,0,,Midwest,9,9,,1,92000,1200,3,202306,0.9921,23060104,2.5,7.0909098220799835
13.3909,1,2,9,0,,Midwest,9,9,,1,95000,1300,3,202306,0.9921,23060105,2.307692307692308,7.170888478512505
56.457100000000004,1,2,9,0,,South,9,9,,1,98000,1200,3,202306,0.9921,23060106,2.5,7.0909098220799835
56.457100000000004,1,2,9,0,,South,9,9,,1,60000,1200,3,202306,0.9921,23060107,2.5,7.0909098220799835
13.3909,2,2,9,0,,Midwest,9,9,,1,53000,1200,3,202306,0.9921,23060108,2.5,7.0909098220799835
56.457100000000004,1,2,9,0,,South,9,9,,1,88000,1200,3,202306,0.9921,23060110,2.5,7.0909098220799835
13.4833,1,2,9,0,,Northeast,9,9,,1,53000,840,1,202306,0.9921,23060111,1.1904761904761907,6.734591659972948
56.457100000000004,1,2,9,0,,South,9,9,,1,79000,1200,3,202306,0.9921,23060112,2.5,7.0909098220799835
13.3909,1,2,9,0,,Midwest,9,9,,1,65000,1300,3,202306,0.9921,23060113,2.307692307692308,7.170888478512505
56.457100000000004,1,2,9,0,,South,9,9,,1,87000,1100,3,202306,0.9921,23060114,2.7272727272727275,7.00397413672268
13.3909,1,2,9,0,,Midwest,9,9,,1,80000,1100,3,202306,0.9921,23060115,2.7272727272727275,7.00397413672268
56.457100000000004,1,2,9,0,,South,9,9,,1,92000,1200,3,202306,0.9921,23060116,2.5,7.0909098220799835
13.3909,1,2,9,0,,Midwest,9,9,,1,78000,900,1,202306,0.9921,23060117,1.1111111111111112,6.803505257608338
13.3909,1,2,9,0,,Midwest,9,9,,1,89000,1200,3,202306,0.9921,23060118,2.5,7.0909098220799835
56.457100000000004,1,2,9,0,,South,9,9,,1,67000,960,3,202306,0.9921,23060119,3.125,6.8679744089702925
15.589500000000001,1,2,9,0,,West,9,9,,1,82000,980,3,202306,0.9921,23060120,3.061224489795918,6.8885724595653635
15.589500000000001,2,2,9,0,,West,9,9,,1,83000,1000,3,202306,0.9921,23060121,3.0,6.90875477931522
56.457100000000004,1,2,9,0,,South,9,9,,1,79000,1100,3,202306,0.9921,23060122,2.7272727272727275,7.00397413672268
13.4833,1,2,9,0,,Northeast,9,9,,1,82000,980,3,202306,0.9921,23060123,3.061224489795918,6.8885724595653635
56.457100000000004,1,2,9,0,,South,9,9,,1,88000,1200,3,202306,0.9921,23060124,2.5,7.0909098220799835
13.3909,1,2,9,0,,Midwest,9,9,,1,100000,1200,3,202306,0.9921,23060125,2.5,7.0909098220799835
15.589500000000001,1,2,9,0,,West,9,9,,1,82000,980,3,202306,0.9921,23060126,3.061224489795918,6.8885724595653635
13.4833,1,2,9,0,,Northeast,9,9,,1,74000,780,1,202306,0.9921,23060127,1.2820512820512822,6.660575149839686
15.589500000000001,1,2,9,0,,West,9,9,,1,74000,780,1,202306,0.9921,23060128,1.2820512820512822,6.660575149839686
56.457100000000004,1,2,9,0,,South,9,9,,1,92000,1200,3,202306,0.9921,23060129,2.5,7.0909098220799835
56.457100000000004,1,2,9,0,,South,9,9,,1,92000,1200,3,202306,0.9921,23060130,2.5,7.0909098220799835
56.457100000000004,1,2,9,0,,South,9,9,,1,92000,1200,3,202306,0.9921,23060131,2.5,7.0909098220799835
28.2286,2,1,3,0,Suburban,South,1,1,Land-Home,2,130000,1900,3,202306,1.1242,23060167,1.5789473684210527,7.550135342488429
28.2286,2,1,3,0,Suburban,South,1,1,Land-Home,2,150000,1600,3,202306,1.1242,23060168,1.875,7.3783837129967145
28.2286,2,1,3,0,Suburban,South,1,1,Land-Home,2,99000,1500,3,202306,1.1242,23060169,2.0,7.313886831633462
28.2286,2,1,5,0,Rural,South,1,2,Land-Home,2,78000,1600,3,202306,1.1242,23060170,1.875,7.3783837129967145
7.794700000000001,2,1,3,0,Suburban,West,1,2,Land-Home,2,140000,1300,3,202306,1.1242,23060171,2.307692307692308,7.170888478512505
5.1965,2,1,3,0,Suburban,,1,1,Land-Home,3,260000,2700,1,202306,1.1242,23060173,0.37037037037037035,7.901377353792616
7.794700000000001,2,1,3,0,Rural,West,1,1,Land-Home,2,250000,2100,3,202306,1.1242,23060174,1.4285714285714286,7.650168700845001
7.794700000000001,2,1,3,0,Rural,West,1,1,Land-Home,2,120000,880,1,202306,1.1242,23060175,1.1363636363636362,6.78105762593618
7.794700000000001,1,1,3,0,Rural,West,3,1,Land-Home,2,160000,1700,3,202306,1.1242,23060176,1.7647058823529413,7.438971592395862
7.794700000000001,2,1,4,0,Urban,West,3,1,Land-Home,2,200000,1300,1,202306,1.1242,23060177,0.7692307692307693,7.170888478512505
7.794700000000001,1,1,4,0,Rural,West,3,2,Land-Home,2,180000,2300,3,202306,1.1242,23060178,1.3043478260869565,7.741099090035366
7.794700000000001,1,1,4,0,Rural,West,3,1,Vehicle,2,150000,1600,3,202306,1.1242,23060179,1.875,7.3783837129967145
7.794700000000001,2,1,4,0,Suburban,West,3,2,Vehicle,2,250000,2300,3,202306,1.1242,23060180,1.3043478260869565,7.741099090035366
28.2286,2,1,5,0,Rural,South,1,3,Land-Home,2,160000,1800,3,202306,1.1242,23060181,1.6666666666666667,7.496097345175956
7.794700000000001,2,1,3,0,Suburban,West,1,1,Land-Home,2,130000,1500,3,202306,1.1242,23060183,2.0,7.313886831633462
7.794700000000001,2,1,3,0,Rural,West,1,1,Land-Home,2,170000,880,1,202306,1.1242,23060184,1.1363636363636362,6.78105762593618
7.794700000000001,2,1,3,0,Suburban,West,1,1,Land-Home,2,110000,880,1,202306,1.1242,23060185,1.1363636363636362,6.78105762593618
7.794700000000001,2,1,3,0,Urban,West,3,1,Land-Home,2,170000,2100,3,202306,1.1242,23060186,1.4285714285714286,7.650168700845001
7.794700000000001,2,1,4,0,Urban,West,3,1,Vehicle,2,140000,1200,3,202306,1.1242,23060187,2.5,7.0909098220799835
5.1965,2,1,4,0,Urban,,3,1,Land-Home,3,190000,2700,1,202306,1.1242,23060188,0.37037037037037035,7.901377353792616
7.794700000000001,2,1,3,0,Urban,West,3,2,Land-Home,2,150000,1500,3,202306,1.1242,23060189,2.0,7.313886831633462
7.794700000000001,2,1,4,0,Urban,West,3,1,Land-Home,2,130000,880,1,202306,1.1242,23060190,1.1363636363636362,6.78105762593618
7.794700000000001,2,1,3,0,Suburban,West,1,1,Land-Home,2,170000,1600,3,202306,1.1242,23060191,1.875,7.3783837129967145
7.794700000000001,2,1,4,0,Urban,West,3,3,Land-Home,2,200000,1100,1,202306,1.1242,23060192,0.9090909090909091,7.00397413672268
7.794700000000001,2,1,3,0,Urban,West,3,1,Vehicle,2,150000,1600,3,202306,1.1242,23060193,1.875,7.3783837129967145
5.1965,2,1,4,0,Urban,,3,1,Vehicle,3,190000,2700,1,202306,1.1242,23060194,0.37037037037037035,7.901377353792616
7.794700000000001,2,1,3,0,Suburban,West,1,1,Land-Home,2,120000,1100,3,202306,1.1242,23060195,2.7272727272727275,7.00397413672268
7.794700000000001,2,1,3,0,Urban,West,3,1,Land-Home,2,140000,1200,1,202306,1.1242,23060196,0.8333333333333334,7.0909098220799835
7.794700000000001,2,1,3,0,Urban,West,1,1,Land-Home,2,250000,880,1,202306,1.1242,23060197,1.1363636363636362,6.78105762593618
7.794700000000001,1,1,3,0,Urban,West,1,1,Land-Home,2,150000,1600,3,202306,1.1242,23060198,1.875,7.3783837129967145
6.6955,2,1,5,0,,West,4,3,Land-Home,2,110000,1200,3,202306,1.1242,23060199,2.5,7.0909098220799835
6.6955,2,1,5,0,,West,4,3,Land-Home,2,150000,1700,3,202306,1.1242,23060200,1.7647058823529413,7.438971592395862
6.741700000000001,2,1,3,0,Suburban,Northeast,1,1,Land-Home,2,140000,950,1,202306,1.1242,23060201,1.0526315789473684,6.85751406254539
6.741700000000001,2,1,3,0,Rural,Northeast,1,1,Land-Home,2,150000,1200,1,202306,1.1242,23060202,0.8333333333333334,7.0909098220799835
6.741700000000001,2,1,3,0,Suburban,Northeast,1,1,Land-Home,2,160000,1700,3,202306,1.1242,23060203,1.7647058823529413,7.438971592395862
6.741700000000001,2,1,3,0,Suburban,South,1,1,Vehicle,2,78000,1100,3,202306,1.1242,23060204,2.7272727272727275,7.00397413672268
28.2286,2,1,3,0,Urban,South,1,1,Land-Home,2,200000,1400,1,202306,1.1242,23060205,0.7142857142857143,7.244941546337007
28.2286,2,1,5,0,Rural,South,1,2,Land-Home,2,190000,2500,3,202306,1.1242,23060206,1.2,7.824445930877619
28.2286,2,1,5,0,Urban,South,1,1,Land-Home,2,160000,1700,3,202306,1.1242,23060207,1.7647058823529413,7.438971592395862
28.2286,2,1,3,0,Urban,South,1,1,Land-Home,2,180000,2100,3,202306,1.1242,23060208,1.4285714285714286,7.650168700845001
28.2286,2,1,5,0,Rural,South,1,1,Other,2,150000,2000,3,202306,1.1242,23060209,1.5,7.601402334583733
18.819000000000003,2,1,4,0,Rural,,1,1,Vehicle,3,240000,3000,3,202306,1.1242,23060210,1.0,8.006700845440367
28.2286,2,1,4,0,Urban,South,1,1,Vehicle,2,130000,1100,1,202306,1.1242,23060211,0.9090909090909091,7.00397413672268
28.2286,2,1,3,0,Suburban,South,1,1,Land-Home,2,160000,1300,1,202306,1.1242,23060212,0.7692307692307693,7.170888478512505
28.2286,1,1,5,0,Rural,South,1,1,Land-Home,2,240000,2500,3,202306,1.1242,23060213,1.2,7.824445930877619
28.2286,2,1,5,0,Rural,South,1,1,Land-Home,2,130000,1700,3,202306,1.1242,23060214,1.7647058823529413,7.438971592395862
28.2286,2,1,4,0,Suburban,South,1,1,Land-Home,2,160000,1700,3,202306,1.1242,23060215,1.7647058823529413,7.438971592395862
28.2286,2,1,4,0,Rural,South,1,1,Land-Home,2,200000,2500,3,202306,1.1242,23060216,1.2,7.824445930877619
28.2286,2,1,3,0,Rural,South,1,1,Vehicle,2,150000,1900,3,202306,1.1242,23060217,1.5789473684210527,7.550135342488429
28.2286,2,1,3,0,Rural,South,1,1,Vehicle,2,130000,1100,3,202306,1.1242,23060218,2.7272727272727275,7.00397413672268
6.6955,2,1,3,0,Suburban,Midwest,1,1,Land-Home,2,190000,2400,3,202306,1.1242,23060219,1.25,7.783640596221253
6.6955,2,1,3,0,Rural,Midwest,1,1,Vehicle,2,170000,1500,3,202306,1.1242,23060220,2.0,7.313886831633462
6.6955,2,1,3,0,Suburban,Midwest,1,1,Land-Home,2,210000,1600,3,202306,1.1242,23060221,1.875,7.3783837129967145
6.6955,2,1,3,0,Suburban,Midwest,1,1,Vehicle,2,140000,1700,3,202306,1.1242,23060222,1.7647058823529413,7.438971592395862
6.6955,2,1,3,0,Suburban,Midwest,1,1,Land-Home,2,130000,1600,3,202306,1.1242,23060223,1.875,7.3783837129967145
6.6955,2,1,3,0,Rural,Midwest,1,2,Land-Home,2,180000,1900,3,202306,1.1242,23060224,1.5789473684210527,7.550135342488429
28.2286,2,1,3,0,Rural,South,1,1,Land-Home,2,150000,1600,3,202306,1.1242,23060225,1.875,7.3783837129967145
28.2286,2,1,3,0,Rural,South,2,1,Land-Home,2,140000,1800,3,202306,1.1242,23060226,1.6666666666666667,7.496097345175956
28.2286,2,1,3,0,Rural,South,1,1,Land-Home,2,190000,2200,3,202306,1.1242,23060227,1.3636363636363638,7.696667081526462
28.2286,2,1,3,0,Rural,South,1,1,Land-Home,2,170000,1900,3,202306,1.1242,23060228,1.5789473684210527,7.550135342488429
28.2286,2,1,3,0,Rural,South,1,1,Land-Home,2,120000,1600,3,202306,1.1242,23060229,1.875,7.3783837129967145
28.2286,2,1,3,0,Rural,South,1,1,Land-Home,2,120000,2100,3,202306,1.1242,23060230,1.4285714285714286,7.650168700845001
28.2286,2,1,3,0,Rural,South,1,1,Land-Home,2,160000,2200,3,202306,1.1242,23060231,1.3636363636363638,7.696667081526462
6.6955,2,1,3,0,Urban,Midwest,1,1,Land-Home,2,130000,1400,3,202306,1.1242,23060232,2.142857142857143,7.244941546337007
6.6955,1,1,3,0,Urban,Midwest,1,1,Land-Home,2,130000,1500,3,202306,1.1242,23060233,2.0,7.313886831633462
6.6955,2,1,3,0,Urban,Midwest,1,1,Land-Home,2,170000,1600,3,202306,1.1242,23060234,1.875,7.3783837129967145
6.6955,2,1,3,0,Urban,Midwest,1,1,Vehicle,2,150000,1600,3,202306,1.1242,23060235,1.875,7.3783837129967145
6.6955,1,1,3,0,Urban,Midwest,1,1,Land-Home,2,130000,1200,3,202306,1.1242,23060236,2.5,7.0909098220799835
6.6955,1,1,3,0,Urban,Midwest,1,1,Land-Home,2,150000,1200,3,202306,1.1242,23060237,2.5,7.0909098220799835
6.6955,2,1,3,0,Urban,Midwest,1,1,Land-Home,2,160000,1800,3,202306,1.1242,23060238,1.6666666666666667,7.496097345175956
6.6955,1,1,3,0,Urban,Midwest,1,1,Land-Home,2,160000,1700,3,202306,1.1242,23060239,1.7647058823529413,7.438971592395862
6.6955,2,1,3,0,Urban,Midwest,1,1,Land-Home,2,170000,2000,3,202306,1.1242,23060240,1.5,7.601402334583733
6.6955,2,1,3,0,Urban,Midwest,1,1,Other,2,160000,1600,3,202306,1.1242,23060241,1.875,7.3783837129967145
6.6955,1,1,3,0,Urban,Midwest,1,1,Land-Home,2,130000,1600,3,202306,1.1242,23060242,1.875,7.3783837129967145
6.6955,1,1,3,0,Urban,Midwest,1,1,Land-Home,2,120000,1500,3,202306,1.1242,23060243,2.0,7.313886831633462
6.6955,2,1,3,0,Urban,Midwest,1,1,Land-Home,2,140000,1200,3,202306,1.1242,23060244,2.5,7.0909098220799835
28.2286,2,1,5,0,Rural,South,1,1,Land-Home,2,160000,1800,3,202306,1.1242,23060245,1.6666666666666667,7.496097345175956
28.2286,2,1,5,0,Rural,South,1,1,Land-Home,2,170000,2300,3,202306,1.1242,23060246,1.3043478260869565,7.741099090035366
6.6955,2,1,3,0,Urban,Midwest,1,1,Land-Home,2,200000,2400,3,202306,1.1242,23060247,1.25,7.783640596221253
6.6955,2,1,3,0,Rural,Midwest,1,1,Vehicle,2,140000,1600,3,202306,1.1242,23060248,1.875,7.3783837129967145
6.6955,2,1,3,0,Rural,Midwest,1,1,Land-Home,2,110000,1300,3,202306,1.1242,23060249,2.307692307692308,7.170888478512505
6.6955,2,1,3,0,Rural,Midwest,1,1,Vehicle,2,150000,1600,3,202306,1.1242,23060250,1.875,7.3783837129967145
6.6955,2,1,3,0,Urban,Midwest,1,1,Vehicle,2,150000,1600,3,202306,1.1242,23060251,1.875,7.3783837129967145
6.6955,2,1,3,0,Rural,Midwest,1,1,Vehicle,2,170000,2100,3,202306,1.1242,23060252,1.4285714285714286,7.650168700845001
6.6955,2,1,3,0,Rural,Midwest,1,1,Land-Home,2,150000,1700,3,202306,1.1242,23060253,1.7647058823529413,7.438971592395862
6.6955,2,1,3,0,Rural,Midwest,1,1,Land-Home,2,130000,1600,3,202306,1.1242,23060254,1.875,7.3783837129967145
6.6955,2,1,3,0,Suburban,Midwest,1,1,Land-Home,2,190000,2400,3,202306,1.1242,23060255,1.25,7.783640596221253
6.6955,2,1,3,0,Rural,Midwest,1,1,Land-Home,2,150000,1600,3,202306,1.1242,23060256,1.875,7.3783837129967145
7.794700000000001,2,1,5,0,Urban,West,3,1,Land-Home,2,160000,1800,3,202306,1.1242,23060257,1.6666666666666667,7.496097345175956
7.794700000000001,1,1,3,0,Rural,West,1,1,Land-Home,2,170000,2000,3,202306,1.1242,23060258,1.5,7.601402334583733
7.794700000000001,2,1,3,0,Rural,West,1,1,Land-Home,2,120000,1800,3,202306,1.1242,23060259,1.6666666666666667,7.496097345175956
7.794700000000001,2,1,3,0,Suburban,West,1,1,Land-Home,2,160000,1700,3,202306,1.1242,23060260,1.7647058823529413,7.438971592395862
7.794700000000001,2,1,3,0,Suburban,West,1,1,Land-Home,2,250000,2100,1,202306,1.1242,23060261,0.47619047619047616,7.650168700845001
7.794700000000001,2,1,5,0,Suburban,West,1,1,Land-Home,2,92000,1200,3,202306,1.1242,23060262,2.5,7.0909098220799835
28.2286,2,1,3,0,Suburban,South,1,1,Vehicle,2,150000,1700,3,202306,1.1242,23060263,1.7647058823529413,7.438971592395862
28.2286,2,1,3,0,Rural,South,1,1,Vehicle,2,110000,1500,3,202306,1.1242,23060264,2.0,7.313886831633462
28.2286,2,1,3,0,Rural,South,1,2,Vehicle,2,240000,2100,3,202306,1.1242,23060265,1.4285714285714286,7.650168700845001
28.2286,2,1,3,0,Rural,South,1,1,Land-Home,2,170000,1800,3,202306,1.1242,23060266,1.6666666666666667,7.496097345175956
28.2286,2,1,3,0,Rural,South,1,1,Land-Home,2,130000,1600,3,202306,1.1242,23060267,1.875,7.3783837129967145
6.6955,2,1,4,0,Urban,Midwest,1,1,Vehicle,2,190000,2400,3,202306,1.1242,23060268,1.25,7.783640596221253
28.2286,2,1,3,0,Rural,South,1,1,Land-Home,2,100000,1600,3,202306,1.1242,23060269,1.875,7.3783837129967145
28.2286,2,1,3,0,Rural,South,1,1,Land-Home,2,150000,2100,3,202306,1.1242,23060270,1.4285714285714286,7.650168700845001
7.794700000000001,2,1,5,0,Suburban,West,1,1,Land-Home,2,300000,880,1,202306,1.1242,23060271,1.1363636363636362,6.78105762593618
7.794700000000001,2,1,3,0,Suburban,West,3,1,Vehicle,2,220000,1600,3,202306,1.1242,23060273,1.875,7.3783837129967145
7.794700000000001,1,1,3,0,Suburban,West,1,1,Land-Home,2,160000,880,1,202306,1.1242,23060274,1.1363636363636362,6.78105762593618
6.741700000000001,2,1,3,0,Rural,Northeast,1,1,Land-Home,2,130000,1300,3,202306,1.1242,23060275,2.307692307692308,7.170888478512505
6.741700000000001,2,1,3,0,Urban,Northeast,1,1,Land-Home,2,180000,1700,3,202306,1.1242,23060276,1.7647058823529413,7.438971592395862
6.741700000000001,2,1,3,0,Rural,Northeast,1,1,Land-Home,2,150000,950,1,202306,1.1242,23060278,1.0526315789473684,6.85751406254539
6.741700000000001,2,1,3,0,Urban,Northeast,1,2,Land-Home,2,120000,1300,3,202306,1.1242,23060279,2.307692307692308,7.170888478512505
6.741700000000001,2,1,3,0,Suburban,Northeast,1,2,Vehicle,2,170000,1700,3,202306,1.1242,23060280,1.7647058823529413,7.438971592395862
6.741700000000001,1,1,3,0,Urban,Northeast,1,1,Land-Home,2,140000,1600,3,202306,1.1242,23060281,1.875,7.3783837129967145
28.2286,2,1,3,0,Rural,South,1,2,Vehicle,2,210000,2000,3,202306,1.1242,23060282,1.5,7.601402334583733
28.2286,2,1,3,0,Rural,South,1,1,Vehicle,2,190000,2500,3,202306,1.1242,23060283,1.2,7.824445930877619
28.2286,2,1,3,0,Rural,South,1,1,Land-Home,2,150000,1300,3,202306,1.1242,23060284,2.307692307692308,7.170888478512505
28.2286,2,1,3,0,Rural,South,1,1,Land-Home,2,240000,2200,3,202306,1.1242,23060285,1.3636363636363638,7.696667081526462
28.2286,2,1,3,0,Rural,South,1,1,Land-Home,2,170000,1800,3,202306,1.1242,23060286,1.6666666666666667,7.496097345175956
28.2286,2,1,3,0,Rural,South,1,2,Land-Home,2,120000,1600,3,202306,1.1242,23060287,1.875,7.3783837129967145
28.2286,1,1,3,0,Rural,South,1,1,Land-Home,2,110000,1900,3,202306,1.1242,23060288,1.5789473684210527,7.550135342488429
28.2286,2,1,3,0,Suburban,South,1,1,Land-Home,2,150000,1900,3,202306,1.1242,23060289,1.5789473684210527,7.550135342488429
28.2286,2,1,3,0,Rural,South,1,3,Land-Home,2,170000,2000,3,202306,1.1242,23060290,1.5,7.601402334583733
28.2286,2,1,3,0,Rural,South,1,1,Land-Home,2,180000,2300,3,202306,1.1242,23060291,1.3043478260869565,7.741099090035366
28.2286,2,1,4,0,Rural,South,1,1,Land-Home,2,180000,2200,3,202306,1.1242,23060292,1.3636363636363638,7.696667081526462
28.2286,2,1,5,0,Rural,South,1,1,Land-Home,2,150000,1600,3,202306,1.1242,23060293,1.875,7.3783837129967145
28.2286,2,1,5,0,Rural,South,1,2,Land-Home,2,190000,2500,3,202306,1.1242,23060294,1.2,7.824445930877619
28.2286,2,1,3,0,Suburban,South,1,1,Land-Home,2,120000,2200,3,202306,1.1242,23060295,1.3636363636363638,7.696667081526462
28.2286,2,1,3,0,Rural,South,1,1,Land-Home,2,140000,1100,1,202306,1.1242,23060296,0.9090909090909091,7.00397413672268
28.2286,2,1,3,0,Suburban,South,1,1,Vehicle,2,93000,2000,3,202306,1.1242,23060297,1.5,7.601402334583733
28.2286,2,1,3,0,Rural,South,1,1,Land-Home,2,180000,2100,3,202306,1.1242,23060298,1.4285714285714286,7.650168700845001
28.2286,2,1,3,0,Suburban,South,1,1,Land-Home,2,120000,1600,3,202306,1.1242,23060299,1.875,7.3783837129967145
18.819000000000003,2,1,3,0,Rural,,1,2,Land-Home,3,220000,3200,3,202306,1.1242,23060300,0.9375,8.071218539969863
28.2286,2,1,3,0,Rural,South,1,1,Land-Home,2,180000,1900,3,202306,1.1242,23060301,1.5789473684210527,7.550135342488429
28.2286,2,1,3,0,Rural,South,1,1,Land-Home,2,240000,2300,3,202306,1.1242,23060302,1.3043478260869565,7.741099090035366
28.2286,2,1,3,0,Urban,South,1,2,Land-Home,2,160000,1700,3,202306,1.1242,23060303,1.7647058823529413,7.438971592395862
28.2286,2,1,3,0,Rural,South,1,2,Land-Home,2,130000,1100,3,202306,1.1242,23060304,2.7272727272727275,7.00397413672268
28.2286,2,1,3,0,Suburban,South,1,1,Land-Home,2,150000,1600,3,202306,1.1242,23060305,1.875,7.3783837129967145
6.6955,2,1,3,0,Rural,South,1,1,Vehicle,2,240000,2200,3,202306,1.1242,23060306,1.3636363636363638,7.696667081526462
28.2286,1,1,3,0,Rural,South,1,1,Land-Home,2,120000,1500,3,202306,1.1242,23060307,2.0,7.313886831633462
28.2286,2,1,3,0,Rural,South,1,2,Land-Home,2,150000,1500,3,202306,1.1242,23060308,2.0,7.313886831633462
28.2286,2,1,3,0,Rural,South,1,1,Land-Home,2,180000,2200,3,202306,1.1242,23060309,1.3636363636363638,7.696667081526462
28.2286,2,1,3,0,Rural,South,1,1,Land-Home,2,150000,1600,3,202306,1.1242,23060310,1.875,7.3783837129967145
28.2286,2,1,1,0,Rural,South,0,0,Land-Home,2,110000,1600,3,202306,1.1242,23060311,1.875,7.3783837129967145
28.2286,2,1,2,0,Suburban,South,0,0,Other,2,160000,2500,3,202306,1.1242,23060312,1.2,7.824445930877619
28.2286,2,1,2,0,Rural,South,0,0,Land-Home,2,150000,2100,3,202306,1.1242,23060313,1.4285714285714286,7.650168700845001
7.794700000000001,1,1,1,0,Rural,West,0,0,Land-Home,2,190000,1200,1,202306,1.1242,23060314,0.8333333333333334,7.0909098220799835
7.794700000000001,2,1,1,0,Rural,West,0,0,Land-Home,2,150000,1500,3,202306,1.1242,23060315,2.0,7.313886831633462
7.794700000000001,2,1,1,0,Suburban,West,0,0,Vehicle,2,200000,1400,3,202306,1.1242,23060316,2.142857142857143,7.244941546337007
7.794700000000001,2,1,1,0,Suburban,West,0,0,Land-Home,2,210000,1600,3,202306,1.1242,23060317,1.875,7.3783837129967145
7.794700000000001,2,1,1,0,Rural,West,0,0,Land-Home,2,150000,1600,3,202306,1.1242,23060318,1.875,7.3783837129967145
7.794700000000001,2,1,1,0,Rural,West,0,0,Vehicle,2,200000,1700,3,202306,1.1242,23060319,1.7647058823529413,7.438971592395862
28.2286,2,1,1,0,Rural,South,0,0,Land-Home,2,140000,2200,3,202306,1.1242,23060320,1.3636363636363638,7.696667081526462
7.794700000000001,2,1,1,0,Rural,West,0,0,Vehicle,2,180000,1200,3,202306,1.1242,23060321,2.5,7.0909098220799835
7.794700000000001,1,1,1,0,Rural,West,0,0,Land-Home,2,300000,1400,3,202306,1.1242,23060322,2.142857142857143,7.244941546337007
6.741700000000001,2,1,1,0,Rural,Northeast,0,0,Vehicle,2,150000,1400,3,202306,1.1242,23060323,2.142857142857143,7.244941546337007
6.741700000000001,1,1,1,0,Rural,Northeast,0,0,Land-Home,2,160000,1500,3,202306,1.1242,23060324,2.0,7.313886831633462
6.741700000000001,2,1,1,0,Urban,Northeast,0,0,Vehicle,2,150000,1700,3,202306,1.1242,23060325,1.7647058823529413,7.438971592395862
6.741700000000001,2,1,1,0,Urban,Northeast,0,0,Land-Home,2,150000,1500,3,202306,1.1242,23060326,2.0,7.313886831633462
6.741700000000001,2,1,1,0,Rural,Northeast,0,0,Vehicle,2,130000,1500,3,202306,1.1242,23060327,2.0,7.313886831633462
6.741700000000001,2,1,1,0,Suburban,Northeast,0,0,Vehicle,2,150000,1600,3,202306,1.1242,23060328,1.875,7.3783837129967145
6.741700000000001,2,1,1,0,Suburban,Northeast,0,0,Vehicle,2,120000,1200,3,202306,1.1242,23060329,2.5,7.0909098220799835
6.741700000000001,2,1,1,0,Urban,Northeast,0,0,Land-Home,2,150000,1600,1,202306,1.1242,23060330,0.625,7.3783837129967145
6.741700000000001,2,1,1,0,Rural,Northeast,0,0,Vehicle,2,130000,1600,3,202306,1.1242,23060331,1.875,7.3783837129967145
6.741700000000001,1,1,1,0,Urban,Northeast,0,0,Land-Home,2,150000,1500,3,202306,1.1242,23060332,2.0,7.313886831633462
28.2286,2,1,2,0,Urban,South,0,0,Land-Home,2,140000,1400,1,202306,1.1242,23060333,0.7142857142857143,7.244941546337007
28.2286,2,1,2,0,Suburban,South,0,0,Land-Home,2,170000,1100,1,202306,1.1242,23060334,0.9090909090909091,7.00397413672268
28.2286,2,1,2,0,Urban,South,0,0,Land-Home,2,150000,1600,3,202306,1.1242,23060335,1.875,7.3783837129967145
28.2286,2,1,2,0,Suburban,South,0,0,Land-Home,2,78000,1600,3,202306,1.1242,23060336,1.875,7.3783837129967145
28.2286,2,1,2,0,Rural,South,0,0,Land-Home,2,190000,2500,3,202306,1.1242,23060337,1.2,7.824445930877619
7.794700000000001,2,1,2,0,Rural,West,0,0,Vehicle,2,180000,2200,3,202306,1.1242,23060338,1.3636363636363638,7.696667081526462
7.794700000000001,2,1,1,0,Suburban,West,0,0,Vehicle,2,180000,1500,1,202306,1.1242,23060339,0.6666666666666666,7.313886831633462
6.6955,1,1,1,0,Urban,Midwest,0,0,Land-Home,2,260000,2000,3,202306,1.1242,23060340,1.5,7.601402334583733
6.6955,2,1,1,0,Suburban,Midwest,0,0,Land-Home,2,180000,1600,3,202306,1.1242,23060341,1.875,7.3783837129967145
6.6955,2,1,1,0,Urban,Midwest,0,0,Land-Home,2,150000,1500,3,202306,1.1242,23060342,2.0,7.313886831633462
6.6955,2,1,1,0,Urban,Midwest,0,0,Land-Home,2,130000,1600,3,202306,1.1242,23060343,1.875,7.3783837129967145
6.6955,2,1,1,0,Urban,Midwest,0,0,Land-Home,2,150000,1500,3,202306,1.1242,23060344,2.0,7.313886831633462
7.794700000000001,2,1,2,0,Rural,West,0,0,Land-Home,2,140000,1900,3,202306,1.1242,23060346,1.5789473684210527,7.550135342488429
6.741700000000001,2,1,1,0,Urban,Northeast,0,0,Land-Home,2,150000,1500,3,202306,1.1242,23060347,2.0,7.313886831633462
6.741700000000001,2,1,1,0,Suburban,Northeast,0,0,Land-Home,2,110000,1600,3,202306,1.1242,23060348,1.875,7.3783837129967145
6.741700000000001,2,1,1,0,Suburban,Northeast,0,0,Land-Home,2,120000,1300,3,202306,1.1242,23060349,2.307692307692308,7.170888478512505
6.741700000000001,2,1,1,0,Urban,Northeast,0,0,Land-Home,2,160000,1800,3,202306,1.1242,23060350,1.6666666666666667,7.496097345175956
6.741700000000001,2,1,1,0,Urban,Northeast,0,0,Vehicle,2,110000,1500,3,202306,1.1242,23060351,2.0,7.313886831633462
6.741700000000001,2,1,2,0,Suburban,Northeast,0,0,Land-Home,2,150000,1600,3,202306,1.1242,23060352,1.875,7.3783837129967145
6.741700000000001,2,1,1,0,Urban,Northeast,0,0,Vehicle,2,160000,1700,3,202306,1.1242,23060353,1.7647058823529413,7.438971592395862
6.741700000000001,2,1,1,0,Urban,Northeast,0,0,Other,2,140000,1300,3,202306,1.1242,23060354,2.307692307692308,7.170888478512505
28.2286,2,1,2,0,Rural,South,0,0,Land-Home,2,180000,2100,3,202306,1.1242,23060355,1.4285714285714286,7.650168700845001
28.2286,2,1,2,0,Suburban,South,0,0,Vehicle,2,170000,1900,3,202306,1.1242,23060356,1.5789473684210527,7.550135342488429
28.2286,2,1,1,0,Rural,South,0,0,Land-Home,2,78000,1600,3,202306,1.1242,23060357,1.875,7.3783837129967145
28.2286,2,1,2,0,Suburban,Midwest,0,0,Vehicle,2,190000,2400,3,202306,1.1242,23060358,1.25,7.783640596221253
6.6955,2,1,1,0,Urban,Midwest,0,0,Vehicle,2,150000,1600,3,202306,1.1242,23060359,1.875,7.3783837129967145
7.794700000000001,2,1,1,0,Suburban,West,0,0,Vehicle,2,170000,1500,3,202306,1.1242,23060360,2.0,7.313886831633462
7.794700000000001,2,1,1,0,Suburban,West,0,0,Vehicle,2,150000,1400,3,202306,1.1242,23060361,2.142857142857143,7.244941546337007
7.794700000000001,2,1,1,0,Suburban,West,0,0,Land-Home,2,150000,1600,3,202306,1.1242,23060362,1.875,7.3783837129967145
7.794700000000001,2,1,1,0,Suburban,West,0,0,Land-Home,2,140000,1300,3,202306,1.1242,23060363,2.307692307692308,7.170888478512505
6.741700000000001,2,1,2,0,Rural,Northeast,0,0,Vehicle,2,190000,1800,3,202306,1.1242,23060364,1.6666666666666667,7.496097345175956
6.741700000000001,2,1,2,0,Suburban,Northeast,0,0,Vehicle,2,140000,1800,3,202306,1.1242,23060365,1.6666666666666667,7.496097345175956
6.741700000000001,2,1,2,0,Rural,Northeast,0,0,Land-Home,2,170000,1500,3,202306,1.1242,23060366,2.0,7.313886831633462
6.741700000000001,2,1,1,0,Urban,Northeast,0,0,Land-Home,2,190000,2000,3,202306,1.1242,23060367,1.5,7.601402334583733
28.2286,1,1,2,0,Suburban,South,0,0,Vehicle,2,93000,1600,3,202306,1.1242,23060368,1.875,7.3783837129967145
6.6955,2,1,1,0,Urban,Midwest,0,0,Land-Home,2,120000,1800,3,202306,1.1242,23060369,1.6666666666666667,7.496097345175956
7.794700000000001,1,2,9,0,,West,9,9,,2,140000,1200,3,202306,1.1242,23060370,2.5,7.0909098220799835
7.794700000000001,1,2,9,0,,West,9,9,,2,160000,1600,3,202306,1.1242,23060371,1.875,7.3783837129967145
7.794700000000001,2,2,9,0,,West,9,9,,2,150000,1600,3,202306,1.1242,23060372,1.875,7.3783837129967145
7.794700000000001,1,2,9,0,,West,9,9,,2,92000,1100,1,202306,1.1242,23060373,0.9090909090909091,7.00397413672268
28.2286,2,2,9,0,,South,9,9,,2,78000,1100,3,202306,1.1242,23060374,2.7272727272727275,7.00397413672268
28.2286,1,2,9,0,,South,9,9,,2,160000,1800,3,202306,1.1242,23060375,1.6666666666666667,7.496097345175956
28.2286,1,2,9,0,,South,9,9,,2,170000,1900,3,202306,1.1242,23060376,1.5789473684210527,7.550135342488429
6.6955,1,2,9,0,,West,9,9,,2,190000,1500,3,202306,1.1242,23060377,2.0,7.313886831633462
7.794700000000001,1,2,9,0,,West,9,9,,2,130000,1200,3,202306,1.1242,23060378,2.5,7.0909098220799835
6.6955,1,2,9,0,,Midwest,9,9,,2,150000,1600,3,202306,1.1242,23060379,1.875,7.3783837129967145
7.794700000000001,1,2,9,0,,South,9,9,,2,140000,1300,3,202306,1.1242,23060380,2.307692307692308,7.170888478512505
7.794700000000001,1,2,9,0,,West,9,9,,2,180000,2300,3,202306,1.1242,23060381,1.3043478260869565,7.741099090035366
28.2286,1,2,9,0,,South,9,9,,2,160000,1700,3,202306,1.1242,23060382,1.7647058823529413,7.438971592395862
6.6955,1,2,9,0,,Midwest,9,9,,2,180000,2100,3,202306,1.1242,23060383,1.4285714285714286,7.650168700845001
28.2286,1,2,9,0,,South,9,9,,2,120000,1700,3,202306,1.1242,23060384,1.7647058823529413,7.438971592395862
7.794700000000001,2,2,9,0,,West,9,9,,2,130000,1200,3,202306,1.1242,23060385,2.5,7.0909098220799835
7.794700000000001,2,2,9,0,,West,9,9,,2,140000,1300,1,202306,1.1242,23060386,0.7692307692307693,7.170888478512505
28.2286,1,2,9,0,,South,9,9,,2,120000,1100,3,202306,1.1242,23060387,2.7272727272727275,7.00397413672268
28.2286,1,2,9,0,,South,9,9,,2,130000,1900,3,202306,1.1242,23060388,1.5789473684210527,7.550135342488429
28.2286,1,2,9,0,,South,9,9,,2,190000,2500,3,202306,1.1242,23060389,1.2,7.824445930877619
6.741700000000001,1,2,9,0,,Northeast,9,9,,2,180000,1800,3,202306,1.1242,23060390,1.6666666666666667,7.496097345175956
7.794700000000001,1,2,9,0,,West,9,9,,2,220000,1300,1,202306,1.1242,23060391,0.7692307692307693,7.170888478512505
7.794700000000001,2,2,9,0,,West,9,9,,2,130000,1400,3,202306,1.1242,23060392,2.142857142857143,7.244941546337007
28.2286,1,2,9,0,,South,9,9,,2,160000,1800,3,202306,1.1242,23060393,1.6666666666666667,7.496097345175956
28.2286,1,2,9,0,,South,9,9,,2,120000,1500,3,202306,1.1242,23060394,2.0,7.313886831633462
6.6955,1,2,9,0,,Midwest,9,9,,2,130000,1100,3,202306,1.1242,23060395,2.7272727272727275,7.00397413672268
28.2286,1,2,9,0,,South,9,9,,2,130000,1700,3,202306,1.1242,23060396,1.7647058823529413,7.438971592395862
6.741700000000001,1,2,9,0,,Northeast,9,9,,2,170000,1800,3,202306,1.1242,23060397,1.6666666666666667,7.496097345175956
28.2286,1,2,9,0,,South,9,9,,2,150000,1700,3,202306,1.1242,23060398,1.7647058823529413,7.438971592395862
7.794700000000001,1,2,9,0,,West,9,9,,2,150000,1500,3,202306,1.1242,23060399,2.0,7.313886831633462
28.2286,1,2,9,0,,South,9,9,,2,170000,1900,3,202306,1.1242,23060400,1.5789473684210527,7.550135342488429
28.2286,1,2,9,0,,South,9,9,,2,190000,2100,3,202306,1.1242,23060401,1.4285714285714286,7.650168700845001
28.2286,1,2,9,0,,South,9,9,,2,160000,1800,3,202306,1.1242,23060402,1.6666666666666667,7.496097345175956
6.741700000000001,1,2,9,0,,Northeast,9,9,,2,310000,1800,3,202306,1.1242,23060403,1.6666666666666667,7.496097345175956
6.741700000000001,1,2,9,0,,Northeast,9,9,,2,140000,1200,3,202306,1.1242,23060404,2.5,7.0909098220799835
7.794700000000001,1,2,9,0,,South,9,9,,2,170000,1900,3,202306,1.1242,23060405,1.5789473684210527,7.550135342488429
7.794700000000001,1,2,9,0,,West,9,9,,2,170000,1500,3,202306,1.1242,23060406,2.0,7.313886831633462
7.794700000000001,1,2,9,0,,West,9,9,,2,150000,1400,3,202306,1.1242,23060407,2.142857142857143,7.244941546337007
7.794700000000001,2,2,9,0,,West,9,9,,2,140000,1300,1,202306,1.1242,23060409,0.7692307692307693,7.170888478512505
5.1965,2,2,9,0,,,9,9,,3,190000,2700,1,202306,1.1242,23060410,0.37037037037037035,7.901377353792616
6.6955,1,2,9,0,,Midwest,9,9,,2,110000,1100,3,202306,1.1242,23060412,2.7272727272727275,7.00397413672268
6.6955,1,2,9,0,,South,9,9,,2,180000,1500,3,202306,1.1242,23060413,2.0,7.313886831633462
6.6955,1,2,9,0,,Midwest,9,9,,2,110000,1100,3,202306,1.1242,23060414,2.7272727272727275,7.00397413672268
7.794700000000001,2,2,9,0,,West,9,9,,2,150000,1600,3,202306,1.1242,23060415,1.875,7.3783837129967145
6.6955,1,2,9,0,,Midwest,9,9,,2,100000,1400,3,202306,1.1242,23060416,2.142857142857143,7.244941546337007
6.741700000000001,1,2,9,0,,Northeast,9,9,,2,130000,1400,3,202306,1.1242,23060417,2.142857142857143,7.244941546337007
6.741700000000001,1,2,9,0,,Northeast,9,9,,2,93000,1600,3,202306,1.1242,23060419,1.875,7.3783837129967145
7.794700000000001,1,2,9,0,,West,9,9,,2,130000,1100,1,202306,1.1242,23060420,0.9090909090909091,7.00397413672268
6.6955,1,2,9,0,,Midwest,9,9,,2,170000,1800,3,202306,1.1242,23060421,1.6666666666666667,7.496097345175956
7.794700000000001,2,2,9,0,,West,9,9,,2,150000,1500,3,202306,1.1242,23060422,2.0,7.313886831633462
6.6955,2,2,9,0,,Midwest,9,9,,2,140000,1400,3,202306,1.1242,23060423,2.142857142857143,7.244941546337007
6.741700000000001,1,2,9,0,,Northeast,9,9,,2,160000,1800,3,202306,1.1242,23060424,1.6666666666666667,7.496097345175956
6.6955,1,2,9,0,,Midwest,9,9,,2,170000,1600,3,202306,1.1242,23060425,1.875,7.3783837129967145
6.741700000000001,1,2,9,0,,Northeast,9,9,,2,93000,1200,3,202306,1.1242,23060426,2.5,7.0909098220799835
7.794700000000001,1,2,9,0,,West,9,9,,2,150000,1600,3,202306,1.1242,23060427,1.875,7.3783837129967145
7.794700000000001,2,2,9,0,,West,9,9,,2,130000,1100,1,202306,1.1242,23060428,0.9090909090909091,7.00397413672268
28.2286,1,2,9,0,,South,9,9,,2,140000,1300,3,202306,1.1242,23060431,2.307692307692308,7.170888478512505
6.6955,1,2,9,0,,Midwest,9,9,,2,130000,1100,3,202306,1.1242,23060432,2.7272727272727275,7.00397413672268
6.6955,1,2,9,0,,Midwest,9,9,,2,140000,2200,3,202306,1.1242,23060433,1.3636363636363638,7.696667081526462
6.6955,1,2,9,0,,Midwest,9,9,,2,120000,1300,3,202306,1.1242,23060434,2.307692307692308,7.170888478512505
42.9929,1,1,3,0,Rural,South,1,1,Vehicle,1,91000,650,1,202307,0.9766,23070001,1.5384615384615385,6.478509642208569
11.5789,1,1,3,0,Urban,West,1,1,Land-Home,1,160000,750,1,202307,0.9766,23070002,1.3333333333333333,6.621405651764134
11.5789,1,1,3,0,Urban,West,1,1,Land-Home,1,160000,750,1,202307,0.9766,23070003,1.3333333333333333,6.621405651764134
42.9929,2,1,5,0,Rural,South,1,3,Land-Home,1,65000,900,1,202307,0.9766,23070004,1.1111111111111112,6.803505257608338
11.5789,2,1,4,0,Urban,West,3,2,Vehicle,1,72000,770,1,202307,0.9766,23070005,1.2987012987012987,6.647688373563329
11.5789,2,1,3,0,Suburban,West,1,1,Land-Home,1,78000,600,1,202307,0.9766,23070006,1.6666666666666667,6.398594934535208
10.3091,2,1,5,0,Urban,West,3,2,Vehicle,1,72000,770,1,202307,0.9766,23070007,1.2987012987012987,6.647688373563329
10.3091,2,1,3,0,Urban,West,3,1,Land-Home,1,78000,900,1,202307,0.9766,23070008,1.1111111111111112,6.803505257608338
11.5789,1,1,3,0,Urban,West,1,1,Vehicle,1,83000,1200,3,202307,0.9766,23070009,2.5,7.0909098220799835
11.5789,2,1,3,0,Urban,West,1,1,Land-Home,1,62000,540,1,202307,0.9766,23070010,1.8518518518518519,6.293419278846481
11.5789,1,1,3,0,Urban,West,1,1,Vehicle,1,75000,540,1,202307,0.9766,23070011,1.8518518518518519,6.293419278846481
42.9929,2,1,4,0,Urban,South,1,1,Vehicle,1,75000,840,1,202307,0.9766,23070012,1.1904761904761907,6.734591659972948
42.9929,2,1,5,0,Urban,South,1,1,Land-Home,1,120000,650,1,202307,0.9766,23070013,1.5384615384615385,6.478509642208569
42.9929,2,1,4,0,Rural,South,1,1,Land-Home,1,90000,1200,3,202307,0.9766,23070014,2.5,7.0909098220799835
10.3091,2,1,3,0,Urban,Midwest,1,1,Land-Home,1,84000,1000,3,202307,0.9766,23070016,3.0,6.90875477931522
10.3091,2,1,3,0,Urban,Midwest,1,1,Land-Home,1,85000,1100,3,202307,0.9766,23070017,2.7272727272727275,7.00397413672268
10.3091,1,1,3,0,Urban,Midwest,1,1,Vehicle,1,84000,1000,3,202307,0.9766,23070018,3.0,6.90875477931522
10.3091,2,1,3,0,Urban,Midwest,1,1,Land-Home,1,84000,1000,3,202307,0.9766,23070019,3.0,6.90875477931522
10.3091,2,1,3,0,Urban,Midwest,1,1,Land-Home,1,84000,1000,3,202307,0.9766,23070020,3.0,6.90875477931522
10.3091,2,1,3,0,Urban,Midwest,1,1,Vehicle,1,95000,1300,3,202307,0.9766,23070021,2.307692307692308,7.170888478512505
42.9929,2,1,3,0,Suburban,South,1,1,Land-Home,1,95000,1300,3,202307,0.9766,23070023,2.307692307692308,7.170888478512505
42.9929,2,1,3,0,Rural,South,1,2,Land-Home,1,65000,1200,3,202307,0.9766,23070024,2.5,7.0909098220799835
42.9929,2,1,3,0,Suburban,South,1,1,Land-Home,1,79000,920,3,202307,0.9766,23070025,3.260869565217391,6.825460036255307
42.9929,2,1,3,0,Suburban,South,1,1,Land-Home,1,86000,1200,3,202307,0.9766,23070026,2.5,7.0909098220799835
42.9929,2,1,3,0,Rural,South,1,1,Land-Home,1,92000,1200,3,202307,0.9766,23070027,2.5,7.0909098220799835
10.3091,2,1,3,0,Urban,Midwest,1,1,Land-Home,1,73000,780,1,202307,0.9766,23070029,1.2820512820512822,6.660575149839686
10.3091,2,1,3,0,Urban,Midwest,1,1,Land-Home,1,85000,1100,3,202307,0.9766,23070030,2.7272727272727275,7.00397413672268
10.3091,2,1,3,0,Urban,Midwest,1,1,Vehicle,1,84000,1000,3,202307,0.9766,23070031,3.0,6.90875477931522
10.3091,2,1,3,0,Urban,Midwest,1,1,Land-Home,1,91000,1200,3,202307,0.9766,23070032,2.5,7.0909098220799835
10.3091,2,1,3,0,Urban,Midwest,1,1,Vehicle,1,84000,1000,3,202307,0.9766,23070034,3.0,6.90875477931522
10.3091,1,1,3,0,Urban,Midwest,1,1,Land-Home,1,79000,1100,3,202307,0.9766,23070035,2.7272727272727275,7.00397413672268
42.9929,2,1,5,0,,South,4,3,Vehicle,1,92000,1200,1,202307,0.9766,23070036,0.8333333333333334,7.0909098220799835
42.9929,2,1,4,0,Rural,South,1,1,Land-Home,1,88000,1200,3,202307,0.9766,23070037,2.5,7.0909098220799835
10.3091,2,1,3,0,Rural,Midwest,1,1,Land-Home,1,92000,1200,3,202307,0.9766,23070038,2.5,7.0909098220799835
10.3091,2,1,3,0,Rural,Midwest,1,1,Land-Home,1,82000,990,3,202307,0.9766,23070039,3.0303030303030303,6.898714534329988
10.3091,2,1,3,0,Urban,Midwest,1,1,Land-Home,1,85000,1300,3,202307,0.9766,23070040,2.307692307692308,7.170888478512505
10.3091,1,1,3,0,Rural,Midwest,1,3,Land-Home,1,82000,990,3,202307,0.9766,23070041,3.0303030303030303,6.898714534329988
10.3091,2,1,3,0,Rural,Midwest,1,1,Land-Home,1,89000,1100,3,202307,0.9766,23070042,2.7272727272727275,7.00397413672268
10.3091,2,1,3,0,Rural,Midwest,1,1,Land-Home,1,95000,1300,3,202307,0.9766,23070043,2.307692307692308,7.170888478512505
10.3091,1,1,3,0,Rural,Midwest,1,1,Vehicle,1,62000,670,3,202307,0.9766,23070044,4.477611940298508,6.508769136971682
11.5789,2,1,3,0,Suburban,West,1,1,Land-Home,1,77000,700,3,202307,0.9766,23070045,4.285714285714286,6.55250788703459
42.9929,2,1,4,0,Rural,South,1,1,Land-Home,1,100000,1100,3,202307,0.9766,23070046,2.7272727272727275,7.00397413672268
10.3091,2,1,3,0,Rural,Midwest,1,2,Land-Home,1,78000,830,1,202307,0.9766,23070048,1.2048192771084338,6.7226297948554485
42.9929,2,1,3,0,Rural,South,1,1,Land-Home,1,84000,1200,3,202307,0.9766,23070050,2.5,7.0909098220799835
42.9929,2,1,3,0,Suburban,South,1,1,Land-Home,1,79000,1200,3,202307,0.9766,23070051,2.5,7.0909098220799835
10.3091,2,1,3,0,Suburban,South,1,1,Land-Home,1,110000,900,3,202307,0.9766,23070052,3.3333333333333335,6.803505257608338
9.8167,2,1,3,0,Suburban,Northeast,1,1,Vehicle,1,53000,590,1,202307,0.9766,23070053,1.694915254237288,6.3818160174060985
9.8167,2,1,3,0,Urban,Northeast,1,1,Land-Home,1,74000,810,1,202307,0.9766,23070054,1.2345679012345678,6.698268054115413
42.9929,1,1,3,0,Suburban,South,1,1,Other,1,65000,840,1,202307,0.9766,23070055,1.1904761904761907,6.734591659972948
42.9929,2,1,3,0,Suburban,South,1,1,Land-Home,1,47200,650,1,202307,0.9766,23070056,1.5384615384615385,6.478509642208569
42.9929,2,1,3,0,Rural,South,1,1,Land-Home,1,88000,1100,1,202307,0.9766,23070057,0.9090909090909091,7.00397413672268
42.9929,2,1,4,0,Rural,South,1,2,Land-Home,1,90000,960,1,202307,0.9766,23070058,1.0416666666666667,6.8679744089702925
42.9929,2,1,5,0,Rural,South,1,1,Land-Home,1,70000,1200,3,202307,0.9766,23070059,2.5,7.0909098220799835
42.9929,2,1,5,0,Rural,South,1,1,Land-Home,1,92000,1200,3,202307,0.9766,23070060,2.5,7.0909098220799835
42.9929,2,1,4,0,Rural,South,1,2,Land-Home,1,92000,1200,3,202307,0.9766,23070061,2.5,7.0909098220799835
42.9929,2,1,5,0,Urban,South,1,1,Land-Home,1,90000,1200,3,202307,0.9766,23070062,2.5,7.0909098220799835
42.9929,2,1,3,0,Rural,South,1,3,Land-Home,1,92000,1200,3,202307,0.9766,23070063,2.5,7.0909098220799835
42.9929,2,1,3,0,Rural,South,1,1,Land-Home,1,79000,920,3,202307,0.9766,23070064,3.260869565217391,6.825460036255307
42.9929,2,1,2,0,Rural,South,0,0,Land-Home,1,75000,840,3,202307,0.9766,23070066,3.571428571428571,6.734591659972948
11.5789,2,1,1,0,Suburban,Midwest,0,0,Vehicle,1,73000,1200,3,202307,0.9766,23070067,2.5,7.0909098220799835
10.3091,1,1,1,0,Urban,Midwest,0,0,Land-Home,1,82000,990,3,202307,0.9766,23070068,3.0303030303030303,6.898714534329988
9.8167,2,1,1,0,Urban,Northeast,0,0,Vehicle,1,83000,1000,3,202307,0.9766,23070070,3.0,6.90875477931522
9.8167,2,1,1,0,Urban,Northeast,0,0,Vehicle,1,74000,810,1,202307,0.9766,23070071,1.2345679012345678,6.698268054115413
9.8167,2,1,1,0,Urban,Northeast,0,0,Land-Home,1,65000,590,1,202307,0.9766,23070072,1.694915254237288,6.3818160174060985
42.9929,2,1,2,0,Urban,South,0,0,Land-Home,1,85000,1100,3,202307,0.9766,23070073,2.7272727272727275,7.00397413672268
9.8167,2,1,2,0,Suburban,South,0,0,Vehicle,1,92000,1200,3,202307,0.9766,23070074,2.5,7.0909098220799835
9.8167,2,1,2,0,Rural,Northeast,0,0,Vehicle,1,74000,810,1,202307,0.9766,23070075,1.2345679012345678,6.698268054115413
9.8167,2,1,1,0,Urban,Northeast,0,0,Land-Home,1,74000,810,1,202307,0.9766,23070076,1.2345679012345678,6.698268054115413
42.9929,2,1,2,0,Urban,South,0,0,Land-Home,1,57000,1100,3,202307,0.9766,23070077,2.7272727272727275,7.00397413672268
42.989200000000004,2,1,2,0,Suburban,South,0,0,Land-Home,1,47200,1200,3,202307,0.9766,23070078,2.5,7.0909098220799835
42.9929,2,1,1,0,Rural,South,0,0,Land-Home,1,75000,840,1,202307,0.9766,23070079,1.1904761904761907,6.734591659972948
42.9929,2,1,1,0,Rural,South,0,0,Land-Home,1,85000,960,1,202307,0.9766,23070080,1.0416666666666667,6.8679744089702925
10.3091,2,1,1,0,Rural,Midwest,0,0,Vehicle,1,84000,1000,3,202307,0.9766,23070081,3.0,6.90875477931522
10.3091,2,1,1,0,Rural,Midwest,0,0,Vehicle,1,84000,1000,3,202307,0.9766,23070082,3.0,6.90875477931522
11.5789,1,2,9,0,,West,9,9,,1,92000,1200,3,202307,0.9766,23070083,2.5,7.0909098220799835
42.9929,1,2,9,0,,South,9,9,,1,120000,1100,3,202307,0.9766,23070084,2.7272727272727275,7.00397413672268
11.5789,1,2,9,0,,West,9,9,,1,71000,750,1,202307,0.9766,23070085,1.3333333333333333,6.621405651764134
10.3091,1,2,9,0,,West,9,9,,1,64000,600,1,202307,0.9766,23070086,1.6666666666666667,6.398594934535208
10.3091,1,2,9,0,,West,9,9,,1,72000,770,1,202307,0.9766,23070087,1.2987012987012987,6.647688373563329
10.3091,1,2,9,0,,Midwest,9,9,,1,74000,1200,3,202307,0.9766,23070088,2.5,7.0909098220799835
10.3091,1,2,9,0,,Midwest,9,9,,1,75000,840,1,202307,0.9766,23070089,1.1904761904761907,6.734591659972948
10.3091,1,2,9,0,,Midwest,9,9,,1,84000,1000,3,202307,0.9766,23070090,3.0,6.90875477931522
10.3091,1,2,9,0,,Midwest,9,9,,1,91000,1200,3,202307,0.9766,23070091,2.5,7.0909098220799835
10.3091,1,2,9,0,,Midwest,9,9,,1,53000,840,1,202307,0.9766,23070092,1.1904761904761907,6.734591659972948
42.9929,1,2,9,0,,South,9,9,,1,92000,1200,3,202307,0.9766,23070093,2.5,7.0909098220799835
42.9929,1,2,9,0,,South,9,9,,1,69000,1100,3,202307,0.9766,23070094,2.7272727272727275,7.00397413672268
10.3091,1,2,9,0,,Midwest,9,9,,1,85000,1100,3,202307,0.9766,23070095,2.7272727272727275,7.00397413672268
10.3091,2,2,9,0,,Midwest,9,9,,1,75000,830,1,202307,0.9766,23070096,1.2048192771084338,6.7226297948554485
10.3091,1,2,9,0,,Midwest,9,9,,1,100000,1100,3,202307,0.9766,23070097,2.7272727272727275,7.00397413672268
42.9929,1,2,9,0,,South,9,9,,1,85000,1100,3,202307,0.9766,23070098,2.7272727272727275,7.00397413672268
42.9929,1,2,9,0,,South,9,9,,1,60000,900,1,202307,0.9766,23070099,1.1111111111111112,6.803505257608338
11.5789,1,2,9,0,,West,9,9,,1,83000,1000,1,202307,0.9766,23070100,1.0,6.90875477931522
42.9929,1,2,9,0,,South,9,9,,1,89000,1200,3,202307,0.9766,23070101,2.5,7.0909098220799835
42.9929,1,2,9,0,,South,9,9,,1,77000,1200,3,202307,0.9766,23070102,2.5,7.0909098220799835
42.9929,1,2,9,0,,South,9,9,,1,80000,960,3,202307,0.9766,23070103,3.125,6.8679744089702925
42.9929,2,2,9,0,,South,9,9,,1,70000,650,1,202307,0.9766,23070104,1.5384615384615385,6.478509642208569
9.8167,1,2,9,0,,Northeast,9,9,,1,62000,1000,3,202307,0.9766,23070105,3.0,6.90875477931522
42.9929,1,2,9,0,,South,9,9,,1,99000,1200,3,202307,0.9766,23070106,2.5,7.0909098220799835
11.579,1,2,9,0,,West,9,9,,1,80000,900,1,202307,0.9766,23070107,1.1111111111111112,6.803505257608338
9.8167,1,2,9,0,,Northeast,9,9,,1,100000,860,1,202307,0.9766,23070108,1.1627906976744187,6.7580945044277305
10.3091,1,2,9,0,,Midwest,9,9,,1,53000,670,1,202307,0.9766,23070109,1.492537313432836,6.508769136971682
42.9929,1,2,9,0,,South,9,9,,1,120000,1300,3,202307,0.9766,23070110,2.307692307692308,7.170888478512505
10.3091,1,2,9,0,,South,9,9,,1,79000,1200,3,202307,0.9766,23070111,2.5,7.0909098220799835
10.3091,1,2,9,0,,Midwest,9,9,,1,84000,1000,3,202307,0.9766,23070112,3.0,6.90875477931522
42.9929,1,2,9,0,,South,9,9,,1,59000,1200,3,202307,0.9766,23070113,2.5,7.0909098220799835
10.3091,1,2,9,0,,Midwest,9,9,,1,84000,1000,3,202307,0.9766,23070115,3.0,6.90875477931522
42.9929,1,2,9,0,,South,9,9,,1,79000,1100,3,202307,0.9766,23070116,2.7272727272727275,7.00397413672268
42.9929,1,2,9,0,,South,9,9,,1,70000,920,3,202307,0.9766,23070117,3.260869565217391,6.825460036255307
42.9929,1,2,9,0,,South,9,9,,1,92000,1100,1,202307,0.9766,23070118,0.9090909090909091,7.00397413672268
42.9929,1,2,9,0,,South,9,9,,1,80000,960,3,202307,0.9766,23070119,3.125,6.8679744089702925
21.4964,2,1,5,0,Suburban,South,1,2,Land-Home,2,160000,2100,3,202307,1.054,23070350,1.4285714285714286,7.650168700845001
4.9084,2,1,5,0,Rural,South,1,1,Vehicle,2,140000,1500,3,202307,1.054,23070351,2.0,7.313886831633462
21.4964,2,1,3,0,Rural,South,1,1,Vehicle,2,140000,1500,3,202307,1.054,23070352,2.0,7.313886831633462
21.4964,2,1,3,0,Suburban,South,1,1,Land-Home,2,130000,2500,3,202307,1.054,23070353,1.2,7.824445930877619
5.7895,2,1,3,0,Rural,West,1,2,Land-Home,2,160000,1300,3,202307,1.054,23070354,2.307692307692308,7.170888478512505
5.7895,2,1,3,0,Rural,West,1,1,Land-Home,2,140000,1400,3,202307,1.054,23070355,2.142857142857143,7.244941546337007
5.7895,2,1,3,0,Rural,West,1,1,Vehicle,2,190000,1400,1,202307,1.054,23070356,0.7142857142857143,7.244941546337007
5.7895,1,1,3,0,Rural,West,1,1,Land-Home,2,140000,1400,3,202307,1.054,23070357,2.142857142857143,7.244941546337007
5.7895,2,1,5,0,Rural,West,1,1,Land-Home,2,150000,1400,3,202307,1.054,23070358,2.142857142857143,7.244941546337007
5.7895,2,1,3,0,Suburban,West,1,1,Vehicle,2,170000,1300,1,202307,1.054,23070359,0.7692307692307693,7.170888478512505
5.7895,1,1,3,0,Rural,West,1,1,Vehicle,2,140000,1300,1,202307,1.054,23070360,0.7692307692307693,7.170888478512505
5.7895,2,1,4,0,Urban,West,3,1,Land-Home,2,140000,1500,3,202307,1.054,23070361,2.0,7.313886831633462
5.7895,1,1,3,0,Urban,West,1,1,Land-Home,2,180000,1200,1,202307,1.054,23070362,0.8333333333333334,7.0909098220799835
5.7895,2,1,4,0,Suburban,West,3,1,Land-Home,2,92000,1600,3,202307,1.054,23070363,1.875,7.3783837129967145
5.7895,2,1,4,0,Urban,West,3,1,Vehicle,2,130000,1200,3,202307,1.054,23070364,2.5,7.0909098220799835
5.7895,2,1,3,0,Rural,West,3,1,Land-Home,2,150000,1600,3,202307,1.054,23070365,1.875,7.3783837129967145
5.7895,2,1,5,0,Rural,West,3,1,Land-Home,2,150000,1600,3,202307,1.054,23070366,1.875,7.3783837129967145
5.7895,2,1,3,0,Rural,West,1,1,Land-Home,2,140000,1000,1,202307,1.054,23070367,1.0,6.90875477931522
21.4964,2,1,5,0,Suburban,South,1,1,Vehicle,2,170000,2200,3,202307,1.054,23070368,1.3636363636363638,7.696667081526462
5.7895,2,1,3,0,Suburban,West,1,2,Vehicle,2,170000,1300,1,202307,1.054,23070369,0.7692307692307693,7.170888478512505
5.7895,2,1,3,0,Urban,West,3,1,Land-Home,2,140000,1400,3,202307,1.054,23070371,2.142857142857143,7.244941546337007
5.7895,1,1,4,0,Urban,West,3,1,Land-Home,2,170000,880,1,202307,1.054,23070372,1.1363636363636362,6.78105762593618
5.7895,2,1,3,0,Urban,West,3,1,Land-Home,2,130000,1200,3,202307,1.054,23070373,2.5,7.0909098220799835
5.7895,2,1,5,0,Urban,West,3,1,Land-Home,2,140000,1400,3,202307,1.054,23070374,2.142857142857143,7.244941546337007
5.7895,1,1,4,0,Urban,West,3,1,Land-Home,2,140000,1500,3,202307,1.054,23070375,2.0,7.313886831633462
3.8596000000000004,1,1,4,0,Suburban,,3,1,Land-Home,3,380000,2400,3,202307,1.054,23070376,1.25,7.783640596221253
5.7895,2,1,3,0,Urban,West,3,1,Land-Home,2,140000,1300,3,202307,1.054,23070377,2.307692307692308,7.170888478512505
5.7895,1,1,3,0,Urban,West,3,1,Land-Home,2,170000,2000,3,202307,1.054,23070378,1.5,7.601402334583733
5.7895,1,1,3,0,Urban,West,3,1,Land-Home,2,150000,1600,3,202307,1.054,23070379,1.875,7.3783837129967145
21.4964,2,1,3,0,Rural,West,1,1,Land-Home,2,160000,1500,3,202307,1.054,23070380,2.0,7.313886831633462
5.7895,1,1,3,0,Suburban,West,3,2,Vehicle,2,230000,1600,3,202307,1.054,23070381,1.875,7.3783837129967145
4.9083000000000006,2,1,5,0,Urban,Northeast,1,1,Land-Home,2,130000,1100,3,202307,1.054,23070382,2.7272727272727275,7.00397413672268
4.9083000000000006,2,1,3,0,Urban,Northeast,1,1,Land-Home,2,160000,1800,3,202307,1.054,23070383,1.6666666666666667,7.496097345175956
21.4964,2,1,4,0,Suburban,South,1,1,Land-Home,2,150000,1300,3,202307,1.054,23070384,2.307692307692308,7.170888478512505
21.4964,2,1,3,0,Rural,South,1,1,Land-Home,2,190000,2500,3,202307,1.054,23070385,1.2,7.824445930877619
21.4964,2,1,5,0,Urban,South,1,1,Land-Home,2,190000,2500,3,202307,1.054,23070387,1.2,7.824445930877619
21.4964,2,1,5,0,Urban,South,1,1,Land-Home,2,140000,1300,3,202307,1.054,23070388,2.307692307692308,7.170888478512505
21.4964,2,1,5,0,Suburban,South,1,1,Land-Home,2,170000,1600,3,202307,1.054,23070389,1.875,7.3783837129967145
21.4964,2,1,3,0,Urban,South,1,1,Land-Home,2,170000,2000,3,202307,1.054,23070390,1.5,7.601402334583733
21.4964,2,1,4,0,Rural,South,1,1,Land-Home,2,140000,1400,1,202307,1.054,23070391,0.7142857142857143,7.244941546337007
21.4964,2,1,4,0,Urban,South,1,1,Land-Home,2,130000,1600,3,202307,1.054,23070392,1.875,7.3783837129967145
21.4964,2,1,3,0,Suburban,South,1,1,Vehicle,2,170000,2000,3,202307,1.054,23070393,1.5,7.601402334583733
21.4964,2,1,5,0,Suburban,South,4,3,Land-Home,2,120000,1300,3,202307,1.054,23070394,2.307692307692308,7.170888478512505
21.4964,2,1,4,0,Rural,South,1,1,Land-Home,2,150000,1600,3,202307,1.054,23070395,1.875,7.3783837129967145
21.4964,2,1,3,0,Rural,South,1,1,Vehicle,2,190000,2500,3,202307,1.054,23070396,1.2,7.824445930877619
5.7895,2,1,3,0,Suburban,West,1,3,Vehicle,2,140000,1400,3,202307,1.054,23070397,2.142857142857143,7.244941546337007
5.1545000000000005,2,1,3,0,Urban,Midwest,3,2,Land-Home,2,140000,1600,3,202307,1.054,23070398,1.875,7.3783837129967145
5.1545000000000005,2,1,3,0,Rural,Midwest,1,1,Land-Home,2,170000,2000,3,202307,1.054,23070399,1.5,7.601402334583733
5.1545000000000005,2,1,4,0,Rural,Midwest,2,1,Land-Home,2,180000,1800,3,202307,1.054,23070400,1.6666666666666667,7.496097345175956
5.1545000000000005,2,1,3,0,Suburban,Midwest,1,1,Land-Home,2,150000,1700,3,202307,1.054,23070401,1.7647058823529413,7.438971592395862
5.1545000000000005,2,1,3,0,Urban,Midwest,3,1,Land-Home,2,140000,1500,3,202307,1.054,23070402,2.0,7.313886831633462
5.1545000000000005,1,1,3,0,Urban,Midwest,1,1,Land-Home,2,150000,1600,3,202307,1.054,23070403,1.875,7.3783837129967145
5.1545000000000005,2,1,3,0,Rural,Midwest,1,2,Land-Home,2,140000,1800,3,202307,1.054,23070404,1.6666666666666667,7.496097345175956
5.1545000000000005,2,1,3,0,Rural,Midwest,1,1,Vehicle,2,140000,1600,3,202307,1.054,23070405,1.875,7.3783837129967145
5.1545000000000005,2,1,3,0,Suburban,Midwest,1,1,Vehicle,2,210000,2000,3,202307,1.054,23070406,1.5,7.601402334583733
5.1545000000000005,2,1,3,0,Suburban,Midwest,1,1,Land-Home,2,120000,1200,3,202307,1.054,23070407,2.5,7.0909098220799835
5.1545000000000005,2,1,3,0,Rural,Midwest,1,1,Vehicle,2,260000,2400,3,202307,1.054,23070408,1.25,7.783640596221253
5.1545000000000005,1,1,3,0,Urban,Midwest,1,1,Vehicle,2,160000,1800,3,202307,1.054,23070409,1.6666666666666667,7.496097345175956
5.1545000000000005,2,1,5,0,Suburban,Midwest,4,1,Land-Home,2,170000,2400,3,202307,1.054,23070410,1.25,7.783640596221253
5.1545000000000005,2,1,3,0,Urban,Midwest,1,1,Land-Home,2,190000,2400,3,202307,1.054,23070411,1.25,7.783640596221253
21.4964,2,1,3,0,Rural,South,1,1,Land-Home,2,160000,2300,3,202307,1.054,23070412,1.3043478260869565,7.741099090035366
21.4964,2,1,3,0,Rural,South,1,1,Land-Home,2,180000,2200,3,202307,1.054,23070413,1.3636363636363638,7.696667081526462
21.4964,2,1,3,0,Rural,South,1,1,Land-Home,2,110000,1700,3,202307,1.054,23070414,1.7647058823529413,7.438971592395862
21.4964,2,1,3,0,Suburban,South,1,1,Land-Home,2,150000,1600,3,202307,1.054,23070415,1.875,7.3783837129967145
5.1545000000000005,1,1,3,0,Urban,Midwest,1,1,Land-Home,2,86000,1600,3,202307,1.054,23070416,1.875,7.3783837129967145
5.1545000000000005,2,1,3,0,Urban,Midwest,1,1,Land-Home,2,110000,1100,3,202307,1.054,23070417,2.7272727272727275,7.00397413672268
5.1545000000000005,1,1,3,0,Urban,Midwest,1,1,Other,2,86000,1200,3,202307,1.054,23070418,2.5,7.0909098220799835
5.1545000000000005,1,1,3,0,Urban,Midwest,1,1,Other,2,86000,1200,3,202307,1.054,23070419,2.5,7.0909098220799835
5.1545000000000005,2,1,3,0,Urban,Midwest,1,1,Land-Home,2,130000,1100,3,202307,1.054,23070420,2.7272727272727275,7.00397413672268
5.1545000000000005,1,1,3,0,Rural,Midwest,1,1,Land-Home,2,140000,2000,3,202307,1.054,23070421,1.5,7.601402334583733
5.1545000000000005,2,1,3,0,Urban,Midwest,1,1,Land-Home,2,170000,2000,3,202307,1.054,23070422,1.5,7.601402334583733
5.1545000000000005,2,1,3,0,Urban,Midwest,1,1,Land-Home,2,86000,1300,3,202307,1.054,23070423,2.307692307692308,7.170888478512505
5.1545000000000005,1,1,3,0,Urban,Midwest,1,1,Other,2,86000,1200,3,202307,1.054,23070424,2.5,7.0909098220799835
5.1545000000000005,2,1,3,0,Rural,Midwest,1,1,Land-Home,2,110000,1300,3,202307,1.054,23070425,2.307692307692308,7.170888478512505
21.4964,2,1,4,0,Rural,South,1,1,Land-Home,2,170000,2000,3,202307,1.054,23070426,1.5,7.601402334583733
21.4964,2,1,3,0,Rural,South,1,1,Land-Home,2,140000,2200,3,202307,1.054,23070427,1.3636363636363638,7.696667081526462
5.1545000000000005,2,1,3,0,Rural,Midwest,1,1,Land-Home,2,86000,1700,3,202307,1.054,23070429,1.7647058823529413,7.438971592395862
5.1545000000000005,2,1,3,0,Rural,Midwest,1,1,Land-Home,2,130000,1300,3,202307,1.054,23070430,2.307692307692308,7.170888478512505
21.4964,2,1,3,0,Rural,Midwest,3,1,Land-Home,2,170000,2100,3,202307,1.054,23070431,1.4285714285714286,7.650168700845001
5.7895,2,1,4,0,Urban,West,1,2,Land-Home,2,150000,1700,3,202307,1.054,23070432,1.7647058823529413,7.438971592395862
5.7895,1,1,3,0,Suburban,West,1,1,Land-Home,2,140000,1500,3,202307,1.054,23070434,2.0,7.313886831633462
5.1545000000000005,2,1,3,0,Urban,West,1,1,Land-Home,2,160000,1900,3,202307,1.054,23070435,1.5789473684210527,7.550135342488429
5.1545000000000005,2,1,3,0,Urban,Midwest,1,2,Land-Home,2,150000,1600,3,202307,1.054,23070436,1.875,7.3783837129967145
5.1545000000000005,1,1,3,0,Urban,Midwest,1,1,Land-Home,2,150000,1600,3,202307,1.054,23070437,1.875,7.3783837129967145
5.1545000000000005,2,1,3,0,Suburban,Midwest,1,1,Land-Home,2,180000,2200,3,202307,1.054,23070439,1.3636363636363638,7.696667081526462
5.7895,2,1,5,0,Suburban,West,3,1,Land-Home,2,120000,1000,1,202307,1.054,23070440,1.0,6.90875477931522
5.7895,1,1,5,0,,West,1,1,Other,2,92000,1200,3,202307,1.054,23070441,2.5,7.0909098220799835
5.7895,2,1,3,0,Urban,West,1,1,Land-Home,2,160000,1700,3,202307,1.054,23070442,1.7647058823529413,7.438971592395862
21.4964,2,1,5,0,Rural,West,4,3,Land-Home,2,92000,2300,3,202307,1.054,23070443,1.3043478260869565,7.741099090035366
5.7895,2,1,3,0,Rural,West,1,1,Vehicle,2,300000,1600,3,202307,1.054,23070444,1.875,7.3783837129967145
5.7895,2,1,3,0,Suburban,West,1,1,Land-Home,2,130000,1100,1,202307,1.054,23070445,0.9090909090909091,7.00397413672268
5.7895,2,1,3,0,Suburban,West,1,1,Land-Home,2,140000,1900,3,202307,1.054,23070446,1.5789473684210527,7.550135342488429
5.7895,2,1,3,0,Suburban,West,1,1,Land-Home,2,210000,1600,3,202307,1.054,23070447,1.875,7.3783837129967145
4.9083000000000006,2,1,4,0,Urban,Northeast,1,1,Land-Home,2,160000,1800,1,202307,1.054,23070448,0.5555555555555556,7.496097345175956
4.9083000000000006,2,1,3,0,Rural,Northeast,1,1,Land-Home,2,120000,1300,3,202307,1.054,23070449,2.307692307692308,7.170888478512505
4.9083000000000006,2,1,3,0,Urban,Northeast,1,1,Land-Home,2,130000,1200,1,202307,1.054,23070450,0.8333333333333334,7.0909098220799835
4.9083000000000006,1,1,3,0,Urban,Northeast,1,1,Land-Home,2,140000,1500,3,202307,1.054,23070451,2.0,7.313886831633462
21.4964,2,1,3,0,Rural,South,1,1,Land-Home,2,140000,1300,3,202307,1.054,23070452,2.307692307692308,7.170888478512505
21.4964,2,1,3,0,Suburban,South,1,1,Land-Home,2,170000,2100,3,202307,1.054,23070453,1.4285714285714286,7.650168700845001
21.4964,1,1,3,0,Suburban,South,1,1,Vehicle,2,140000,1700,3,202307,1.054,23070454,1.7647058823529413,7.438971592395862
21.4964,2,1,5,0,Urban,South,3,1,Vehicle,2,78000,1700,3,202307,1.054,23070455,1.7647058823529413,7.438971592395862
21.4964,2,1,3,0,Suburban,South,1,1,Vehicle,2,240000,2000,3,202307,1.054,23070456,1.5,7.601402334583733
5.1545000000000005,2,1,3,0,Suburban,Midwest,1,1,Land-Home,2,120000,2100,3,202307,1.054,23070457,1.4285714285714286,7.650168700845001
5.1545000000000005,2,1,3,0,Urban,Midwest,1,1,Land-Home,2,150000,1700,3,202307,1.054,23070458,1.7647058823529413,7.438971592395862
21.4964,2,1,3,0,Suburban,South,1,1,Land-Home,2,150000,1900,3,202307,1.054,23070459,1.5789473684210527,7.550135342488429
21.4964,2,1,3,0,Suburban,South,1,1,Land-Home,2,160000,2100,3,202307,1.054,23070460,1.4285714285714286,7.650168700845001
5.7895,2,1,3,0,Suburban,South,1,1,Land-Home,2,150000,1600,3,202307,1.054,23070461,1.875,7.3783837129967145
5.7895,1,1,3,0,Rural,West,1,1,Land-Home,2,92000,880,1,202307,1.054,23070462,1.1363636363636362,6.78105762593618
5.7895,2,1,3,0,Suburban,West,1,1,Vehicle,2,110000,880,1,202307,1.054,23070463,1.1363636363636362,6.78105762593618
21.4964,2,1,3,0,Rural,South,1,1,Land-Home,2,190000,2000,3,202307,1.054,23070464,1.5,7.601402334583733
21.4964,2,1,4,0,Rural,South,1,1,Land-Home,2,120000,1600,3,202307,1.054,23070465,1.875,7.3783837129967145
21.4964,2,1,3,0,Rural,South,1,1,Land-Home,2,160000,2500,3,202307,1.054,23070466,1.2,7.824445930877619
21.4964,2,1,3,0,Suburban,South,1,1,Land-Home,2,150000,1800,3,202307,1.054,23070467,1.6666666666666667,7.496097345175956
21.4964,2,1,3,0,Rural,South,1,2,Land-Home,2,120000,1300,3,202307,1.054,23070468,2.307692307692308,7.170888478512505
21.4964,2,1,3,0,Suburban,South,1,2,Land-Home,2,94000,1600,3,202307,1.054,23070469,1.875,7.3783837129967145
21.4964,2,1,3,0,Rural,South,1,1,Land-Home,2,120000,1100,3,202307,1.054,23070470,2.7272727272727275,7.00397413672268
21.4964,2,1,3,0,Rural,South,1,1,Land-Home,2,150000,1700,3,202307,1.054,23070471,1.7647058823529413,7.438971592395862
21.4964,2,1,3,0,Suburban,South,1,2,Land-Home,2,140000,2200,3,202307,1.054,23070472,1.3636363636363638,7.696667081526462
21.4964,2,1,3,0,Suburban,South,1,1,Land-Home,2,210000,2500,3,202307,1.054,23070473,1.2,7.824445930877619
21.4964,2,1,3,0,Rural,South,1,2,Land-Home,2,78000,1500,3,202307,1.054,23070474,2.0,7.313886831633462
21.4964,2,1,3,0,Rural,South,1,2,Land-Home,2,160000,2100,3,202307,1.054,23070475,1.4285714285714286,7.650168700845001
21.4964,2,1,3,0,Rural,South,1,1,Land-Home,2,190000,2300,3,202307,1.054,23070476,1.3043478260869565,7.741099090035366
21.4964,2,1,3,0,Rural,South,1,1,Vehicle,2,180000,2200,3,202307,1.054,23070477,1.3636363636363638,7.696667081526462
21.4964,2,1,4,0,Suburban,South,1,2,Vehicle,2,160000,2200,3,202307,1.054,23070478,1.3636363636363638,7.696667081526462
21.4964,2,1,5,0,Rural,South,1,1,Land-Home,2,110000,1300,3,202307,1.054,23070479,2.307692307692308,7.170888478512505
21.4964,2,1,4,0,Rural,South,1,1,Land-Home,2,130000,1500,3,202307,1.054,23070480,2.0,7.313886831633462
21.4964,2,1,3,0,Rural,South,1,1,Land-Home,2,120000,2100,3,202307,1.054,23070481,1.4285714285714286,7.650168700845001
21.4964,2,1,3,0,Rural,South,1,3,Vehicle,2,160000,1800,3,202307,1.054,23070482,1.6666666666666667,7.496097345175956
21.4964,2,1,4,0,Rural,South,2,2,Land-Home,2,130000,1600,3,202307,1.054,23070483,1.875,7.3783837129967145
21.4964,2,1,3,0,Rural,South,1,1,Land-Home,2,160000,1900,3,202307,1.054,23070484,1.5789473684210527,7.550135342488429
21.4964,2,1,4,0,Rural,South,1,1,Vehicle,2,140000,1300,3,202307,1.054,23070485,2.307692307692308,7.170888478512505
21.4964,2,1,3,0,Rural,South,1,1,Land-Home,2,140000,1800,3,202307,1.054,23070486,1.6666666666666667,7.496097345175956
21.4964,1,1,5,0,Rural,South,1,1,Land-Home,2,97000,1900,3,202307,1.054,23070487,1.5789473684210527,7.550135342488429
21.4964,2,1,3,0,Suburban,South,1,2,Land-Home,2,130000,1600,3,202307,1.054,23070488,1.875,7.3783837129967145
5.1545000000000005,2,1,3,0,Suburban,Midwest,1,1,Land-Home,2,130000,1600,3,202307,1.054,23070489,1.875,7.3783837129967145
5.1545000000000005,2,1,5,0,Rural,Midwest,1,3,Vehicle,2,170000,1700,3,202307,1.054,23070490,1.7647058823529413,7.438971592395862
5.7895,2,1,2,0,Rural,West,0,0,Vehicle,2,180000,2200,3,202307,1.054,23070491,1.3636363636363638,7.696667081526462
5.7895,2,1,2,0,Rural,West,0,0,Vehicle,2,110000,1400,3,202307,1.054,23070492,2.142857142857143,7.244941546337007
5.7895,2,1,1,0,Suburban,West,0,0,Vehicle,2,150000,1300,3,202307,1.054,23070493,2.307692307692308,7.170888478512505
5.7895,2,1,1,0,Rural,West,0,0,Land-Home,2,170000,1100,1,202307,1.054,23070494,0.9090909090909091,7.00397413672268
5.7895,1,1,2,0,Urban,West,0,0,Land-Home,2,230000,1700,3,202307,1.054,23070495,1.7647058823529413,7.438971592395862
5.7895,1,1,1,0,Urban,West,0,0,Vehicle,2,200000,1100,3,202307,1.054,23070496,2.7272727272727275,7.00397413672268
5.7895,2,1,2,0,Suburban,West,0,0,Land-Home,2,92000,1400,3,202307,1.054,23070497,2.142857142857143,7.244941546337007
5.7895,2,1,2,0,Urban,West,0,0,Land-Home,2,130000,1100,1,202307,1.054,23070499,0.9090909090909091,7.00397413672268
5.7895,2,1,1,0,Suburban,West,0,0,Vehicle,2,130000,1200,3,202307,1.054,23070500,2.5,7.0909098220799835
5.7895,2,1,2,0,Urban,West,0,0,Vehicle,2,300000,1500,3,202307,1.054,23070501,2.0,7.313886831633462
5.7895,2,1,1,0,Suburban,West,0,0,Land-Home,2,130000,1100,3,202307,1.054,23070502,2.7272727272727275,7.00397413672268
5.7895,2,1,1,0,Urban,West,0,0,Vehicle,2,140000,1400,3,202307,1.054,23070503,2.142857142857143,7.244941546337007
4.9083000000000006,2,1,1,0,Rural,Northeast,0,0,Land-Home,2,140000,1200,3,202307,1.054,23070505,2.5,7.0909098220799835
4.9083000000000006,2,1,1,0,Suburban,Northeast,0,0,Land-Home,2,140000,1600,3,202307,1.054,23070506,1.875,7.3783837129967145
4.9083000000000006,2,1,1,0,Rural,Northeast,0,0,Land-Home,2,160000,1500,3,202307,1.054,23070507,2.0,7.313886831633462
4.9083000000000006,2,1,1,0,Suburban,Northeast,0,0,Land-Home,2,150000,1500,3,202307,1.054,23070508,2.0,7.313886831633462
4.9083000000000006,2,1,1,0,Rural,Northeast,0,0,Land-Home,2,110000,950,1,202307,1.054,23070509,1.0526315789473684,6.85751406254539
4.9083000000000006,2,1,1,0,Suburban,Northeast,0,0,Land-Home,2,130000,950,1,202307,1.054,23070510,1.0526315789473684,6.85751406254539
4.9083000000000006,2,1,1,0,Urban,Northeast,0,0,Vehicle,2,200000,1300,1,202307,1.054,23070511,0.7692307692307693,7.170888478512505
4.9083000000000006,2,1,1,0,Urban,Northeast,0,0,Land-Home,2,170000,1400,1,202307,1.054,23070512,0.7142857142857143,7.244941546337007
4.9083000000000006,1,1,1,0,Urban,Northeast,0,0,Vehicle,2,150000,1600,3,202307,1.054,23070513,1.875,7.3783837129967145
4.9083000000000006,2,1,1,0,Urban,Northeast,0,0,Vehicle,2,120000,950,1,202307,1.054,23070514,1.0526315789473684,6.85751406254539
4.9083000000000006,1,1,1,0,Urban,Northeast,0,0,Vehicle,2,210000,1600,3,202307,1.054,23070515,1.875,7.3783837129967145
4.9083000000000006,1,1,1,0,Urban,Northeast,0,0,Land-Home,2,170000,1500,3,202307,1.054,23070516,2.0,7.313886831633462
4.9083000000000006,2,1,1,0,Rural,Northeast,0,0,Other,2,160000,1700,3,202307,1.054,23070517,1.7647058823529413,7.438971592395862
4.9083000000000006,2,1,1,0,Rural,Northeast,0,0,Vehicle,2,120000,1100,3,202307,1.054,23070518,2.7272727272727275,7.00397413672268
21.4964,1,1,1,0,Urban,South,0,0,Land-Home,2,130000,1400,1,202307,1.054,23070519,0.7142857142857143,7.244941546337007
21.4964,2,1,1,0,Rural,South,0,0,Land-Home,2,170000,2100,3,202307,1.054,23070520,1.4285714285714286,7.650168700845001
5.7895,2,1,2,0,Rural,West,0,0,Vehicle,2,160000,1600,3,202307,1.054,23070521,1.875,7.3783837129967145
5.1545000000000005,1,1,1,0,Urban,Midwest,0,0,Land-Home,2,260000,1800,3,202307,1.054,23070522,1.6666666666666667,7.496097345175956
5.1545000000000005,2,1,1,0,Urban,Midwest,0,0,Land-Home,2,260000,2100,1,202307,1.054,23070523,0.47619047619047616,7.650168700845001
5.1545000000000005,2,1,2,0,Urban,Midwest,0,0,Other,2,140000,1500,3,202307,1.054,23070524,2.0,7.313886831633462
5.1545000000000005,2,1,2,0,Urban,Midwest,0,0,Vehicle,2,160000,1800,3,202307,1.054,23070525,1.6666666666666667,7.496097345175956
5.1545000000000005,2,1,2,0,Rural,Midwest,0,0,Vehicle,2,150000,1500,3,202307,1.054,23070526,2.0,7.313886831633462
5.1545000000000005,2,1,2,0,Rural,Midwest,0,0,Vehicle,2,170000,1700,3,202307,1.054,23070527,1.7647058823529413,7.438971592395862
5.1545000000000005,2,1,1,0,Urban,Midwest,0,0,Land-Home,2,160000,1700,3,202307,1.054,23070528,1.7647058823529413,7.438971592395862
5.1545000000000005,1,1,1,0,Urban,Midwest,0,0,Land-Home,2,180000,1800,3,202307,1.054,23070529,1.6666666666666667,7.496097345175956
5.1545000000000005,1,1,1,0,Urban,Midwest,0,0,Other,2,150000,1600,3,202307,1.054,23070530,1.875,7.3783837129967145
5.1545000000000005,1,1,1,0,Urban,Midwest,0,0,Other,2,150000,1600,3,202307,1.054,23070531,1.875,7.3783837129967145
21.4964,2,1,2,0,Rural,South,0,0,Land-Home,2,160000,2300,3,202307,1.054,23070532,1.3043478260869565,7.741099090035366
5.1545000000000005,2,1,2,0,Suburban,Midwest,0,0,Land-Home,2,180000,1900,3,202307,1.054,23070533,1.5789473684210527,7.550135342488429
5.7895,1,1,1,0,Urban,West,0,0,Land-Home,2,130000,1200,3,202307,1.054,23070534,2.5,7.0909098220799835
5.1545000000000005,2,1,1,0,Rural,Midwest,0,0,Vehicle,2,210000,2000,3,202307,1.054,23070535,1.5,7.601402334583733
5.7895,2,1,2,0,Suburban,West,0,0,Land-Home,2,140000,1600,3,202307,1.054,23070536,1.875,7.3783837129967145
4.9083000000000006,1,1,1,0,Urban,Northeast,0,0,Land-Home,2,140000,1500,3,202307,1.054,23070537,2.0,7.313886831633462
4.9083000000000006,2,1,1,0,Rural,Northeast,0,0,Land-Home,2,150000,1300,3,202307,1.054,23070538,2.307692307692308,7.170888478512505
4.9083000000000006,2,1,1,0,Suburban,Northeast,0,0,Land-Home,2,130000,1300,1,202307,1.054,23070539,0.7692307692307693,7.170888478512505
4.9083000000000006,1,1,1,0,Urban,Northeast,0,0,Land-Home,2,180000,1300,1,202307,1.054,23070540,0.7692307692307693,7.170888478512505
4.9083000000000006,2,1,1,0,Rural,Northeast,0,0,Land-Home,2,100000,1200,3,202307,1.054,23070541,2.5,7.0909098220799835
4.9083000000000006,1,1,1,0,Urban,Northeast,0,0,Other,2,130000,1500,3,202307,1.054,23070542,2.0,7.313886831633462
4.9083000000000006,2,1,1,0,Urban,Northeast,0,0,Land-Home,2,130000,1200,3,202307,1.054,23070543,2.5,7.0909098220799835
4.9083000000000006,2,1,1,0,Rural,Northeast,0,0,Land-Home,2,120000,1300,3,202307,1.054,23070544,2.307692307692308,7.170888478512505
4.9083000000000006,2,1,1,0,Rural,Northeast,0,0,Vehicle,2,120000,1500,3,202307,1.054,23070545,2.0,7.313886831633462
4.9083000000000006,1,1,1,0,Urban,Northeast,0,0,Other,2,140000,1500,3,202307,1.054,23070546,2.0,7.313886831633462
4.9083000000000006,2,1,1,0,Urban,Northeast,0,0,Land-Home,2,160000,1800,3,202307,1.054,23070547,1.6666666666666667,7.496097345175956
21.4964,2,1,1,0,Rural,South,0,0,Land-Home,2,240000,2500,3,202307,1.054,23070548,1.2,7.824445930877619
5.7895,2,1,1,0,Rural,West,0,0,Vehicle,2,300000,2000,3,202307,1.054,23070549,1.5,7.601402334583733
5.7895,2,1,1,0,Rural,West,0,0,Land-Home,2,210000,1800,1,202307,1.054,23070550,0.5555555555555556,7.496097345175956
5.7895,1,1,1,0,Suburban,West,0,0,Land-Home,2,140000,1300,3,202307,1.054,23070551,2.307692307692308,7.170888478512505
4.9083000000000006,2,1,2,0,Rural,Northeast,0,0,Vehicle,2,120000,1700,3,202307,1.054,23070552,1.7647058823529413,7.438971592395862
4.9083000000000006,2,1,1,0,Suburban,Northeast,0,0,Land-Home,2,110000,1200,1,202307,1.054,23070553,0.8333333333333334,7.0909098220799835
4.9083000000000006,2,1,2,0,Urban,Northeast,0,0,Land-Home,2,140000,1300,1,202307,1.054,23070554,0.7692307692307693,7.170888478512505
4.9083000000000006,2,1,1,0,Rural,Northeast,0,0,Land-Home,2,93000,1600,3,202307,1.054,23070555,1.875,7.3783837129967145
4.9083000000000006,2,1,2,0,Rural,Northeast,0,0,Land-Home,2,160000,1800,3,202307,1.054,23070556,1.6666666666666667,7.496097345175956
21.4964,2,1,2,0,Rural,South,0,0,Land-Home,2,140000,1300,3,202307,1.054,23070557,2.307692307692308,7.170888478512505
21.4964,2,1,2,0,Suburban,South,0,0,Land-Home,2,190000,2500,3,202307,1.054,23070558,1.2,7.824445930877619
21.4964,1,1,1,0,Rural,South,0,0,Land-Home,2,180000,1900,3,202307,1.054,23070559,1.5789473684210527,7.550135342488429
5.1545000000000005,2,1,1,0,Suburban,Midwest,0,0,Land-Home,2,140000,1500,3,202307,1.054,23070560,2.0,7.313886831633462
5.1545000000000005,2,1,1,0,Rural,Midwest,0,0,Land-Home,2,170000,1700,3,202307,1.054,23070561,1.7647058823529413,7.438971592395862
5.7895,1,2,9,0,,West,9,9,,2,92000,1600,3,202307,1.054,23070562,1.875,7.3783837129967145
5.7895,1,2,9,0,,West,9,9,,2,92000,1500,3,202307,1.054,23070563,2.0,7.313886831633462
5.7895,1,2,9,0,,West,9,9,,2,130000,1200,1,202307,1.054,23070564,0.8333333333333334,7.0909098220799835
21.4964,2,2,9,0,,South,9,9,,2,120000,1100,1,202307,1.054,23070565,0.9090909090909091,7.00397413672268
21.4964,1,2,9,0,,South,9,9,,2,150000,1700,3,202307,1.054,23070566,1.7647058823529413,7.438971592395862
21.4964,1,2,9,0,,South,9,9,,2,170000,2000,3,202307,1.054,23070567,1.5,7.601402334583733
21.4964,1,2,9,0,,South,9,9,,2,130000,2000,3,202307,1.054,23070568,1.5,7.601402334583733
21.4964,1,2,9,0,,South,9,9,,2,170000,2500,3,202307,1.054,23070569,1.2,7.824445930877619
21.4964,1,2,9,0,,South,9,9,,2,190000,2500,3,202307,1.054,23070570,1.2,7.824445930877619
5.7895,1,2,9,0,,West,9,9,,2,300000,2200,3,202307,1.054,23070571,1.3636363636363638,7.696667081526462
5.7895,1,2,9,0,,West,9,9,,2,160000,1900,3,202307,1.054,23070572,1.5789473684210527,7.550135342488429
21.4964,1,2,9,0,,South,9,9,,2,180000,2200,3,202307,1.054,23070573,1.3636363636363638,7.696667081526462
21.4964,1,2,9,0,,South,9,9,,2,160000,1900,3,202307,1.054,23070574,1.5789473684210527,7.550135342488429
5.1545000000000005,1,2,9,0,,Midwest,9,9,,2,130000,1200,3,202307,1.054,23070575,2.5,7.0909098220799835
21.4964,1,2,9,0,,South,9,9,,2,97000,1300,3,202307,1.054,23070576,2.307692307692308,7.170888478512505
21.4964,1,2,9,0,,South,9,9,,2,170000,2000,3,202307,1.054,23070577,1.5,7.601402334583733
4.9083000000000006,1,2,9,0,,Northeast,9,9,,2,220000,1600,3,202307,1.054,23070578,1.875,7.3783837129967145
21.4964,1,2,9,0,,South,9,9,,2,170000,2100,3,202307,1.054,23070579,1.4285714285714286,7.650168700845001
21.4964,1,2,9,0,,South,9,9,,2,160000,2000,3,202307,1.054,23070580,1.5,7.601402334583733
4.9083000000000006,1,2,9,0,,Northeast,9,9,,2,140000,1600,3,202307,1.054,23070581,1.875,7.3783837129967145
21.4964,1,2,9,0,,South,9,9,,2,110000,1900,3,202307,1.054,23070582,1.5789473684210527,7.550135342488429
21.4964,2,2,9,0,,South,9,9,,2,140000,2100,3,202307,1.054,23070583,1.4285714285714286,7.650168700845001
5.1545000000000005,1,2,9,0,,Midwest,9,9,,2,160000,1800,3,202307,1.054,23070584,1.6666666666666667,7.496097345175956
21.4964,1,2,9,0,,South,9,9,,2,150000,2100,3,202307,1.054,23070585,1.4285714285714286,7.650168700845001
3.8596000000000004,1,2,9,0,,,9,9,,3,260000,2500,3,202307,1.054,23070586,1.2,7.824445930877619
5.7895,1,2,9,0,,West,9,9,,2,140000,1300,1,202307,1.054,23070587,0.7692307692307693,7.170888478512505
21.4964,1,2,9,0,,South,9,9,,2,150000,1600,3,202307,1.054,23070588,1.875,7.3783837129967145
21.4964,1,2,9,0,,South,9,9,,2,100000,1600,3,202307,1.054,23070589,1.875,7.3783837129967145
21.4964,1,2,9,0,,South,9,9,,2,200000,2100,3,202307,1.054,23070590,1.4285714285714286,7.650168700845001
21.4964,1,2,9,0,,South,9,9,,2,130000,1600,3,202307,1.054,23070591,1.875,7.3783837129967145
4.9083000000000006,1,2,9,0,,Northeast,9,9,,2,150000,1700,3,202307,1.054,23070592,1.7647058823529413,7.438971592395862
4.9083000000000006,1,2,9,0,,Northeast,9,9,,2,140000,1300,1,202307,1.054,23070593,0.7692307692307693,7.170888478512505
5.7895,1,2,9,0,,West,9,9,,2,130000,1600,3,202307,1.054,23070594,1.875,7.3783837129967145
21.4964,1,2,9,0,,South,9,9,,2,190000,2500,3,202307,1.054,23070595,1.2,7.824445930877619
4.9083000000000006,1,2,9,0,,Northeast,9,9,,2,140000,1500,1,202307,1.054,23070596,0.6666666666666666,7.313886831633462
21.4964,1,2,9,0,,South,9,9,,2,150000,1600,3,202307,1.054,23070597,1.875,7.3783837129967145
21.4964,1,2,9,0,,South,9,9,,2,78000,1500,3,202307,1.054,23070598,2.0,7.313886831633462
5.7895,1,2,9,0,,West,9,9,,2,150000,1600,3,202307,1.054,23070599,1.875,7.3783837129967145
5.1545000000000005,1,2,9,0,,Midwest,9,9,,2,160000,1300,3,202307,1.054,23070601,2.307692307692308,7.170888478512505
5.7895,1,2,9,0,,West,9,9,,2,230000,1900,3,202307,1.054,23070602,1.5789473684210527,7.550135342488429
5.1545000000000005,1,2,9,0,,Midwest,9,9,,2,180000,2000,3,202307,1.054,23070603,1.5,7.601402334583733
5.7895,1,2,9,0,,West,9,9,,2,170000,1600,3,202307,1.054,23070604,1.875,7.3783837129967145
3.8596000000000004,1,2,9,0,,,9,9,,3,190000,2400,3,202307,1.054,23070605,1.25,7.783640596221253
5.7895,2,2,9,0,,West,9,9,,2,140000,1400,3,202307,1.054,23070606,2.142857142857143,7.244941546337007
21.4964,1,2,9,0,,South,9,9,,2,150000,1700,3,202307,1.054,23070607,1.7647058823529413,7.438971592395862
4.9083000000000006,1,2,9,0,,Northeast,9,9,,2,150000,1600,3,202307,1.054,23070608,1.875,7.3783837129967145
5.1545000000000005,1,2,9,0,,Midwest,9,9,,2,160000,1800,3,202307,1.054,23070609,1.6666666666666667,7.496097345175956
5.1545000000000005,1,2,9,0,,Midwest,9,9,,2,180000,2400,3,202307,1.054,23070610,1.25,7.783640596221253
21.4964,1,2,9,0,,South,9,9,,2,170000,2200,3,202307,1.054,23070611,1.3636363636363638,7.696667081526462
5.7895,2,2,9,0,,West,9,9,,2,160000,1800,1,202307,1.054,23070612,0.5555555555555556,7.496097345175956
4.9083000000000006,1,2,9,0,,Northeast,9,9,,2,150000,1600,3,202307,1.054,23070613,1.875,7.3783837129967145
5.1545000000000005,1,2,9,0,,Midwest,9,9,,2,160000,1800,3,202307,1.054,23070614,1.6666666666666667,7.496097345175956
5.7895,1,2,9,0,,West,9,9,,2,140000,1100,1,202307,1.054,23070615,0.9090909090909091,7.00397413672268
21.4964,1,2,9,0,,South,9,9,,2,180000,2200,3,202307,1.054,23070616,1.3636363636363638,7.696667081526462
5.1545000000000005,1,2,9,0,,Midwest,9,9,,2,140000,1200,3,202307,1.054,23070617,2.5,7.0909098220799835
5.1545000000000005,1,2,9,0,,Midwest,9,9,,2,140000,2000,3,202307,1.054,23070618,1.5,7.601402334583733
4.9083000000000006,1,2,9,0,,Northeast,9,9,,2,140000,1600,3,202307,1.054,23070619,1.875,7.3783837129967145
5.1545000000000005,1,2,9,0,,Midwest,9,9,,2,150000,1700,3,202307,1.054,23070620,1.7647058823529413,7.438971592395862
5.7895,2,2,9,0,,West,9,9,,2,250000,1100,3,202307,1.054,23070621,2.7272727272727275,7.00397413672268
5.7895,1,2,9,0,,West,9,9,,2,180000,2300,3,202307,1.054,23070622,1.3043478260869565,7.741099090035366
5.1545000000000005,1,2,9,0,,Midwest,9,9,,2,86000,1200,3,202307,1.054,23070623,2.5,7.0909098220799835
21.4964,1,2,9,0,,South,9,9,,2,130000,2100,3,202307,1.054,23070624,1.4285714285714286,7.650168700845001
5.1545000000000005,1,2,9,0,,Midwest,9,9,,2,150000,1700,3,202307,1.054,23070625,1.7647058823529413,7.438971592395862
21.4964,1,2,9,0,,South,9,9,,2,91000,1500,3,202307,1.054,23070626,2.0,7.313886831633462
21.4964,1,2,9,0,,South,9,9,,2,110000,1400,1,202307,1.054,23070627,0.7142857142857143,7.244941546337007
5.1545000000000005,2,2,9,0,,Midwest,9,9,,2,160000,1800,3,202307,1.054,23070628,1.6666666666666667,7.496097345175956
5.1545000000000005,1,2,9,0,,Midwest,9,9,,2,140000,1300,3,202307,1.054,23070629,2.307692307692308,7.170888478512505
60.1214,2,1,5,0,Rural,South,1,1,Land-Home,1,70000,1300,3,202308,1.0447,23080001,2.307692307692308,7.170888478512505
60.1214,2,1,3,0,Suburban,South,1,1,Land-Home,1,79000,780,1,202308,1.0447,23080002,1.2820512820512822,6.660575149839686
15.9579,2,1,3,0,Rural,West,3,1,Land-Home,1,85000,900,1,202308,1.0447,23080003,1.1111111111111112,6.803505257608338
15.9579,2,1,5,0,Urban,West,3,3,Other,1,75000,540,1,202308,1.0447,23080004,1.8518518518518519,6.293419278846481
15.9579,2,1,5,0,Urban,West,1,2,Vehicle,1,85000,900,3,202308,1.0447,23080005,3.3333333333333335,6.803505257608338
15.9579,1,1,3,0,Urban,West,1,1,Land-Home,1,120000,1200,3,202308,1.0447,23080006,2.5,7.0909098220799835
13.2833,2,1,3,0,Urban,Northeast,1,1,Land-Home,1,79000,780,1,202308,1.0447,23080007,1.2820512820512822,6.660575149839686
60.1214,2,1,5,0,Rural,South,2,1,Land-Home,1,100000,1200,3,202308,1.0447,23080008,2.5,7.0909098220799835
60.1214,2,1,5,0,Suburban,South,1,1,Land-Home,1,87000,920,3,202308,1.0447,23080009,3.260869565217391,6.825460036255307
60.1214,2,1,4,0,Rural,South,1,1,Land-Home,1,68000,780,3,202308,1.0447,23080010,3.8461538461538463,6.660575149839686
15.972700000000001,2,1,3,0,Urban,Midwest,1,1,Land-Home,1,94000,1100,3,202308,1.0447,23080011,2.7272727272727275,7.00397413672268
15.972700000000001,1,1,3,0,Urban,Midwest,1,2,Vehicle,1,76000,1200,3,202308,1.0447,23080013,2.5,7.0909098220799835
15.972700000000001,2,1,4,0,Rural,Midwest,3,1,Land-Home,1,78000,670,1,202308,1.0447,23080014,1.492537313432836,6.508769136971682
15.972700000000001,2,1,3,0,Urban,Midwest,1,1,Land-Home,1,94000,1100,3,202308,1.0447,23080015,2.7272727272727275,7.00397413672268
15.972700000000001,2,1,3,0,Urban,Midwest,1,1,Land-Home,1,120000,1300,3,202308,1.0447,23080016,2.307692307692308,7.170888478512505
15.972700000000001,2,1,3,0,Urban,Midwest,1,1,Land-Home,1,120000,1300,3,202308,1.0447,23080017,2.307692307692308,7.170888478512505
15.972700000000001,2,1,3,0,Urban,Midwest,1,1,Land-Home,1,89000,960,1,202308,1.0447,23080018,1.0416666666666667,6.8679744089702925
15.972700000000001,2,1,3,0,Urban,Midwest,1,1,Land-Home,1,120000,1200,3,202308,1.0447,23080019,2.5,7.0909098220799835
60.1214,2,1,3,0,Rural,South,1,1,Land-Home,1,120000,1300,3,202308,1.0447,23080020,2.307692307692308,7.170888478512505
60.1214,2,1,3,0,Suburban,South,1,1,Land-Home,1,100000,1200,3,202308,1.0447,23080021,2.5,7.0909098220799835
15.972700000000001,1,1,3,0,Urban,Midwest,1,1,Land-Home,1,96000,990,3,202308,1.0447,23080022,3.0303030303030303,6.898714534329988
15.972700000000001,1,1,3,0,Urban,Midwest,1,1,Land-Home,1,98000,1100,3,202308,1.0447,23080023,2.7272727272727275,7.00397413672268
15.972700000000001,2,1,3,0,Suburban,Midwest,1,1,Land-Home,1,81000,960,1,202308,1.0447,23080024,1.0416666666666667,6.8679744089702925
15.972700000000001,2,1,3,0,Urban,Midwest,1,1,Land-Home,1,120000,1200,3,202308,1.0447,23080025,2.5,7.0909098220799835
15.972700000000001,2,1,3,0,Urban,Midwest,1,1,Land-Home,1,89000,960,3,202308,1.0447,23080026,3.125,6.8679744089702925
15.972700000000001,2,1,3,0,Urban,Midwest,1,1,Land-Home,1,94000,1100,3,202308,1.0447,23080028,2.7272727272727275,7.00397413672268
15.972700000000001,2,1,3,0,Urban,Midwest,1,1,Land-Home,1,53000,960,1,202308,1.0447,23080029,1.0416666666666667,6.8679744089702925
60.1214,2,1,3,0,Suburban,South,1,1,Land-Home,1,71000,1100,3,202308,1.0447,23080030,2.7272727272727275,7.00397413672268
60.1214,2,1,5,0,Rural,South,3,1,Other,1,71000,1300,3,202308,1.0447,23080031,2.307692307692308,7.170888478512505
60.1214,2,1,4,0,Suburban,South,1,1,Land-Home,1,55000,780,1,202308,1.0447,23080032,1.2820512820512822,6.660575149839686
15.972700000000001,2,1,3,0,Rural,Midwest,1,2,Vehicle,1,80000,1200,3,202308,1.0447,23080033,2.5,7.0909098220799835
15.972700000000001,2,1,3,0,Suburban,Midwest,4,1,Land-Home,1,68000,960,1,202308,1.0447,23080035,1.0416666666666667,6.8679744089702925
15.9579,2,1,5,0,Suburban,West,1,3,Land-Home,1,100000,1200,3,202308,1.0447,23080037,2.5,7.0909098220799835
15.972700000000001,2,1,3,0,Rural,Midwest,1,1,Land-Home,1,92000,1000,1,202308,1.0447,23080038,1.0,6.90875477931522
15.972700000000001,2,1,5,0,Rural,Midwest,1,1,Land-Home,1,120000,990,1,202308,1.0447,23080039,1.0101010101010102,6.898714534329988
15.972700000000001,2,1,3,0,Rural,Midwest,3,1,Land-Home,1,120000,1200,3,202308,1.0447,23080040,2.5,7.0909098220799835
15.9579,2,1,3,0,Suburban,West,1,1,Land-Home,1,96000,1100,1,202308,1.0447,23080041,0.9090909090909091,7.00397413672268
13.2833,2,1,3,0,Urban,Northeast,2,1,Land-Home,1,89000,920,3,202308,1.0447,23080042,3.260869565217391,6.825460036255307
60.1214,2,1,3,0,Urban,South,1,1,Land-Home,1,110000,960,1,202308,1.0447,23080043,1.0416666666666667,6.8679744089702925
15.972700000000001,2,1,3,0,Urban,Midwest,1,1,Land-Home,1,94000,1100,3,202308,1.0447,23080044,2.7272727272727275,7.00397413672268
15.972700000000001,2,1,3,0,Urban,Midwest,1,1,Land-Home,1,94000,1100,3,202308,1.0447,23080045,2.7272727272727275,7.00397413672268
15.972700000000001,1,1,3,0,Urban,Midwest,1,1,Land-Home,1,66000,1300,3,202308,1.0447,23080046,2.307692307692308,7.170888478512505
15.972700000000001,1,1,3,0,Urban,Midwest,1,1,Vehicle,1,96000,1100,3,202308,1.0447,23080047,2.7272727272727275,7.00397413672268
15.972700000000001,2,1,4,0,Urban,Midwest,1,1,Land-Home,1,90000,990,3,202308,1.0447,23080048,3.0303030303030303,6.898714534329988
15.972700000000001,1,1,3,0,Urban,Midwest,1,1,Vehicle,1,120000,1300,3,202308,1.0447,23080049,2.307692307692308,7.170888478512505
60.1214,2,1,5,0,Rural,South,1,1,Land-Home,1,110000,1300,3,202308,1.0447,23080050,2.307692307692308,7.170888478512505
60.1214,2,1,3,0,Rural,South,1,1,Land-Home,1,89000,960,1,202308,1.0447,23080051,1.0416666666666667,6.8679744089702925
60.1214,2,1,3,0,Rural,South,1,2,Land-Home,1,76000,1200,3,202308,1.0447,23080052,2.5,7.0909098220799835
60.1214,2,1,3,0,Rural,South,1,1,Land-Home,1,98000,1100,3,202308,1.0447,23080053,2.7272727272727275,7.00397413672268
60.1214,2,1,3,0,Rural,South,1,1,Land-Home,1,120000,1300,3,202308,1.0447,23080054,2.307692307692308,7.170888478512505
60.1214,2,1,3,0,Suburban,South,1,1,Land-Home,1,87000,1200,3,202308,1.0447,23080055,2.5,7.0909098220799835
60.1214,2,1,5,0,Rural,South,1,1,Land-Home,1,100000,1200,3,202308,1.0447,23080056,2.5,7.0909098220799835
60.1214,2,1,3,0,Rural,South,1,1,Land-Home,1,89000,960,1,202308,1.0447,23080058,1.0416666666666667,6.8679744089702925
60.1214,2,1,3,0,Suburban,South,1,1,Land-Home,1,98000,1100,3,202308,1.0447,23080059,2.7272727272727275,7.00397413672268
15.972700000000001,1,1,3,0,Suburban,Midwest,1,1,Land-Home,1,94000,1100,3,202308,1.0447,23080060,2.7272727272727275,7.00397413672268
13.2833,2,1,1,0,Urban,Northeast,0,0,Land-Home,1,180000,920,1,202308,1.0447,23080061,1.0869565217391304,6.825460036255307
13.2833,2,1,1,0,Rural,Northeast,0,0,Land-Home,1,88000,920,1,202308,1.0447,23080062,1.0869565217391304,6.825460036255307
13.2833,2,1,1,0,Suburban,Northeast,0,0,Land-Home,1,94000,780,1,202308,1.0447,23080064,1.2820512820512822,6.660575149839686
13.2833,2,1,1,0,Urban,Northeast,0,0,Land-Home,1,87000,920,1,202308,1.0447,23080065,1.0869565217391304,6.825460036255307
13.2833,2,1,1,0,Urban,Northeast,0,0,Vehicle,1,87000,920,1,202308,1.0447,23080066,1.0869565217391304,6.825460036255307
13.2833,1,1,1,0,Urban,Northeast,0,0,Land-Home,1,140000,920,1,202308,1.0447,23080067,1.0869565217391304,6.825460036255307
13.2833,2,1,1,0,Urban,Northeast,0,0,Land-Home,1,77000,920,1,202308,1.0447,23080068,1.0869565217391304,6.825460036255307
13.2833,2,1,1,0,Urban,Northeast,0,0,Vehicle,1,180000,920,1,202308,1.0447,23080069,1.0869565217391304,6.825460036255307
15.972700000000001,2,1,1,0,Urban,Midwest,0,0,Other,1,89000,960,1,202308,1.0447,23080070,1.0416666666666667,6.8679744089702925
15.972700000000001,2,1,1,0,Urban,Midwest,0,0,Land-Home,1,89000,960,1,202308,1.0447,23080071,1.0416666666666667,6.8679744089702925
15.972700000000001,2,1,1,0,Urban,Midwest,0,0,Land-Home,1,94000,1100,3,202308,1.0447,23080072,2.7272727272727275,7.00397413672268
15.972700000000001,2,1,1,0,Suburban,Midwest,0,0,Land-Home,1,53000,1000,1,202308,1.0447,23080074,1.0,6.90875477931522
15.9579,1,1,1,0,Rural,West,0,0,Land-Home,1,88000,900,1,202308,1.0447,23080076,1.1111111111111112,6.803505257608338
13.2833,2,1,1,0,Rural,Northeast,0,0,Vehicle,1,80000,920,1,202308,1.0447,23080077,1.0869565217391304,6.825460036255307
13.2833,2,1,1,0,Urban,Northeast,0,0,Land-Home,1,87000,920,3,202308,1.0447,23080078,3.260869565217391,6.825460036255307
13.2833,2,1,1,0,Urban,Northeast,0,0,Land-Home,1,83000,870,1,202308,1.0447,23080079,1.1494252873563218,6.769641976852503
13.2833,2,1,1,0,Rural,Northeast,0,0,Land-Home,1,140000,950,3,202308,1.0447,23080080,3.1578947368421053,6.85751406254539
13.2833,2,1,1,0,Urban,Northeast,0,0,Land-Home,1,88000,950,3,202308,1.0447,23080081,3.1578947368421053,6.85751406254539
60.1214,2,1,1,0,Rural,South,0,0,Land-Home,1,75000,840,1,202308,1.0447,23080082,1.1904761904761907,6.734591659972948
15.9579,2,1,1,0,Suburban,West,0,0,Land-Home,1,64000,540,1,202308,1.0447,23080083,1.8518518518518519,6.293419278846481
13.2833,2,1,1,0,Urban,Northeast,0,0,Land-Home,1,100000,1200,3,202308,1.0447,23080084,2.5,7.0909098220799835
60.1214,2,1,1,0,Rural,South,0,0,Land-Home,1,80000,1100,1,202308,1.0447,23080086,0.9090909090909091,7.00397413672268
15.972700000000001,1,1,1,0,Rural,Midwest,0,0,Land-Home,1,94000,1100,3,202308,1.0447,23080087,2.7272727272727275,7.00397413672268
15.972700000000001,2,1,1,0,Rural,Midwest,0,0,Land-Home,1,85000,900,1,202308,1.0447,23080088,1.1111111111111112,6.803505257608338
15.9579,1,2,9,0,,West,9,9,,1,96000,900,3,202308,1.0447,23080089,3.3333333333333335,6.803505257608338
15.9579,1,2,9,0,,West,9,9,,1,130000,1100,3,202308,1.0447,23080090,2.7272727272727275,7.00397413672268
60.1214,1,2,9,0,,South,9,9,,1,100000,1200,1,202308,1.0447,23080091,0.8333333333333334,7.0909098220799835
60.1214,1,2,9,0,,South,9,9,,1,97000,960,1,202308,1.0447,23080092,1.0416666666666667,6.8679744089702925
15.972700000000001,1,2,9,0,,Midwest,9,9,,1,80000,1100,3,202308,1.0447,23080093,2.7272727272727275,7.00397413672268
15.9579,1,2,9,0,,West,9,9,,1,100000,1200,3,202308,1.0447,23080094,2.5,7.0909098220799835
15.972700000000001,1,2,9,0,,Midwest,9,9,,1,120000,1200,3,202308,1.0447,23080095,2.5,7.0909098220799835
13.2833,2,2,9,0,,Northeast,9,9,,1,87000,920,1,202308,1.0447,23080096,1.0869565217391304,6.825460036255307
15.9579,1,2,9,0,,West,9,9,,1,82000,1100,1,202308,1.0447,23080097,0.9090909090909091,7.00397413672268
60.1214,1,2,9,0,,South,9,9,,1,120000,1300,3,202308,1.0447,23080098,2.307692307692308,7.170888478512505
60.1214,1,2,9,0,,South,9,9,,1,60000,1300,3,202308,1.0447,23080099,2.307692307692308,7.170888478512505
60.1214,1,2,9,0,,South,9,9,,1,80000,1100,3,202308,1.0447,23080100,2.7272727272727275,7.00397413672268
15.9579,1,2,9,0,,South,9,9,,1,74000,840,1,202308,1.0447,23080101,1.1904761904761907,6.734591659972948
15.972700000000001,1,2,9,0,,Midwest,9,9,,1,96000,1100,3,202308,1.0447,23080102,2.7272727272727275,7.00397413672268
15.972700000000001,1,2,9,0,,Midwest,9,9,,1,120000,1300,3,202308,1.0447,23080103,2.307692307692308,7.170888478512505
15.972700000000001,1,2,9,0,,Midwest,9,9,,1,83000,1300,3,202308,1.0447,23080104,2.307692307692308,7.170888478512505
60.1214,2,2,9,0,,South,9,9,,1,100000,1200,3,202308,1.0447,23080105,2.5,7.0909098220799835
13.2833,1,2,9,0,,Northeast,9,9,,1,100000,1200,3,202308,1.0447,23080106,2.5,7.0909098220799835
60.1214,1,2,9,0,,South,9,9,,1,63000,900,1,202308,1.0447,23080107,1.1111111111111112,6.803505257608338
60.1214,2,2,9,0,,South,9,9,,1,85000,1100,1,202308,1.0447,23080108,0.9090909090909091,7.00397413672268
60.1214,1,2,9,0,,South,9,9,,1,69000,960,1,202308,1.0447,23080109,1.0416666666666667,6.8679744089702925
15.9579,1,2,9,0,,West,9,9,,1,94000,1100,3,202308,1.0447,23080110,2.7272727272727275,7.00397413672268
15.972700000000001,1,2,9,0,,Midwest,9,9,,1,53000,1100,3,202308,1.0447,23080111,2.7272727272727275,7.00397413672268
15.972700000000001,1,2,9,0,,Midwest,9,9,,1,74000,670,1,202308,1.0447,23080112,1.492537313432836,6.508769136971682
13.2833,1,2,9,0,,Northeast,9,9,,1,70000,870,1,202308,1.0447,23080113,1.1494252873563218,6.769641976852503
15.972700000000001,1,2,9,0,,Midwest,9,9,,1,66000,900,1,202308,1.0447,23080114,1.1111111111111112,6.803505257608338
15.972700000000001,1,2,9,0,,Midwest,9,9,,1,94000,1100,3,202308,1.0447,23080115,2.7272727272727275,7.00397413672268
60.1214,1,2,9,0,,South,9,9,,1,60000,920,3,202308,1.0447,23080116,3.260869565217391,6.825460036255307
60.1214,1,2,9,0,,South,9,9,,1,100000,960,1,202308,1.0447,23080117,1.0416666666666667,6.8679744089702925
30.0607,2,1,3,0,Suburban,South,1,1,Land-Home,2,170000,2500,3,202308,1.0188,23080578,1.2,7.824445930877619
30.0607,2,1,5,0,Rural,South,3,1,Land-Home,2,150000,1700,3,202308,1.0188,23080579,1.7647058823529413,7.438971592395862
30.0607,2,1,3,0,Suburban,South,1,1,Land-Home,2,120000,1600,3,202308,1.0188,23080580,1.875,7.3783837129967145
7.9789,2,1,5,0,Urban,West,1,1,Vehicle,2,140000,1400,1,202308,1.0188,23080581,0.7142857142857143,7.244941546337007
7.9789,2,1,3,0,Rural,West,1,1,Vehicle,2,160000,1700,3,202308,1.0188,23080582,1.7647058823529413,7.438971592395862
7.9789,1,1,3,0,Rural,West,1,1,Vehicle,2,140000,1400,3,202308,1.0188,23080583,2.142857142857143,7.244941546337007
7.9789,2,1,3,0,Rural,West,1,1,Vehicle,2,140000,1400,3,202308,1.0188,23080584,2.142857142857143,7.244941546337007
5.3193,2,1,3,0,Rural,,1,1,Vehicle,3,210000,2700,3,202308,1.0188,23080585,1.1111111111111112,7.901377353792616
7.9789,2,1,3,0,Rural,West,1,1,Vehicle,2,160000,1500,3,202308,1.0188,23080586,2.0,7.313886831633462
7.9789,2,1,3,0,Rural,West,3,2,Other,2,150000,1500,3,202308,1.0188,23080587,2.0,7.313886831633462
7.9789,2,1,3,0,Rural,West,3,1,Land-Home,2,160000,1800,3,202308,1.0188,23080588,1.6666666666666667,7.496097345175956
7.9789,2,1,3,0,Suburban,West,1,3,Land-Home,2,180000,2000,3,202308,1.0188,23080589,1.5,7.601402334583733
7.9789,2,1,3,0,Rural,West,1,1,Land-Home,2,150000,2100,3,202308,1.0188,23080590,1.4285714285714286,7.650168700845001
7.9789,2,1,3,0,Suburban,West,3,1,Land-Home,2,92000,1400,3,202308,1.0188,23080591,2.142857142857143,7.244941546337007
7.9789,2,1,4,0,Rural,West,3,1,Land-Home,2,220000,1800,3,202308,1.0188,23080592,1.6666666666666667,7.496097345175956
7.9789,2,1,4,0,Suburban,West,3,1,Vehicle,2,190000,1600,3,202308,1.0188,23080593,1.875,7.3783837129967145
7.9789,2,1,3,0,Urban,West,1,1,Land-Home,2,180000,1000,1,202308,1.0188,23080594,1.0,6.90875477931522
7.9789,2,1,3,0,Rural,West,3,1,Land-Home,2,150000,1600,3,202308,1.0188,23080595,1.875,7.3783837129967145
7.9789,2,1,3,0,Rural,West,3,1,Land-Home,2,200000,2300,3,202308,1.0188,23080596,1.3043478260869565,7.741099090035366
7.9789,2,1,4,0,Suburban,West,3,1,Vehicle,2,260000,2300,3,202308,1.0188,23080597,1.3043478260869565,7.741099090035366
30.0607,2,1,4,0,Rural,South,1,2,Land-Home,2,170000,1900,3,202308,1.0188,23080598,1.5789473684210527,7.550135342488429
7.9789,1,1,4,0,Rural,West,1,2,Vehicle,2,300000,1200,1,202308,1.0188,23080599,0.8333333333333334,7.0909098220799835
7.9789,1,1,4,0,Urban,West,3,1,Other,2,130000,1200,1,202308,1.0188,23080600,0.8333333333333334,7.0909098220799835
7.9789,2,1,3,0,Urban,West,3,1,Vehicle,2,150000,1500,3,202308,1.0188,23080601,2.0,7.313886831633462
7.9789,2,1,5,0,Urban,West,3,1,Vehicle,2,130000,1200,1,202308,1.0188,23080602,0.8333333333333334,7.0909098220799835
7.9789,2,1,5,0,Urban,West,3,1,Vehicle,2,150000,1600,3,202308,1.0188,23080603,1.875,7.3783837129967145
7.9789,2,1,3,0,Suburban,West,1,1,Land-Home,2,150000,1700,3,202308,1.0188,23080604,1.7647058823529413,7.438971592395862
7.9789,2,1,4,0,Urban,West,3,1,Land-Home,2,130000,1300,3,202308,1.0188,23080605,2.307692307692308,7.170888478512505
7.9789,1,1,3,0,Urban,West,3,1,Land-Home,2,200000,1200,3,202308,1.0188,23080606,2.5,7.0909098220799835
5.3193,1,1,3,0,Suburban,,1,1,Land-Home,3,380000,2800,3,202308,1.0188,23080607,1.0714285714285714,7.937731775260109
7.9789,2,1,4,0,Urban,West,3,1,Vehicle,2,230000,1300,3,202308,1.0188,23080608,2.307692307692308,7.170888478512505
7.9789,2,1,3,0,Urban,West,3,1,Land-Home,2,200000,1500,3,202308,1.0188,23080609,2.0,7.313886831633462
7.9789,2,1,3,0,Urban,West,3,1,Land-Home,2,130000,1200,1,202308,1.0188,23080610,0.8333333333333334,7.0909098220799835
7.9789,2,1,3,0,Urban,West,3,1,Land-Home,2,140000,1400,3,202308,1.0188,23080611,2.142857142857143,7.244941546337007
7.9789,2,1,3,0,Urban,West,3,1,Land-Home,2,170000,1800,3,202308,1.0188,23080612,1.6666666666666667,7.496097345175956
7.9789,2,1,3,0,Urban,West,3,1,Vehicle,2,92000,1500,3,202308,1.0188,23080613,2.0,7.313886831633462
7.9789,2,1,3,0,Rural,West,1,1,Land-Home,2,210000,1600,3,202308,1.0188,23080614,1.875,7.3783837129967145
7.9789,2,1,3,0,Urban,West,1,1,Land-Home,2,180000,2100,3,202308,1.0188,23080615,1.4285714285714286,7.650168700845001
7.9789,1,1,3,0,Suburban,West,3,2,Vehicle,2,300000,1500,3,202308,1.0188,23080616,2.0,7.313886831633462
6.6417,2,1,3,0,Rural,Northeast,1,1,Land-Home,2,180000,1700,3,202308,1.0188,23080617,1.7647058823529413,7.438971592395862
30.0607,2,1,3,0,Rural,South,1,1,Land-Home,2,180000,2500,3,202308,1.0188,23080618,1.2,7.824445930877619
30.0607,2,1,3,0,Suburban,South,1,1,Land-Home,2,130000,1100,3,202308,1.0188,23080619,2.7272727272727275,7.00397413672268
30.0607,1,1,5,0,Urban,South,1,3,Land-Home,2,150000,1600,3,202308,1.0188,23080620,1.875,7.3783837129967145
30.0607,2,1,4,0,Urban,South,1,1,Land-Home,2,170000,2000,3,202308,1.0188,23080621,1.5,7.601402334583733
30.0607,2,1,5,0,Suburban,South,1,1,Land-Home,2,240000,2200,3,202308,1.0188,23080622,1.3636363636363638,7.696667081526462
30.0607,2,1,3,0,Suburban,South,1,1,Land-Home,2,130000,1700,3,202308,1.0188,23080623,1.7647058823529413,7.438971592395862
30.0607,2,1,4,0,Suburban,South,1,1,Land-Home,2,130000,1300,3,202308,1.0188,23080624,2.307692307692308,7.170888478512505
30.0607,2,1,5,0,Urban,South,1,1,Land-Home,2,140000,1300,3,202308,1.0188,23080625,2.307692307692308,7.170888478512505
30.0607,2,1,3,0,Urban,South,1,1,Vehicle,2,180000,2100,3,202308,1.0188,23080626,1.4285714285714286,7.650168700845001
30.0607,2,1,3,0,Suburban,South,1,1,Land-Home,2,110000,1100,1,202308,1.0188,23080628,0.9090909090909091,7.00397413672268
20.0405,2,1,3,0,Rural,,1,2,Land-Home,3,380000,2700,3,202308,1.0188,23080629,1.1111111111111112,7.901377353792616
30.0607,2,1,3,0,Rural,South,1,1,Land-Home,2,170000,1900,3,202308,1.0188,23080630,1.5789473684210527,7.550135342488429
30.0607,2,1,3,0,Suburban,South,1,1,Land-Home,2,110000,1900,3,202308,1.0188,23080631,1.5789473684210527,7.550135342488429
30.0607,2,1,3,0,Rural,South,1,1,Land-Home,2,150000,1600,3,202308,1.0188,23080632,1.875,7.3783837129967145
30.0607,2,1,3,0,Rural,South,1,1,Land-Home,2,120000,2100,3,202308,1.0188,23080633,1.4285714285714286,7.650168700845001
30.0607,2,1,4,0,Rural,South,3,1,Land-Home,2,100000,1700,3,202308,1.0188,23080634,1.7647058823529413,7.438971592395862
30.0607,2,1,3,0,Rural,South,1,1,Land-Home,2,140000,1300,3,202308,1.0188,23080635,2.307692307692308,7.170888478512505
30.0607,2,1,3,0,Rural,South,1,1,Land-Home,2,160000,1800,3,202308,1.0188,23080636,1.6666666666666667,7.496097345175956
30.0607,2,1,3,0,Suburban,South,1,2,Land-Home,2,160000,1700,3,202308,1.0188,23080637,1.7647058823529413,7.438971592395862
30.0607,2,1,3,0,Suburban,South,1,1,Land-Home,2,110000,2100,3,202308,1.0188,23080638,1.4285714285714286,7.650168700845001
30.0607,2,1,5,0,Rural,South,1,1,Vehicle,2,200000,2500,3,202308,1.0188,23080639,1.2,7.824445930877619
7.986400000000001,2,1,3,0,Suburban,Midwest,1,2,Land-Home,2,150000,2100,3,202308,1.0188,23080640,1.4285714285714286,7.650168700845001
7.986400000000001,1,1,3,0,Urban,Midwest,1,1,Land-Home,2,140000,1600,3,202308,1.0188,23080641,1.875,7.3783837129967145
7.986400000000001,2,1,3,0,Urban,Midwest,1,1,Land-Home,2,150000,2000,3,202308,1.0188,23080642,1.5,7.601402334583733
7.986400000000001,2,1,3,0,Rural,Midwest,1,2,Land-Home,2,140000,1300,3,202308,1.0188,23080643,2.307692307692308,7.170888478512505
7.986400000000001,2,1,3,0,Urban,Midwest,1,1,Vehicle,2,150000,1600,3,202308,1.0188,23080644,1.875,7.3783837129967145
7.986400000000001,1,1,3,0,Urban,Midwest,1,1,Land-Home,2,130000,2000,3,202308,1.0188,23080645,1.5,7.601402334583733
7.986400000000001,1,1,3,0,Urban,Midwest,1,1,Land-Home,2,150000,1600,3,202308,1.0188,23080646,1.875,7.3783837129967145
7.986400000000001,1,1,3,0,Urban,Midwest,1,1,Land-Home,2,140000,1500,3,202308,1.0188,23080647,2.0,7.313886831633462
7.986400000000001,2,1,3,0,Urban,Midwest,3,2,Land-Home,2,130000,1300,3,202308,1.0188,23080648,2.307692307692308,7.170888478512505
7.986400000000001,2,1,3,0,Suburban,Midwest,1,2,Land-Home,2,150000,1500,3,202308,1.0188,23080649,2.0,7.313886831633462
7.986400000000001,2,1,3,0,Rural,Midwest,1,1,Land-Home,2,150000,1600,3,202308,1.0188,23080650,1.875,7.3783837129967145
7.986400000000001,2,1,3,0,Rural,Midwest,1,1,Vehicle,2,140000,1600,3,202308,1.0188,23080651,1.875,7.3783837129967145
7.986400000000001,2,1,3,0,Urban,Midwest,1,1,Land-Home,2,260000,1800,3,202308,1.0188,23080652,1.6666666666666667,7.496097345175956
7.986400000000001,2,1,3,0,Urban,Midwest,1,2,Land-Home,2,140000,1500,3,202308,1.0188,23080653,2.0,7.313886831633462
7.986400000000001,2,1,3,0,Rural,Midwest,1,2,Land-Home,2,130000,1300,3,202308,1.0188,23080654,2.307692307692308,7.170888478512505
7.986400000000001,2,1,3,0,Rural,Midwest,1,1,Land-Home,2,170000,2000,3,202308,1.0188,23080656,1.5,7.601402334583733
30.0607,2,1,3,0,Rural,South,1,1,Land-Home,2,170000,2000,3,202308,1.0188,23080658,1.5,7.601402334583733
30.0607,2,1,3,0,Rural,South,1,1,Land-Home,2,140000,1300,3,202308,1.0188,23080659,2.307692307692308,7.170888478512505
30.0607,2,1,3,0,Rural,South,1,1,Land-Home,2,200000,2500,3,202308,1.0188,23080660,1.2,7.824445930877619
30.0607,2,1,3,0,Rural,South,1,2,Land-Home,2,150000,1600,3,202308,1.0188,23080661,1.875,7.3783837129967145
30.0607,2,1,3,0,Rural,South,1,2,Land-Home,2,200000,2500,3,202308,1.0188,23080662,1.2,7.824445930877619
30.0607,2,1,5,0,Rural,South,1,1,Land-Home,2,140000,1700,3,202308,1.0188,23080663,1.7647058823529413,7.438971592395862
7.986400000000001,2,1,3,0,Urban,Midwest,1,1,Land-Home,2,170000,2000,3,202308,1.0188,23080665,1.5,7.601402334583733
7.986400000000001,2,1,5,0,Urban,Midwest,1,1,Land-Home,2,150000,1600,3,202308,1.0188,23080666,1.875,7.3783837129967145
7.986400000000001,2,1,3,0,Suburban,Midwest,1,1,Land-Home,2,120000,1700,3,202308,1.0188,23080667,1.7647058823529413,7.438971592395862
7.986400000000001,2,1,3,0,Urban,Midwest,1,1,Land-Home,2,190000,2400,3,202308,1.0188,23080668,1.25,7.783640596221253
7.986400000000001,2,1,5,0,Urban,Midwest,4,3,Land-Home,2,130000,1900,3,202308,1.0188,23080669,1.5789473684210527,7.550135342488429
7.986400000000001,2,1,3,0,Urban,Midwest,1,1,Vehicle,2,120000,1500,3,202308,1.0188,23080670,2.0,7.313886831633462
7.986400000000001,2,1,5,0,Urban,Midwest,1,1,Land-Home,2,160000,1700,1,202308,1.0188,23080671,0.588235294117647,7.438971592395862
7.986400000000001,1,1,3,0,Urban,Midwest,1,1,Land-Home,2,120000,1600,3,202308,1.0188,23080672,1.875,7.3783837129967145
7.986400000000001,1,1,3,0,Urban,Midwest,1,1,Land-Home,2,130000,1600,3,202308,1.0188,23080674,1.875,7.3783837129967145
7.986400000000001,2,1,5,0,Urban,Midwest,1,1,Land-Home,2,140000,1300,3,202308,1.0188,23080675,2.307692307692308,7.170888478512505
30.0607,2,1,5,0,Rural,South,1,1,Land-Home,2,120000,1900,3,202308,1.0188,23080676,1.5789473684210527,7.550135342488429
30.0607,2,1,5,0,Rural,South,3,1,Land-Home,2,160000,2000,3,202308,1.0188,23080677,1.5,7.601402334583733
30.0607,2,1,4,0,Rural,South,1,1,Land-Home,2,180000,2200,3,202308,1.0188,23080678,1.3636363636363638,7.696667081526462
30.0607,2,1,3,0,Rural,South,1,1,Land-Home,2,170000,2500,3,202308,1.0188,23080679,1.2,7.824445930877619
30.0607,2,1,3,0,Suburban,South,1,1,Land-Home,2,110000,2500,3,202308,1.0188,23080680,1.2,7.824445930877619
7.986400000000001,2,1,3,0,Suburban,Midwest,1,1,Land-Home,2,140000,1600,3,202308,1.0188,23080681,1.875,7.3783837129967145
7.986400000000001,2,1,3,0,Rural,Midwest,1,1,Land-Home,2,160000,2200,3,202308,1.0188,23080682,1.3636363636363638,7.696667081526462
7.986400000000001,2,1,3,0,Rural,Midwest,1,2,Vehicle,2,86000,1600,3,202308,1.0188,23080683,1.875,7.3783837129967145
7.9789,2,1,4,0,Rural,West,1,2,Land-Home,2,260000,2300,3,202308,1.0188,23080684,1.3043478260869565,7.741099090035366
7.9789,2,1,3,0,Suburban,West,1,1,Land-Home,2,170000,2000,3,202308,1.0188,23080685,1.5,7.601402334583733
7.9789,2,1,3,0,Suburban,West,1,1,Land-Home,2,180000,2300,3,202308,1.0188,23080686,1.3043478260869565,7.741099090035366
7.986400000000001,2,1,4,0,Rural,Midwest,1,2,Land-Home,2,160000,1800,3,202308,1.0188,23080687,1.6666666666666667,7.496097345175956
7.986400000000001,2,1,3,0,Rural,Midwest,1,1,Land-Home,2,190000,1500,3,202308,1.0188,23080688,2.0,7.313886831633462
7.9789,2,1,4,0,Suburban,West,3,1,Land-Home,2,190000,2300,3,202308,1.0188,23080689,1.3043478260869565,7.741099090035366
7.9789,2,1,5,0,Suburban,West,3,1,Land-Home,2,92000,1000,3,202308,1.0188,23080690,3.0,6.90875477931522
7.9789,2,1,3,0,Rural,West,1,2,Land-Home,2,120000,2000,3,202308,1.0188,23080691,1.5,7.601402334583733
7.9789,2,1,3,0,Suburban,West,1,1,Land-Home,2,180000,1300,3,202308,1.0188,23080692,2.307692307692308,7.170888478512505
7.9789,1,1,3,0,Suburban,West,1,1,Land-Home,2,130000,1800,3,202308,1.0188,23080693,1.6666666666666667,7.496097345175956
7.9789,1,1,5,0,Suburban,West,3,1,Land-Home,2,160000,1500,3,202308,1.0188,23080694,2.0,7.313886831633462
7.9789,2,1,3,0,Rural,West,1,1,Land-Home,2,92000,1600,3,202308,1.0188,23080695,1.875,7.3783837129967145
30.0607,2,1,3,0,Rural,South,1,1,Other,2,78000,1600,3,202308,1.0188,23080696,1.875,7.3783837129967145
30.0607,2,1,5,0,Suburban,South,1,3,Land-Home,2,180000,2200,3,202308,1.0188,23080697,1.3636363636363638,7.696667081526462
30.0607,2,1,3,0,Suburban,South,1,1,Land-Home,2,150000,1600,3,202308,1.0188,23080698,1.875,7.3783837129967145
30.0607,2,1,3,0,Suburban,South,1,1,Vehicle,2,180000,1900,3,202308,1.0188,23080699,1.5789473684210527,7.550135342488429
30.0607,2,1,3,0,Rural,South,1,1,Land-Home,2,190000,1900,3,202308,1.0188,23080700,1.5789473684210527,7.550135342488429
30.0607,2,1,3,0,Suburban,South,1,1,Land-Home,2,170000,1900,3,202308,1.0188,23080701,1.5789473684210527,7.550135342488429
30.0607,2,1,4,0,Rural,South,1,1,Land-Home,2,130000,1600,3,202308,1.0188,23080702,1.875,7.3783837129967145
30.0607,2,1,3,0,Suburban,South,1,1,Vehicle,2,140000,2500,3,202308,1.0188,23080703,1.2,7.824445930877619
30.0607,2,1,3,0,Suburban,South,1,1,Land-Home,2,120000,1700,3,202308,1.0188,23080704,1.7647058823529413,7.438971592395862
7.986400000000001,2,1,3,0,Rural,Midwest,1,1,Vehicle,2,110000,1100,3,202308,1.0188,23080706,2.7272727272727275,7.00397413672268
7.986400000000001,2,1,3,0,Rural,Midwest,1,1,Vehicle,2,100000,1900,3,202308,1.0188,23080707,1.5789473684210527,7.550135342488429
7.986400000000001,2,1,3,0,Urban,Midwest,1,1,Land-Home,2,130000,1200,1,202308,1.0188,23080708,0.8333333333333334,7.0909098220799835
30.0607,2,1,3,0,Suburban,South,1,1,Land-Home,2,160000,1700,3,202308,1.0188,23080709,1.7647058823529413,7.438971592395862
30.0607,2,1,3,0,Suburban,South,1,1,Vehicle,2,180000,2000,3,202308,1.0188,23080710,1.5,7.601402334583733
7.9789,1,1,3,0,Suburban,West,1,1,Land-Home,2,170000,1800,3,202308,1.0188,23080711,1.6666666666666667,7.496097345175956
7.9789,2,1,3,0,Suburban,West,3,1,Land-Home,2,140000,1500,3,202308,1.0188,23080712,2.0,7.313886831633462
6.6417,1,1,3,0,Urban,Northeast,1,1,Land-Home,2,230000,1700,3,202308,1.0188,23080713,1.7647058823529413,7.438971592395862
6.6417,2,1,3,0,Urban,Northeast,1,1,Land-Home,2,180000,1600,3,202308,1.0188,23080714,1.875,7.3783837129967145
6.6417,2,1,3,0,Urban,Northeast,1,2,Vehicle,2,110000,1700,3,202308,1.0188,23080715,1.7647058823529413,7.438971592395862
6.6417,2,1,3,0,Rural,Northeast,1,1,Land-Home,2,130000,1600,3,202308,1.0188,23080716,1.875,7.3783837129967145
6.6417,2,1,3,0,Urban,Northeast,1,1,Land-Home,2,150000,1600,3,202308,1.0188,23080717,1.875,7.3783837129967145
6.6417,1,1,3,0,Urban,Northeast,1,1,Land-Home,2,200000,1800,1,202308,1.0188,23080718,0.5555555555555556,7.496097345175956
6.6417,1,1,3,0,Urban,Northeast,1,1,Land-Home,2,170000,1800,3,202308,1.0188,23080719,1.6666666666666667,7.496097345175956
6.6417,1,1,3,0,Urban,Northeast,1,1,Land-Home,2,210000,1700,3,202308,1.0188,23080720,1.7647058823529413,7.438971592395862
6.6417,2,1,3,0,Rural,Northeast,1,1,Land-Home,2,150000,2000,3,202308,1.0188,23080721,1.5,7.601402334583733
6.6417,2,1,3,0,Rural,Northeast,1,2,Vehicle,2,140000,1400,3,202308,1.0188,23080722,2.142857142857143,7.244941546337007
30.0607,2,1,3,0,Suburban,South,1,1,Land-Home,2,180000,2100,3,202308,1.0188,23080723,1.4285714285714286,7.650168700845001
30.0607,2,1,3,0,Rural,South,1,1,Land-Home,2,160000,1700,3,202308,1.0188,23080724,1.7647058823529413,7.438971592395862
30.0607,2,1,3,0,Rural,South,1,1,Land-Home,2,110000,1100,1,202308,1.0188,23080725,0.9090909090909091,7.00397413672268
30.0607,2,1,3,0,Rural,South,1,1,Vehicle,2,240000,2200,3,202308,1.0188,23080726,1.3636363636363638,7.696667081526462
30.0607,2,1,3,0,Rural,South,1,1,Vehicle,2,210000,2300,3,202308,1.0188,23080727,1.3043478260869565,7.741099090035366
30.0607,2,1,4,0,Rural,South,1,2,Vehicle,2,240000,2400,3,202308,1.0188,23080728,1.25,7.783640596221253
30.0607,2,1,3,0,Rural,South,1,2,Land-Home,2,120000,1100,3,202308,1.0188,23080729,2.7272727272727275,7.00397413672268
30.0607,2,1,3,0,Rural,South,1,2,Land-Home,2,190000,2300,3,202308,1.0188,23080730,1.3043478260869565,7.741099090035366
30.0607,2,1,3,0,Suburban,South,1,2,Land-Home,2,78000,1300,3,202308,1.0188,23080731,2.307692307692308,7.170888478512505
30.0607,2,1,3,0,Suburban,South,1,1,Land-Home,2,200000,2500,3,202308,1.0188,23080732,1.2,7.824445930877619
30.0607,2,1,3,0,Rural,South,1,1,Land-Home,2,170000,1900,3,202308,1.0188,23080733,1.5789473684210527,7.550135342488429
30.0607,2,1,5,0,Rural,South,1,1,Land-Home,2,130000,1600,3,202308,1.0188,23080734,1.875,7.3783837129967145
30.0607,2,1,5,0,Suburban,South,1,3,Land-Home,2,120000,2100,3,202308,1.0188,23080735,1.4285714285714286,7.650168700845001
30.0607,2,1,5,0,Suburban,South,1,1,Vehicle,2,190000,2300,3,202308,1.0188,23080736,1.3043478260869565,7.741099090035366
30.0607,2,1,5,0,Suburban,South,1,1,Land-Home,2,78000,1800,3,202308,1.0188,23080737,1.6666666666666667,7.496097345175956
30.0607,2,1,5,0,Rural,South,1,1,Land-Home,2,150000,2200,3,202308,1.0188,23080738,1.3636363636363638,7.696667081526462
30.0607,2,1,3,0,Suburban,South,1,1,Vehicle,2,240000,2500,3,202308,1.0188,23080739,1.2,7.824445930877619
30.0607,2,1,5,0,Rural,South,1,1,Vehicle,2,78000,1600,3,202308,1.0188,23080740,1.875,7.3783837129967145
30.0607,2,1,5,0,Rural,South,1,1,Land-Home,2,180000,2100,3,202308,1.0188,23080741,1.4285714285714286,7.650168700845001
30.0607,2,1,5,0,Rural,South,1,1,Land-Home,2,150000,1600,3,202308,1.0188,23080742,1.875,7.3783837129967145
30.0607,2,1,4,0,Rural,South,1,1,Vehicle,2,190000,2100,3,202308,1.0188,23080743,1.4285714285714286,7.650168700845001
30.0607,2,1,3,0,Suburban,South,1,2,Vehicle,2,210000,2500,3,202308,1.0188,23080744,1.2,7.824445930877619
30.0607,2,1,5,0,Suburban,South,1,1,Land-Home,2,200000,2000,3,202308,1.0188,23080745,1.5,7.601402334583733
30.0607,2,1,5,0,Suburban,South,1,2,Vehicle,2,180000,2300,3,202308,1.0188,23080746,1.3043478260869565,7.741099090035366
30.0607,2,1,3,0,Rural,South,1,1,Land-Home,2,180000,2100,3,202308,1.0188,23080747,1.4285714285714286,7.650168700845001
30.0607,2,1,3,0,Rural,South,1,1,Other,2,150000,1600,3,202308,1.0188,23080748,1.875,7.3783837129967145
30.0607,2,1,3,0,Suburban,South,1,1,Land-Home,2,130000,1600,3,202308,1.0188,23080749,1.875,7.3783837129967145
7.986400000000001,2,1,5,0,Urban,Midwest,1,3,Vehicle,2,160000,1700,3,202308,1.0188,23080750,1.7647058823529413,7.438971592395862
7.9789,2,1,1,0,Rural,West,0,0,Vehicle,2,170000,1600,3,202308,1.0188,23080751,1.875,7.3783837129967145
7.9789,2,1,1,0,Rural,West,0,0,Vehicle,2,160000,1400,1,202308,1.0188,23080752,0.7142857142857143,7.244941546337007
7.9789,1,1,1,0,Rural,West,0,0,Land-Home,2,120000,1100,3,202308,1.0188,23080753,2.7272727272727275,7.00397413672268
7.9789,2,1,1,0,Rural,West,0,0,Land-Home,2,190000,1800,3,202308,1.0188,23080754,1.6666666666666667,7.496097345175956
7.9789,2,1,1,0,Suburban,West,0,0,Land-Home,2,160000,1600,3,202308,1.0188,23080755,1.875,7.3783837129967145
7.9789,1,1,1,0,Urban,West,0,0,Vehicle,2,150000,1600,3,202308,1.0188,23080756,1.875,7.3783837129967145
7.9789,2,1,1,0,Urban,West,0,0,Land-Home,2,160000,1700,3,202308,1.0188,23080757,1.7647058823529413,7.438971592395862
6.6417,2,1,1,0,Suburban,Northeast,0,0,Land-Home,2,170000,1700,3,202308,1.0188,23080758,1.7647058823529413,7.438971592395862
6.6417,2,1,1,0,Rural,Northeast,0,0,Land-Home,2,120000,1300,3,202308,1.0188,23080759,2.307692307692308,7.170888478512505
6.6417,1,1,1,0,Urban,Northeast,0,0,Vehicle,2,160000,1400,3,202308,1.0188,23080760,2.142857142857143,7.244941546337007
6.6417,2,1,1,0,Rural,Northeast,0,0,Vehicle,2,160000,1200,3,202308,1.0188,23080761,2.5,7.0909098220799835
6.6417,2,1,1,0,Rural,Northeast,0,0,Land-Home,2,220000,1600,3,202308,1.0188,23080762,1.875,7.3783837129967145
6.6417,1,1,1,0,Urban,Northeast,0,0,Land-Home,2,310000,1300,3,202308,1.0188,23080763,2.307692307692308,7.170888478512505
6.6417,2,1,1,0,Rural,Northeast,0,0,Land-Home,2,140000,1300,3,202308,1.0188,23080764,2.307692307692308,7.170888478512505
6.6417,2,1,1,0,Rural,Northeast,0,0,Vehicle,2,150000,1600,3,202308,1.0188,23080765,1.875,7.3783837129967145
30.0607,2,1,2,0,Suburban,South,0,0,Vehicle,2,240000,1700,3,202308,1.0188,23080766,1.7647058823529413,7.438971592395862
7.9789,2,1,1,0,Suburban,West,0,0,Vehicle,2,180000,2100,3,202308,1.0188,23080767,1.4285714285714286,7.650168700845001
7.986400000000001,1,1,1,0,Urban,Midwest,0,0,Land-Home,2,150000,1600,3,202308,1.0188,23080768,1.875,7.3783837129967145
7.986400000000001,2,1,1,0,Urban,Midwest,0,0,Land-Home,2,170000,2000,3,202308,1.0188,23080769,1.5,7.601402334583733
7.986400000000001,2,1,1,0,Urban,Midwest,0,0,Land-Home,2,160000,1800,3,202308,1.0188,23080770,1.6666666666666667,7.496097345175956
7.986400000000001,2,1,1,0,Urban,Midwest,0,0,Land-Home,2,120000,1700,3,202308,1.0188,23080771,1.7647058823529413,7.438971592395862
7.986400000000001,2,1,1,0,Rural,Midwest,0,0,Land-Home,2,170000,1700,3,202308,1.0188,23080772,1.7647058823529413,7.438971592395862
7.986400000000001,2,1,2,0,Rural,Midwest,0,0,Vehicle,2,110000,1600,3,202308,1.0188,23080773,1.875,7.3783837129967145
7.986400000000001,2,1,1,0,Rural,Midwest,0,0,Land-Home,2,200000,2400,3,202308,1.0188,23080774,1.25,7.783640596221253
7.9789,2,1,2,0,Suburban,West,0,0,Land-Home,2,300000,2100,3,202308,1.0188,23080775,1.4285714285714286,7.650168700845001
7.9789,2,1,1,0,Rural,West,0,0,Land-Home,2,180000,2100,3,202308,1.0188,23080776,1.4285714285714286,7.650168700845001
6.6417,2,1,1,0,Urban,Northeast,0,0,Land-Home,2,170000,2000,3,202308,1.0188,23080777,1.5,7.601402334583733
6.6417,2,1,1,0,Rural,Northeast,0,0,Land-Home,2,150000,1800,3,202308,1.0188,23080778,1.6666666666666667,7.496097345175956
6.6417,2,1,1,0,Rural,Northeast,0,0,Vehicle,2,140000,1600,3,202308,1.0188,23080779,1.875,7.3783837129967145
6.6417,2,1,1,0,Urban,Northeast,0,0,Land-Home,2,160000,1800,3,202308,1.0188,23080780,1.6666666666666667,7.496097345175956
6.6417,2,1,1,0,Urban,Northeast,0,0,Land-Home,2,150000,1600,3,202308,1.0188,23080781,1.875,7.3783837129967145
6.6417,2,1,1,0,Urban,Northeast,0,0,Land-Home,2,160000,1700,3,202308,1.0188,23080782,1.7647058823529413,7.438971592395862
6.6417,2,1,2,0,Rural,Northeast,0,0,Land-Home,2,170000,1500,3,202308,1.0188,23080783,2.0,7.313886831633462
6.6417,2,1,1,0,Urban,Northeast,0,0,Land-Home,2,150000,1600,1,202308,1.0188,23080784,0.625,7.3783837129967145
6.6417,2,1,1,0,Urban,Northeast,0,0,Land-Home,2,170000,1600,3,202308,1.0188,23080785,1.875,7.3783837129967145
6.6417,2,1,1,0,Rural,Northeast,0,0,Land-Home,2,130000,1700,3,202308,1.0188,23080786,1.7647058823529413,7.438971592395862
6.6417,2,1,1,0,Rural,Northeast,0,0,Land-Home,2,93000,1600,3,202308,1.0188,23080787,1.875,7.3783837129967145
6.6417,2,1,1,0,Rural,Northeast,0,0,Vehicle,2,140000,1700,3,202308,1.0188,23080788,1.7647058823529413,7.438971592395862
6.6417,2,1,1,0,Urban,Northeast,0,0,Vehicle,2,160000,1700,3,202308,1.0188,23080789,1.7647058823529413,7.438971592395862
30.0607,2,1,2,0,Suburban,South,0,0,Land-Home,2,78000,1300,3,202308,1.0188,23080790,2.307692307692308,7.170888478512505
30.0607,2,1,2,0,Suburban,South,0,0,Land-Home,2,120000,1900,3,202308,1.0188,23080791,1.5789473684210527,7.550135342488429
7.986400000000001,2,1,2,0,Rural,Midwest,0,0,Land-Home,2,170000,1800,3,202308,1.0188,23080792,1.6666666666666667,7.496097345175956
7.986400000000001,2,1,2,0,Rural,Midwest,0,0,Land-Home,2,150000,1300,1,202308,1.0188,23080793,0.7692307692307693,7.170888478512505
5.3193,2,1,1,0,Suburban,,0,0,Land-Home,3,300000,2700,3,202308,1.0188,23080794,1.1111111111111112,7.901377353792616
7.9789,2,1,1,0,Suburban,West,0,0,Vehicle,2,150000,1200,1,202308,1.0188,23080795,0.8333333333333334,7.0909098220799835
7.9789,1,1,1,0,Rural,West,0,0,Vehicle,2,160000,1100,1,202308,1.0188,23080796,0.9090909090909091,7.00397413672268
7.9789,2,1,1,0,Suburban,West,0,0,Land-Home,2,150000,1500,3,202308,1.0188,23080797,2.0,7.313886831633462
5.3193,1,1,1,0,Rural,,0,0,Land-Home,3,300000,2700,3,202308,1.0188,23080798,1.1111111111111112,7.901377353792616
7.9789,2,1,2,0,Rural,West,0,0,Land-Home,2,160000,1200,1,202308,1.0188,23080799,0.8333333333333334,7.0909098220799835
7.9789,2,1,1,0,Rural,West,0,0,Vehicle,2,140000,1500,3,202308,1.0188,23080800,2.0,7.313886831633462
6.6417,2,1,1,0,Urban,Northeast,0,0,Land-Home,2,93000,1600,1,202308,1.0188,23080801,0.625,7.3783837129967145
6.6417,2,1,1,0,Urban,Northeast,0,0,Land-Home,2,210000,1800,3,202308,1.0188,23080802,1.6666666666666667,7.496097345175956
6.6417,2,1,1,0,Rural,Northeast,0,0,Land-Home,2,200000,2000,3,202308,1.0188,23080803,1.5,7.601402334583733
6.6417,2,1,1,0,Urban,Northeast,0,0,Land-Home,2,130000,1700,3,202308,1.0188,23080804,1.7647058823529413,7.438971592395862
30.0607,2,1,2,0,Rural,South,0,0,Land-Home,2,200000,2500,3,202308,1.0188,23080805,1.2,7.824445930877619
20.0405,2,1,1,0,Rural,,0,0,Vehicle,3,230000,3200,3,202308,1.0188,23080806,0.9375,8.071218539969863
30.0607,2,1,1,0,Suburban,South,0,0,Land-Home,2,130000,1600,3,202308,1.0188,23080807,1.875,7.3783837129967145
30.0607,2,1,1,0,Rural,South,0,0,Land-Home,2,140000,1300,3,202308,1.0188,23080808,2.307692307692308,7.170888478512505
7.986400000000001,2,1,1,0,Suburban,Midwest,0,0,Vehicle,2,120000,1200,1,202308,1.0188,23080809,0.8333333333333334,7.0909098220799835
7.986400000000001,2,1,1,0,Rural,Midwest,0,0,Other,2,130000,1100,1,202308,1.0188,23080810,0.9090909090909091,7.00397413672268
7.986400000000001,2,1,1,0,Rural,Midwest,0,0,Other,2,140000,1300,3,202308,1.0188,23080811,2.307692307692308,7.170888478512505
7.986400000000001,2,1,1,0,Rural,Midwest,0,0,Vehicle,2,130000,1200,1,202308,1.0188,23080812,0.8333333333333334,7.0909098220799835
7.986400000000001,2,1,1,0,Rural,Midwest,0,0,Other,2,130000,1200,3,202308,1.0188,23080813,2.5,7.0909098220799835
7.9789,2,2,9,0,,West,9,9,,2,300000,1700,3,202308,1.0188,23080814,1.7647058823529413,7.438971592395862
7.9789,1,2,9,0,,West,9,9,,2,120000,1100,3,202308,1.0188,23080815,2.7272727272727275,7.00397413672268
7.9789,2,2,9,0,,West,9,9,,2,150000,1200,3,202308,1.0188,23080816,2.5,7.0909098220799835
30.0607,1,2,9,0,,South,9,9,,2,240000,1300,3,202308,1.0188,23080817,2.307692307692308,7.170888478512505
30.0607,1,2,9,0,,South,9,9,,2,170000,1900,3,202308,1.0188,23080818,1.5789473684210527,7.550135342488429
30.0607,2,2,9,0,,South,9,9,,2,100000,1600,3,202308,1.0188,23080819,1.875,7.3783837129967145
30.0607,1,2,9,0,,South,9,9,,2,150000,2500,3,202308,1.0188,23080820,1.2,7.824445930877619
6.6417,1,2,9,0,,Northeast,9,9,,2,180000,1800,3,202308,1.0188,23080821,1.6666666666666667,7.496097345175956
7.986400000000001,1,2,9,0,,Midwest,9,9,,2,150000,1600,3,202308,1.0188,23080822,1.875,7.3783837129967145
30.0607,1,2,9,0,,South,9,9,,2,180000,2100,3,202308,1.0188,23080823,1.4285714285714286,7.650168700845001
7.986400000000001,1,2,9,0,,Midwest,9,9,,2,150000,1600,3,202308,1.0188,23080824,1.875,7.3783837129967145
30.0607,1,2,9,0,,South,9,9,,2,210000,2500,3,202308,1.0188,23080825,1.2,7.824445930877619
30.0607,1,2,9,0,,South,9,9,,2,170000,2000,3,202308,1.0188,23080826,1.5,7.601402334583733
30.0607,1,2,9,0,,South,9,9,,2,140000,1300,3,202308,1.0188,23080827,2.307692307692308,7.170888478512505
7.9789,1,2,9,0,,West,9,9,,2,220000,1300,3,202308,1.0188,23080828,2.307692307692308,7.170888478512505
30.0607,1,2,9,0,,South,9,9,,2,110000,2000,3,202308,1.0188,23080829,1.5,7.601402334583733
7.986400000000001,1,2,9,0,,Midwest,9,9,,2,140000,2000,3,202308,1.0188,23080830,1.5,7.601402334583733
30.0607,1,2,9,0,,South,9,9,,2,200000,2500,3,202308,1.0188,23080831,1.2,7.824445930877619
7.9789,1,2,9,0,,West,9,9,,2,92000,1800,3,202308,1.0188,23080832,1.6666666666666667,7.496097345175956
30.0607,1,2,9,0,,South,9,9,,2,170000,1600,3,202308,1.0188,23080833,1.875,7.3783837129967145
30.0607,1,2,9,0,,South,9,9,,2,78000,1600,3,202308,1.0188,23080834,1.875,7.3783837129967145
30.0607,1,2,9,0,,South,9,9,,2,140000,1600,3,202308,1.0188,23080835,1.875,7.3783837129967145
7.9789,1,2,9,0,,West,9,9,,2,160000,1700,3,202308,1.0188,23080836,1.7647058823529413,7.438971592395862
7.9789,1,2,9,0,,West,9,9,,2,140000,1300,3,202308,1.0188,23080837,2.307692307692308,7.170888478512505
7.9789,1,2,9,0,,West,9,9,,2,130000,1200,3,202308,1.0188,23080838,2.5,7.0909098220799835
7.9789,1,2,9,0,,West,9,9,,2,130000,1200,1,202308,1.0188,23080839,0.8333333333333334,7.0909098220799835
30.0607,1,2,9,0,,South,9,9,,2,150000,1600,3,202308,1.0188,23080840,1.875,7.3783837129967145
30.0607,1,2,9,0,,South,9,9,,2,130000,1700,3,202308,1.0188,23080841,1.7647058823529413,7.438971592395862
7.986400000000001,1,2,9,0,,Midwest,9,9,,2,130000,1200,1,202308,1.0188,23080842,0.8333333333333334,7.0909098220799835
7.9789,1,2,9,0,,West,9,9,,2,92000,1500,1,202308,1.0188,23080843,0.6666666666666666,7.313886831633462
7.9789,1,2,9,0,,West,9,9,,2,150000,1500,3,202308,1.0188,23080844,2.0,7.313886831633462
30.0607,1,2,9,0,,South,9,9,,2,160000,1700,3,202308,1.0188,23080845,1.7647058823529413,7.438971592395862
7.9789,1,2,9,0,,West,9,9,,2,190000,2300,3,202308,1.0188,23080846,1.3043478260869565,7.741099090035366
6.6417,2,2,9,0,,Northeast,9,9,,2,120000,1300,3,202308,1.0188,23080847,2.307692307692308,7.170888478512505
7.986400000000001,1,2,9,0,,Midwest,9,9,,2,130000,1600,3,202308,1.0188,23080848,1.875,7.3783837129967145
7.986400000000001,1,2,9,0,,Midwest,9,9,,2,140000,1600,3,202308,1.0188,23080849,1.875,7.3783837129967145
6.6417,2,2,9,0,,Northeast,9,9,,2,170000,1800,3,202308,1.0188,23080850,1.6666666666666667,7.496097345175956
6.6417,1,2,9,0,,Northeast,9,9,,2,110000,1500,3,202308,1.0188,23080851,2.0,7.313886831633462
7.986400000000001,1,2,9,0,,Midwest,9,9,,2,170000,1800,3,202308,1.0188,23080852,1.6666666666666667,7.496097345175956
30.0607,1,2,9,0,,South,9,9,,2,160000,1800,3,202308,1.0188,23080853,1.6666666666666667,7.496097345175956
7.9789,1,2,9,0,,West,9,9,,2,120000,1100,1,202308,1.0188,23080854,0.9090909090909091,7.00397413672268
30.0607,1,2,9,0,,South,9,9,,2,150000,2200,3,202308,1.0188,23080855,1.3636363636363638,7.696667081526462
30.0607,1,2,9,0,,South,9,9,,2,110000,1600,3,202308,1.0188,23080856,1.875,7.3783837129967145
7.986400000000001,1,2,9,0,,Midwest,9,9,,2,160000,1500,3,202308,1.0188,23080857,2.0,7.313886831633462
30.0607,1,2,9,0,,South,9,9,,2,180000,2100,3,202308,1.0188,23080858,1.4285714285714286,7.650168700845001
30.0607,1,2,9,0,,South,9,9,,2,160000,1800,3,202308,1.0188,23080859,1.6666666666666667,7.496097345175956
57.5786,2,1,4,0,Suburban,South,1,1,Land-Home,1,55000,980,3,202309,1.0155,23090001,3.061224489795918,6.8885724595653635
14.9474,2,1,5,0,Suburban,West,4,3,Land-Home,1,63000,840,1,202309,1.0155,23090002,1.1904761904761907,6.734591659972948
14.9474,2,1,3,0,Rural,West,3,1,Land-Home,1,120000,1200,1,202309,1.0155,23090003,0.8333333333333334,7.0909098220799835
14.9474,2,1,4,0,Rural,West,1,1,Land-Home,1,98000,860,3,202309,1.0155,23090004,3.488372093023256,6.7580945044277305
14.9474,1,1,5,0,Urban,West,3,3,Vehicle,1,160000,860,1,202309,1.0155,23090005,1.1627906976744187,6.7580945044277305
13.5273,2,1,3,0,Rural,West,1,1,Land-Home,1,57000,540,1,202309,1.0155,23090006,1.8518518518518519,6.293419278846481
57.5786,2,1,3,0,Rural,South,1,1,Land-Home,1,86000,900,1,202309,1.0155,23090007,1.1111111111111112,6.803505257608338
57.5786,2,1,3,0,Urban,South,1,1,Land-Home,1,63000,780,1,202309,1.0155,23090008,1.2820512820512822,6.660575149839686
57.5786,1,1,3,0,Urban,South,1,1,Land-Home,1,85000,960,1,202309,1.0155,23090009,1.0416666666666667,6.8679744089702925
57.5786,2,1,3,0,Rural,South,1,1,Land-Home,1,66000,840,1,202309,1.0155,23090010,1.1904761904761907,6.734591659972948
57.5786,2,1,4,0,Rural,South,1,1,Land-Home,1,59000,840,1,202309,1.0155,23090011,1.1904761904761907,6.734591659972948
57.5786,2,1,3,0,Rural,South,1,2,Land-Home,1,88000,1200,3,202309,1.0155,23090012,2.5,7.0909098220799835
57.5786,2,1,4,0,Rural,South,1,1,Land-Home,1,85000,780,1,202309,1.0155,23090013,1.2820512820512822,6.660575149839686
13.5273,1,1,3,0,Urban,Midwest,1,1,Vehicle,1,69000,970,3,202309,1.0155,23090014,3.092783505154639,6.878326468291325
13.5273,2,1,3,0,Suburban,Midwest,1,1,Land-Home,1,100000,1100,3,202309,1.0155,23090015,2.7272727272727275,7.00397413672268
13.5273,1,1,3,0,Urban,Midwest,1,1,Land-Home,1,120000,1300,3,202309,1.0155,23090016,2.307692307692308,7.170888478512505
13.5273,2,1,3,0,Urban,Midwest,1,1,Land-Home,1,63000,840,1,202309,1.0155,23090018,1.1904761904761907,6.734591659972948
13.5273,2,1,3,0,Urban,Midwest,1,1,Land-Home,1,99000,1200,3,202309,1.0155,23090019,2.5,7.0909098220799835
13.5273,2,1,3,0,Urban,Midwest,1,1,Land-Home,1,74000,1100,3,202309,1.0155,23090020,2.7272727272727275,7.00397413672268
57.5786,2,1,3,0,Suburban,South,1,2,Land-Home,1,71000,1300,3,202309,1.0155,23090021,2.307692307692308,7.170888478512505
57.5786,2,1,3,0,Rural,South,1,2,Land-Home,1,85000,1200,3,202309,1.0155,23090022,2.5,7.0909098220799835
57.5786,2,1,5,0,Suburban,South,1,1,Land-Home,1,61000,900,1,202309,1.0155,23090023,1.1111111111111112,6.803505257608338
13.5273,1,1,3,0,Urban,Midwest,1,1,Land-Home,1,100000,1100,3,202309,1.0155,23090024,2.7272727272727275,7.00397413672268
13.5273,2,1,3,0,Urban,Midwest,1,1,Land-Home,1,99000,1200,3,202309,1.0155,23090025,2.5,7.0909098220799835
13.5273,1,1,3,0,Urban,Midwest,1,1,Land-Home,1,92000,990,3,202309,1.0155,23090026,3.0303030303030303,6.898714534329988
13.5273,1,1,3,0,Urban,Midwest,1,1,Land-Home,1,100000,1100,3,202309,1.0155,23090027,2.7272727272727275,7.00397413672268
13.5273,1,1,3,0,Urban,Midwest,1,1,Land-Home,1,96000,1200,3,202309,1.0155,23090028,2.5,7.0909098220799835
13.5273,1,1,3,0,Urban,Midwest,1,1,Land-Home,1,64000,780,1,202309,1.0155,23090029,1.2820512820512822,6.660575149839686
13.5273,1,1,3,0,Urban,Midwest,1,1,Land-Home,1,63000,840,1,202309,1.0155,23090030,1.1904761904761907,6.734591659972948
13.5273,2,1,3,0,Urban,Midwest,1,1,Land-Home,1,53000,670,1,202309,1.0155,23090031,1.492537313432836,6.508769136971682
13.5273,2,1,3,0,Urban,Midwest,1,1,Land-Home,1,53000,920,1,202309,1.0155,23090032,1.0869565217391304,6.825460036255307
13.5273,1,1,3,0,Urban,Midwest,1,1,Land-Home,1,80000,1200,3,202309,1.0155,23090033,2.5,7.0909098220799835
13.5273,2,1,3,0,Urban,Midwest,1,1,Land-Home,1,99000,1200,3,202309,1.0155,23090034,2.5,7.0909098220799835
57.5786,2,1,3,0,Rural,South,1,1,Land-Home,1,47200,1100,3,202309,1.0155,23090035,2.7272727272727275,7.00397413672268
13.5273,2,1,3,0,Rural,Midwest,1,1,Land-Home,1,88000,960,1,202309,1.0155,23090036,1.0416666666666667,6.8679744089702925
14.9474,1,1,4,0,Rural,West,1,1,Other,1,100000,1100,3,202309,1.0155,23090037,2.7272727272727275,7.00397413672268
14.9474,2,1,3,0,Suburban,West,1,1,Land-Home,1,99000,1100,3,202309,1.0155,23090038,2.7272727272727275,7.00397413672268
14.9474,2,1,3,0,Suburban,West,1,1,Land-Home,1,81000,840,1,202309,1.0155,23090039,1.1904761904761907,6.734591659972948
13.5273,2,1,3,0,Rural,Midwest,1,1,Land-Home,1,90000,1100,1,202309,1.0155,23090040,0.9090909090909091,7.00397413672268
13.5273,1,1,3,0,Rural,Midwest,1,1,Land-Home,1,75000,960,1,202309,1.0155,23090041,1.0416666666666667,6.8679744089702925
14.9474,2,1,3,0,Suburban,West,3,1,Other,1,81000,840,1,202309,1.0155,23090042,1.1904761904761907,6.734591659972948
14.9474,2,1,5,0,Suburban,West,1,1,Land-Home,1,110000,1200,1,202309,1.0155,23090043,0.8333333333333334,7.0909098220799835
14.9474,2,1,3,0,Suburban,West,1,1,Land-Home,1,70000,1100,3,202309,1.0155,23090044,2.7272727272727275,7.00397413672268
14.9474,2,1,5,0,Suburban,West,1,1,Land-Home,1,85000,900,1,202309,1.0155,23090045,1.1111111111111112,6.803505257608338
14.9474,2,1,3,0,Urban,West,1,1,Land-Home,1,78000,840,1,202309,1.0155,23090046,1.1904761904761907,6.734591659972948
14.9474,2,1,3,0,Urban,West,1,1,Land-Home,1,85000,900,1,202309,1.0155,23090047,1.1111111111111112,6.803505257608338
10.933300000000001,2,1,3,0,Urban,Northeast,1,1,Vehicle,1,78000,740,1,202309,1.0155,23090048,1.3513513513513513,6.608000625296087
10.933300000000001,2,1,3,0,Urban,Northeast,1,1,Land-Home,1,83000,840,1,202309,1.0155,23090049,1.1904761904761907,6.734591659972948
57.5786,2,1,3,0,Suburban,South,1,1,Land-Home,1,71000,920,3,202309,1.0155,23090050,3.260869565217391,6.825460036255307
13.5273,2,1,5,0,Suburban,Midwest,1,2,Land-Home,1,69000,840,1,202309,1.0155,23090052,1.1904761904761907,6.734591659972948
13.5273,2,1,3,0,Rural,Midwest,1,1,Land-Home,1,95000,840,1,202309,1.0155,23090053,1.1904761904761907,6.734591659972948
10.933300000000001,2,1,3,0,Rural,Midwest,1,1,Land-Home,1,97000,1100,3,202309,1.0155,23090054,2.7272727272727275,7.00397413672268
57.5786,2,1,3,0,Suburban,South,1,1,Land-Home,1,70000,900,1,202309,1.0155,23090055,1.1111111111111112,6.803505257608338
14.9474,2,1,5,0,Suburban,West,4,1,Vehicle,1,89000,780,1,202309,1.0155,23090056,1.2820512820512822,6.660575149839686
10.933300000000001,2,1,3,0,Urban,Northeast,1,1,Land-Home,1,94000,1100,3,202309,1.0155,23090057,2.7272727272727275,7.00397413672268
10.933300000000001,2,1,3,0,Urban,Northeast,1,1,Land-Home,1,68000,590,1,202309,1.0155,23090059,1.694915254237288,6.3818160174060985
10.933300000000001,2,1,3,0,Urban,Northeast,1,1,Land-Home,1,78000,740,1,202309,1.0155,23090060,1.3513513513513513,6.608000625296087
10.933300000000001,2,1,3,0,Urban,Northeast,1,1,Land-Home,1,80000,780,1,202309,1.0155,23090061,1.2820512820512822,6.660575149839686
10.933300000000001,2,1,3,0,Urban,Northeast,1,1,Land-Home,1,78000,590,1,202309,1.0155,23090062,1.694915254237288,6.3818160174060985
10.933300000000001,2,1,3,0,Urban,Northeast,1,1,Land-Home,1,85000,840,1,202309,1.0155,23090064,1.1904761904761907,6.734591659972948
57.5786,2,1,4,0,Rural,South,1,2,Land-Home,1,100000,920,3,202309,1.0155,23090065,3.260869565217391,6.825460036255307
57.5786,1,1,3,0,Rural,South,1,1,Vehicle,1,91000,1300,3,202309,1.0155,23090066,2.307692307692308,7.170888478512505
57.5786,2,1,3,0,Suburban,South,1,3,Vehicle,1,83000,800,1,202309,1.0155,23090067,1.25,6.68586094706836
57.5786,2,1,5,0,Suburban,South,1,1,Land-Home,1,98000,1200,3,202309,1.0155,23090068,2.5,7.0909098220799835
57.5786,2,1,3,0,Rural,South,1,1,Land-Home,1,64000,800,1,202309,1.0155,23090069,1.25,6.68586094706836
57.5786,2,1,4,0,Rural,South,1,3,Land-Home,1,90000,1200,3,202309,1.0155,23090070,2.5,7.0909098220799835
57.5786,2,1,3,0,Rural,South,1,2,Land-Home,1,47200,900,1,202309,1.0155,23090071,1.1111111111111112,6.803505257608338
57.5786,2,1,3,0,Suburban,South,1,1,Vehicle,1,100000,1200,3,202309,1.0155,23090072,2.5,7.0909098220799835
13.5273,2,1,5,0,Rural,Midwest,1,3,Vehicle,1,53000,780,1,202309,1.0155,23090073,1.2820512820512822,6.660575149839686
10.933300000000001,2,1,1,0,Rural,Northeast,0,0,Vehicle,1,96000,1200,3,202309,1.0155,23090074,2.5,7.0909098220799835
10.933300000000001,2,1,1,0,Urban,Northeast,0,0,Land-Home,1,67000,780,1,202309,1.0155,23090076,1.2820512820512822,6.660575149839686
10.933300000000001,2,1,1,0,Rural,Northeast,0,0,Land-Home,1,80000,1100,3,202309,1.0155,23090077,2.7272727272727275,7.00397413672268
10.933300000000001,2,1,1,0,Urban,Northeast,0,0,Vehicle,1,100000,1200,3,202309,1.0155,23090078,2.5,7.0909098220799835
10.933300000000001,2,1,1,0,Rural,Northeast,0,0,Vehicle,1,100000,1200,3,202309,1.0155,23090079,2.5,7.0909098220799835
10.933300000000001,2,1,1,0,Rural,Northeast,0,0,Vehicle,1,80000,980,1,202309,1.0155,23090080,1.0204081632653061,6.8885724595653635
10.933300000000001,2,1,1,0,Urban,Northeast,0,0,Land-Home,1,110000,900,1,202309,1.0155,23090081,1.1111111111111112,6.803505257608338
10.933300000000001,1,1,1,0,Urban,Northeast,0,0,Vehicle,1,90000,980,1,202309,1.0155,23090082,1.0204081632653061,6.8885724595653635
14.9474,2,1,2,0,Rural,West,0,0,Land-Home,1,57000,540,1,202309,1.0155,23090083,1.8518518518518519,6.293419278846481
13.5273,2,1,2,0,Urban,Midwest,0,0,Land-Home,1,84000,1100,3,202309,1.0155,23090084,2.7272727272727275,7.00397413672268
13.5273,2,1,1,0,Urban,Midwest,0,0,Land-Home,1,84000,1100,3,202309,1.0155,23090085,2.7272727272727275,7.00397413672268
13.5273,1,1,1,0,Suburban,Midwest,0,0,Land-Home,1,80000,1100,3,202309,1.0155,23090086,2.7272727272727275,7.00397413672268
13.5273,1,1,1,0,Urban,Midwest,0,0,Vehicle,1,81000,1000,1,202309,1.0155,23090087,1.0,6.90875477931522
13.5273,2,1,1,0,Urban,Midwest,0,0,Vehicle,1,92000,1100,3,202309,1.0155,23090088,2.7272727272727275,7.00397413672268
13.5273,1,1,1,0,Urban,Midwest,0,0,Vehicle,1,84000,1100,3,202309,1.0155,23090089,2.7272727272727275,7.00397413672268
14.9474,2,1,2,0,Suburban,West,0,0,Land-Home,1,110000,1300,3,202309,1.0155,23090091,2.307692307692308,7.170888478512505
10.933300000000001,1,1,1,0,Urban,Northeast,0,0,Land-Home,1,76000,710,1,202309,1.0155,23090092,1.4084507042253522,6.566672429803241
10.933300000000001,2,1,1,0,Rural,Northeast,0,0,Land-Home,1,73000,1100,3,202309,1.0155,23090093,2.7272727272727275,7.00397413672268
57.5786,2,1,1,0,Rural,South,0,0,Vehicle,1,120000,1200,3,202309,1.0155,23090095,2.5,7.0909098220799835
14.9474,2,1,1,0,Rural,West,0,0,Land-Home,1,110000,720,1,202309,1.0155,23090096,1.3888888888888888,6.580639137284949
10.933300000000001,1,1,1,0,Urban,Northeast,0,0,Land-Home,1,110000,710,1,202309,1.0155,23090097,1.4084507042253522,6.566672429803241
57.5786,2,1,1,0,Rural,South,0,0,Land-Home,1,80000,1100,3,202309,1.0155,23090098,2.7272727272727275,7.00397413672268
13.5273,2,1,1,0,Rural,Midwest,0,0,Land-Home,1,87000,1300,3,202309,1.0155,23090099,2.307692307692308,7.170888478512505
13.5273,2,1,1,0,Urban,Midwest,0,0,Land-Home,1,98000,1200,3,202309,1.0155,23090100,2.5,7.0909098220799835
13.5273,2,1,1,0,Rural,Midwest,0,0,Land-Home,1,84000,1100,3,202309,1.0155,23090101,2.7272727272727275,7.00397413672268
57.5786,1,2,9,0,,South,9,9,,1,68000,780,1,202309,1.0155,23090102,1.2820512820512822,6.660575149839686
13.5273,1,2,9,0,,Midwest,9,9,,1,71000,920,1,202309,1.0155,23090103,1.0869565217391304,6.825460036255307
14.9474,1,2,9,0,,West,9,9,,1,77000,780,1,202309,1.0155,23090104,1.2820512820512822,6.660575149839686
14.9474,1,2,9,0,,West,9,9,,1,81000,840,1,202309,1.0155,23090105,1.1904761904761907,6.734591659972948
13.5273,1,2,9,0,,Midwest,9,9,,1,75000,900,1,202309,1.0155,23090106,1.1111111111111112,6.803505257608338
13.5273,1,2,9,0,,Midwest,9,9,,1,95000,1200,3,202309,1.0155,23090107,2.5,7.0909098220799835
57.5786,1,2,9,0,,South,9,9,,1,79000,1100,3,202309,1.0155,23090108,2.7272727272727275,7.00397413672268
57.5786,1,2,9,0,,South,9,9,,1,94000,1200,3,202309,1.0155,23090109,2.5,7.0909098220799835
57.5786,1,2,9,0,,South,9,9,,1,55000,1300,3,202309,1.0155,23090110,2.307692307692308,7.170888478512505
57.5786,2,2,9,0,,South,9,9,,1,88000,1200,3,202309,1.0155,23090111,2.5,7.0909098220799835
57.5786,2,2,9,0,,South,9,9,,1,88000,1200,3,202309,1.0155,23090113,2.5,7.0909098220799835
57.5786,1,2,9,0,,South,9,9,,1,83000,960,1,202309,1.0155,23090114,1.0416666666666667,6.8679744089702925
57.5786,1,2,9,0,,South,9,9,,1,67000,920,3,202309,1.0155,23090115,3.260869565217391,6.825460036255307
57.5786,2,2,9,0,,South,9,9,,1,73000,1200,3,202309,1.0155,23090116,2.5,7.0909098220799835
14.9474,1,2,9,0,,West,9,9,,1,70000,1300,3,202309,1.0155,23090117,2.307692307692308,7.170888478512505
13.5273,1,2,9,0,,Midwest,9,9,,1,84000,1100,3,202309,1.0155,23090118,2.7272727272727275,7.00397413672268
57.5786,1,2,9,0,,South,9,9,,1,70000,900,1,202309,1.0155,23090119,1.1111111111111112,6.803505257608338
14.9474,1,2,9,0,,West,9,9,,1,73000,720,1,202309,1.0155,23090120,1.3888888888888888,6.580639137284949
13.5273,1,2,9,0,,Midwest,9,9,,1,90000,1100,1,202309,1.0155,23090121,0.9090909090909091,7.00397413672268
14.9474,1,2,9,0,,West,9,9,,1,120000,1100,3,202309,1.0155,23090122,2.7272727272727275,7.00397413672268
13.5273,1,2,9,0,,Midwest,9,9,,1,96000,1200,3,202309,1.0155,23090123,2.5,7.0909098220799835
13.5273,1,2,9,0,,Midwest,9,9,,1,99000,1200,3,202309,1.0155,23090124,2.5,7.0909098220799835
13.5273,1,2,9,0,,Midwest,9,9,,1,68000,670,1,202309,1.0155,23090125,1.492537313432836,6.508769136971682
13.5273,1,2,9,0,,Midwest,9,9,,1,72000,1200,3,202309,1.0155,23090126,2.5,7.0909098220799835
13.5273,1,2,9,0,,Midwest,9,9,,1,81000,1200,3,202309,1.0155,23090127,2.5,7.0909098220799835
57.5786,1,2,9,0,,South,9,9,,1,88000,1200,3,202309,1.0155,23090128,2.5,7.0909098220799835
57.5786,2,2,9,0,,South,9,9,,1,83000,1200,3,202309,1.0155,23090129,2.5,7.0909098220799835
57.5786,1,2,9,0,,South,9,9,,1,95000,1200,3,202309,1.0155,23090130,2.5,7.0909098220799835
28.7893,2,1,5,0,Rural,South,1,1,Land-Home,2,210000,2500,3,202309,1.0286,23090374,1.2,7.824445930877619
28.7893,2,1,3,0,Suburban,South,1,1,Land-Home,2,140000,1700,3,202309,1.0286,23090375,1.7647058823529413,7.438971592395862
28.7893,2,1,5,0,Suburban,South,1,1,Land-Home,2,160000,2200,3,202309,1.0286,23090376,1.3636363636363638,7.696667081526462
7.4737,2,1,3,0,Rural,West,1,1,Land-Home,2,180000,1400,3,202309,1.0286,23090377,2.142857142857143,7.244941546337007
7.4737,2,1,3,0,Rural,West,1,1,Vehicle,2,160000,1200,3,202309,1.0286,23090378,2.5,7.0909098220799835
7.4737,1,1,3,0,Rural,West,1,1,Land-Home,2,180000,1500,3,202309,1.0286,23090379,2.0,7.313886831633462
7.4737,2,1,3,0,Rural,West,1,1,Vehicle,2,190000,1600,3,202309,1.0286,23090380,1.875,7.3783837129967145
7.4737,2,1,3,0,Suburban,West,1,1,Land-Home,2,170000,1600,3,202309,1.0286,23090381,1.875,7.3783837129967145
7.4737,2,1,5,0,Rural,West,1,1,Land-Home,2,160000,1100,3,202309,1.0286,23090382,2.7272727272727275,7.00397413672268
7.4737,2,1,3,0,Suburban,West,1,1,Vehicle,2,150000,1100,3,202309,1.0286,23090383,2.7272727272727275,7.00397413672268
4.9825,2,1,3,0,Rural,,1,1,Vehicle,3,380000,2400,3,202309,1.0286,23090384,1.25,7.783640596221253
7.4737,2,1,3,0,Rural,West,1,1,Land-Home,2,170000,1100,1,202309,1.0286,23090385,0.9090909090909091,7.00397413672268
7.4737,1,1,3,0,Urban,West,1,1,Land-Home,2,180000,880,1,202309,1.0286,23090386,1.1363636363636362,6.78105762593618
7.4737,2,1,5,0,Suburban,West,4,3,Land-Home,2,220000,2000,3,202309,1.0286,23090387,1.5,7.601402334583733
7.4737,2,1,5,0,Suburban,West,4,3,Land-Home,2,92000,1300,3,202309,1.0286,23090388,2.307692307692308,7.170888478512505
7.4737,2,1,4,0,Urban,West,3,1,Land-Home,2,220000,2000,3,202309,1.0286,23090389,1.5,7.601402334583733
7.4737,2,1,3,0,Rural,West,3,1,Land-Home,2,190000,1500,3,202309,1.0286,23090390,2.0,7.313886831633462
7.4737,2,1,3,0,Rural,West,3,1,Land-Home,2,190000,1600,3,202309,1.0286,23090391,1.875,7.3783837129967145
7.4737,2,1,3,0,Rural,West,3,1,Land-Home,2,190000,1600,3,202309,1.0286,23090392,1.875,7.3783837129967145
28.7893,2,1,4,0,Rural,South,1,1,Land-Home,2,92000,1300,3,202309,1.0286,23090393,2.307692307692308,7.170888478512505
28.7893,2,1,3,0,Rural,South,1,2,Land-Home,2,190000,2100,3,202309,1.0286,23090394,1.4285714285714286,7.650168700845001
28.7893,2,1,3,0,Rural,South,1,1,Land-Home,2,240000,2500,3,202309,1.0286,23090395,1.2,7.824445930877619
7.4737,2,1,4,0,Rural,West,3,2,Vehicle,2,220000,1700,3,202309,1.0286,23090396,1.7647058823529413,7.438971592395862
7.4737,2,1,3,0,Urban,West,3,1,Land-Home,2,170000,1300,1,202309,1.0286,23090397,0.7692307692307693,7.170888478512505
7.4737,2,1,5,0,Urban,West,3,1,Land-Home,2,140000,880,1,202309,1.0286,23090398,1.1363636363636362,6.78105762593618
7.4737,1,1,3,0,Urban,West,3,1,Land-Home,2,170000,1300,3,202309,1.0286,23090399,2.307692307692308,7.170888478512505
7.4737,2,1,4,0,Urban,West,3,1,Land-Home,2,230000,1400,3,202309,1.0286,23090400,2.142857142857143,7.244941546337007
7.4737,2,1,3,0,Rural,West,1,1,Land-Home,2,130000,2300,3,202309,1.0286,23090402,1.3043478260869565,7.741099090035366
7.4737,1,1,3,0,Urban,West,1,1,Vehicle,2,92000,1200,3,202309,1.0286,23090403,2.5,7.0909098220799835
5.4667,2,1,3,0,Rural,Northeast,1,1,Land-Home,2,120000,1200,3,202309,1.0286,23090404,2.5,7.0909098220799835
28.7893,2,1,4,0,Urban,South,1,1,Vehicle,2,130000,1500,3,202309,1.0286,23090406,2.0,7.313886831633462
28.7893,2,1,5,0,Urban,South,1,1,Other,2,100000,1100,1,202309,1.0286,23090407,0.9090909090909091,7.00397413672268
28.7893,1,1,4,0,Urban,South,1,1,Land-Home,2,210000,1100,1,202309,1.0286,23090408,0.9090909090909091,7.00397413672268
28.7893,2,1,3,0,Rural,South,1,2,Land-Home,2,110000,1100,1,202309,1.0286,23090409,0.9090909090909091,7.00397413672268
28.7893,2,1,3,0,Urban,South,1,1,Land-Home,2,110000,1100,3,202309,1.0286,23090410,2.7272727272727275,7.00397413672268
28.7893,2,1,3,0,Urban,South,1,1,Land-Home,2,110000,1400,3,202309,1.0286,23090411,2.142857142857143,7.244941546337007
28.7893,2,1,3,0,Rural,South,1,1,Land-Home,2,100000,1100,3,202309,1.0286,23090412,2.7272727272727275,7.00397413672268
6.7636,2,1,3,0,Suburban,Midwest,1,1,Land-Home,2,200000,2000,3,202309,1.0286,23090413,1.5,7.601402334583733
6.7636,2,1,3,0,Rural,Midwest,1,1,Land-Home,2,86000,1100,1,202309,1.0286,23090414,0.9090909090909091,7.00397413672268
6.7636,2,1,5,0,Rural,Midwest,1,1,Land-Home,2,120000,1700,3,202309,1.0286,23090415,1.7647058823529413,7.438971592395862
6.7636,2,1,3,0,Rural,Midwest,1,1,Land-Home,2,170000,1500,3,202309,1.0286,23090416,2.0,7.313886831633462
6.7636,1,1,3,0,Urban,Midwest,1,1,Land-Home,2,140000,1600,3,202309,1.0286,23090417,1.875,7.3783837129967145
6.7636,2,1,3,0,Rural,Midwest,1,1,Vehicle,2,180000,1900,3,202309,1.0286,23090418,1.5789473684210527,7.550135342488429
6.7636,2,1,3,0,Urban,Midwest,1,1,Land-Home,2,210000,2200,3,202309,1.0286,23090419,1.3636363636363638,7.696667081526462
6.7636,2,1,3,0,Rural,Midwest,1,1,Land-Home,2,150000,1600,3,202309,1.0286,23090420,1.875,7.3783837129967145
28.7893,2,1,3,0,Suburban,South,1,1,Land-Home,2,180000,2100,3,202309,1.0286,23090421,1.4285714285714286,7.650168700845001
28.7893,2,1,3,0,Rural,South,1,1,Land-Home,2,170000,2300,3,202309,1.0286,23090422,1.3043478260869565,7.741099090035366
28.7893,2,1,3,0,Rural,South,1,1,Land-Home,2,150000,2100,3,202309,1.0286,23090423,1.4285714285714286,7.650168700845001
28.7893,2,1,3,0,Rural,South,1,1,Land-Home,2,170000,2200,3,202309,1.0286,23090424,1.3636363636363638,7.696667081526462
28.7893,2,1,3,0,Rural,South,1,1,Land-Home,2,130000,1600,3,202309,1.0286,23090425,1.875,7.3783837129967145
28.7893,2,1,3,0,Rural,South,1,1,Land-Home,2,170000,2300,3,202309,1.0286,23090426,1.3043478260869565,7.741099090035366
6.7636,1,1,4,0,Urban,Midwest,1,1,Land-Home,2,130000,1300,3,202309,1.0286,23090427,2.307692307692308,7.170888478512505
6.7636,1,1,3,0,Urban,Midwest,1,1,Land-Home,2,200000,2100,3,202309,1.0286,23090428,1.4285714285714286,7.650168700845001
6.7636,1,1,4,0,Urban,Midwest,1,1,Land-Home,2,260000,1600,3,202309,1.0286,23090429,1.875,7.3783837129967145
6.7636,1,1,3,0,Urban,Midwest,1,3,Other,2,140000,1500,3,202309,1.0286,23090430,2.0,7.313886831633462
6.7636,1,1,3,0,Urban,Midwest,3,1,Vehicle,2,86000,1300,3,202309,1.0286,23090431,2.307692307692308,7.170888478512505
6.7636,2,1,3,0,Urban,Midwest,1,1,Land-Home,2,100000,1500,3,202309,1.0286,23090432,2.0,7.313886831633462
6.7636,1,1,3,0,Urban,Midwest,1,1,Vehicle,2,140000,1500,3,202309,1.0286,23090433,2.0,7.313886831633462
6.7636,1,1,4,0,Urban,Midwest,1,1,Land-Home,2,260000,1800,3,202309,1.0286,23090434,1.6666666666666667,7.496097345175956
6.7636,1,1,3,0,Urban,Midwest,3,1,Land-Home,2,180000,2100,3,202309,1.0286,23090435,1.4285714285714286,7.650168700845001
6.7636,1,1,3,0,Urban,Midwest,1,1,Land-Home,2,120000,1400,3,202309,1.0286,23090436,2.142857142857143,7.244941546337007
6.7636,1,1,3,0,Urban,Midwest,1,1,Land-Home,2,130000,1300,3,202309,1.0286,23090438,2.307692307692308,7.170888478512505
6.7636,2,1,3,0,Suburban,Midwest,1,1,Vehicle,2,130000,1700,3,202309,1.0286,23090439,1.7647058823529413,7.438971592395862
6.7636,2,1,3,0,Urban,Midwest,1,1,Land-Home,2,160000,1700,3,202309,1.0286,23090440,1.7647058823529413,7.438971592395862
6.7636,1,1,3,0,Urban,Midwest,1,1,Land-Home,2,260000,1100,1,202309,1.0286,23090441,0.9090909090909091,7.00397413672268
6.7636,1,1,3,0,Urban,Midwest,1,1,Land-Home,2,140000,1500,3,202309,1.0286,23090442,2.0,7.313886831633462
6.7636,1,1,3,0,Urban,Midwest,1,1,Land-Home,2,140000,1400,3,202309,1.0286,23090443,2.142857142857143,7.244941546337007
6.7636,2,1,3,0,Urban,Midwest,1,1,Land-Home,2,86000,1100,1,202309,1.0286,23090444,0.9090909090909091,7.00397413672268
6.7636,1,1,3,0,Urban,Midwest,1,1,Land-Home,2,130000,1500,3,202309,1.0286,23090445,2.0,7.313886831633462
6.7636,1,1,3,0,Urban,Midwest,3,1,Land-Home,2,140000,1600,3,202309,1.0286,23090446,1.875,7.3783837129967145
28.7893,2,1,3,0,Suburban,South,1,1,Vehicle,2,240000,2500,3,202309,1.0286,23090447,1.2,7.824445930877619
28.7893,2,1,3,0,Rural,South,1,1,Land-Home,2,78000,1800,3,202309,1.0286,23090448,1.6666666666666667,7.496097345175956
6.7636,2,1,3,0,Rural,Midwest,1,1,Land-Home,2,110000,1600,3,202309,1.0286,23090449,1.875,7.3783837129967145
6.7636,1,1,3,0,Rural,Midwest,1,1,Land-Home,2,150000,1600,3,202309,1.0286,23090450,1.875,7.3783837129967145
6.7636,2,1,3,0,Rural,Midwest,1,1,Land-Home,2,130000,1300,3,202309,1.0286,23090451,2.307692307692308,7.170888478512505
6.7636,2,1,3,0,Rural,Midwest,1,1,Vehicle,2,140000,1500,3,202309,1.0286,23090452,2.0,7.313886831633462
7.4737,1,1,3,0,Urban,West,1,1,Land-Home,2,190000,1600,3,202309,1.0286,23090453,1.875,7.3783837129967145
6.7636,1,1,3,0,Rural,Midwest,1,1,Vehicle,2,170000,1700,3,202309,1.0286,23090454,1.7647058823529413,7.438971592395862
7.4737,2,1,5,0,Suburban,Midwest,4,3,Land-Home,2,260000,2200,3,202309,1.0286,23090455,1.3636363636363638,7.696667081526462
7.4737,1,1,5,0,Rural,West,3,1,Land-Home,2,190000,1600,1,202309,1.0286,23090456,0.625,7.3783837129967145
7.4737,1,1,5,0,Suburban,West,3,1,Land-Home,2,140000,880,1,202309,1.0286,23090457,1.1363636363636362,6.78105762593618
7.4737,2,1,5,0,Suburban,West,3,1,Land-Home,2,230000,2100,3,202309,1.0286,23090458,1.4285714285714286,7.650168700845001
7.4737,2,1,3,0,Suburban,West,1,1,Land-Home,2,190000,1600,3,202309,1.0286,23090459,1.875,7.3783837129967145
7.4737,2,1,3,0,Rural,West,1,1,Land-Home,2,180000,2100,3,202309,1.0286,23090460,1.4285714285714286,7.650168700845001
7.4737,2,1,5,0,Urban,West,1,1,Vehicle,2,140000,1400,1,202309,1.0286,23090461,0.7142857142857143,7.244941546337007
7.4737,2,1,3,0,Suburban,West,1,1,Land-Home,2,120000,1100,3,202309,1.0286,23090462,2.7272727272727275,7.00397413672268
7.4737,2,1,3,0,Suburban,West,1,1,Land-Home,2,220000,2000,3,202309,1.0286,23090463,1.5,7.601402334583733
7.4737,2,1,4,0,Rural,West,1,1,Land-Home,2,150000,1500,3,202309,1.0286,23090464,2.0,7.313886831633462
5.4667,2,1,3,0,Urban,Northeast,1,1,Land-Home,2,180000,1700,1,202309,1.0286,23090465,0.588235294117647,7.438971592395862
5.4667,2,1,3,0,Urban,Northeast,1,1,Land-Home,2,130000,1500,3,202309,1.0286,23090466,2.0,7.313886831633462
5.4667,2,1,3,0,Rural,Northeast,1,1,Land-Home,2,170000,1800,3,202309,1.0286,23090467,1.6666666666666667,7.496097345175956
28.7893,2,1,3,0,Rural,South,1,1,Land-Home,2,130000,1600,3,202309,1.0286,23090468,1.875,7.3783837129967145
28.7893,2,1,3,0,Suburban,South,1,1,Vehicle,2,180000,2500,3,202309,1.0286,23090469,1.2,7.824445930877619
28.7893,2,1,3,0,Suburban,South,1,1,Land-Home,2,160000,2100,3,202309,1.0286,23090470,1.4285714285714286,7.650168700845001
28.7893,2,1,3,0,Suburban,South,1,1,Land-Home,2,180000,1900,3,202309,1.0286,23090471,1.5789473684210527,7.550135342488429
28.7893,2,1,3,0,Suburban,South,1,1,Vehicle,2,140000,2100,3,202309,1.0286,23090472,1.4285714285714286,7.650168700845001
28.7893,2,1,3,0,Rural,South,1,1,Land-Home,2,180000,2500,3,202309,1.0286,23090473,1.2,7.824445930877619
6.7636,2,1,3,0,Urban,Midwest,1,1,Other,2,130000,1400,3,202309,1.0286,23090474,2.142857142857143,7.244941546337007
6.7636,2,1,3,0,Urban,Midwest,1,1,Vehicle,2,160000,1700,3,202309,1.0286,23090475,1.7647058823529413,7.438971592395862
6.7636,2,1,3,0,Rural,Midwest,1,1,Land-Home,2,110000,1500,3,202309,1.0286,23090476,2.0,7.313886831633462
6.7636,2,1,3,0,Urban,Midwest,1,1,Land-Home,2,170000,1800,3,202309,1.0286,23090477,1.6666666666666667,7.496097345175956
6.7636,2,1,3,0,Rural,Midwest,1,1,Land-Home,2,130000,1700,3,202309,1.0286,23090478,1.7647058823529413,7.438971592395862
28.7893,2,1,3,0,Suburban,South,1,1,Land-Home,2,140000,1700,3,202309,1.0286,23090479,1.7647058823529413,7.438971592395862
28.7893,2,1,3,0,Suburban,South,1,1,Vehicle,2,140000,2100,3,202309,1.0286,23090480,1.4285714285714286,7.650168700845001
7.4737,2,1,3,0,Suburban,West,1,1,Land-Home,2,170000,1300,3,202309,1.0286,23090481,2.307692307692308,7.170888478512505
7.4737,2,1,4,0,Suburban,West,1,1,Land-Home,2,170000,1300,3,202309,1.0286,23090482,2.307692307692308,7.170888478512505
7.4737,2,1,5,0,Suburban,West,4,1,Land-Home,2,170000,1300,1,202309,1.0286,23090483,0.7692307692307693,7.170888478512505
5.4667,2,1,3,0,Rural,Northeast,1,1,Land-Home,2,120000,1200,3,202309,1.0286,23090484,2.5,7.0909098220799835
5.4667,2,1,3,0,Urban,Northeast,1,1,Land-Home,2,190000,1800,3,202309,1.0286,23090485,1.6666666666666667,7.496097345175956
5.4667,2,1,5,0,Rural,Northeast,4,2,Vehicle,2,190000,1700,1,202309,1.0286,23090486,0.588235294117647,7.438971592395862
28.7893,2,1,4,0,Rural,Northeast,1,1,Land-Home,2,160000,1500,1,202309,1.0286,23090487,0.6666666666666666,7.313886831633462
5.4667,1,1,3,0,Urban,Northeast,1,1,Land-Home,2,180000,2000,3,202309,1.0286,23090488,1.5,7.601402334583733
5.4667,2,1,3,0,Urban,Northeast,1,1,Land-Home,2,190000,1700,3,202309,1.0286,23090489,1.7647058823529413,7.438971592395862
5.4667,2,1,3,0,Suburban,Northeast,1,1,Land-Home,2,130000,1600,3,202309,1.0286,23090490,1.875,7.3783837129967145
5.4667,2,1,3,0,Suburban,Northeast,1,1,Land-Home,2,220000,2000,3,202309,1.0286,23090491,1.5,7.601402334583733
28.7893,2,1,3,0,Rural,South,1,1,Land-Home,2,240000,2500,3,202309,1.0286,23090492,1.2,7.824445930877619
28.7893,2,1,4,0,Rural,South,1,1,Land-Home,2,100000,1100,3,202309,1.0286,23090493,2.7272727272727275,7.00397413672268
28.7893,2,1,4,0,Suburban,South,1,3,Land-Home,2,140000,2100,3,202309,1.0286,23090494,1.4285714285714286,7.650168700845001
28.7893,2,1,4,0,Rural,South,1,1,Land-Home,2,150000,1900,3,202309,1.0286,23090495,1.5789473684210527,7.550135342488429
28.7893,1,1,3,0,Rural,South,1,1,Land-Home,2,130000,1600,3,202309,1.0286,23090496,1.875,7.3783837129967145
28.7893,2,1,4,0,Rural,South,1,1,Land-Home,2,140000,1800,3,202309,1.0286,23090497,1.6666666666666667,7.496097345175956
28.7893,2,1,4,0,Rural,South,1,2,Land-Home,2,110000,1100,1,202309,1.0286,23090498,0.9090909090909091,7.00397413672268
28.7893,2,1,3,0,Suburban,South,1,1,Land-Home,2,150000,2100,3,202309,1.0286,23090499,1.4285714285714286,7.650168700845001
28.7893,2,1,3,0,Rural,South,1,1,Land-Home,2,78000,1700,3,202309,1.0286,23090500,1.7647058823529413,7.438971592395862
28.7893,2,1,3,0,Rural,South,1,1,Land-Home,2,110000,1500,3,202309,1.0286,23090501,2.0,7.313886831633462
28.7893,2,1,5,0,Rural,South,1,1,Land-Home,2,130000,1600,3,202309,1.0286,23090502,1.875,7.3783837129967145
28.7893,2,1,3,0,Rural,South,1,1,Land-Home,2,180000,2100,3,202309,1.0286,23090503,1.4285714285714286,7.650168700845001
28.7893,2,1,3,0,Rural,South,1,1,Land-Home,2,94000,1100,3,202309,1.0286,23090504,2.7272727272727275,7.00397413672268
28.7893,2,1,5,0,Suburban,South,4,3,Vehicle,2,100000,1300,3,202309,1.0286,23090505,2.307692307692308,7.170888478512505
28.7893,2,1,3,0,Rural,South,1,1,Land-Home,2,180000,2500,3,202309,1.0286,23090506,1.2,7.824445930877619
28.7893,2,1,3,0,Rural,South,1,1,Land-Home,2,200000,2000,3,202309,1.0286,23090507,1.5,7.601402334583733
28.7893,2,1,3,0,Rural,South,1,1,Land-Home,2,150000,1600,3,202309,1.0286,23090508,1.875,7.3783837129967145
28.7893,2,1,3,0,Rural,South,1,1,Land-Home,2,150000,1300,3,202309,1.0286,23090509,2.307692307692308,7.170888478512505
28.7893,2,1,3,0,Rural,South,1,1,Land-Home,2,160000,2200,3,202309,1.0286,23090510,1.3636363636363638,7.696667081526462
28.7893,2,1,3,0,Suburban,South,1,1,Land-Home,2,160000,2300,3,202309,1.0286,23090511,1.3043478260869565,7.741099090035366
28.7893,2,1,3,0,Suburban,South,1,2,Land-Home,2,78000,1600,3,202309,1.0286,23090512,1.875,7.3783837129967145
28.7893,2,1,5,0,Rural,South,1,1,Other,2,140000,1700,3,202309,1.0286,23090513,1.7647058823529413,7.438971592395862
28.7893,2,1,3,0,Suburban,South,1,1,Land-Home,2,110000,1700,3,202309,1.0286,23090514,1.7647058823529413,7.438971592395862
28.7893,2,1,5,0,Suburban,South,1,2,Land-Home,2,160000,1700,3,202309,1.0286,23090515,1.7647058823529413,7.438971592395862
28.7893,2,1,3,0,Rural,South,1,1,Land-Home,2,180000,2000,3,202309,1.0286,23090516,1.5,7.601402334583733
28.7893,2,1,3,0,Suburban,South,1,3,Land-Home,2,110000,1600,1,202309,1.0286,23090517,0.625,7.3783837129967145
28.7893,2,1,3,0,Suburban,South,1,2,Land-Home,2,160000,2000,3,202309,1.0286,23090518,1.5,7.601402334583733
6.7636,1,1,5,0,Urban,Midwest,1,1,Other,2,200000,1800,3,202309,1.0286,23090519,1.6666666666666667,7.496097345175956
7.4737,2,1,1,0,Suburban,West,0,0,Land-Home,2,220000,1600,1,202309,1.0286,23090520,0.625,7.3783837129967145
7.4737,2,1,1,0,Rural,West,0,0,Land-Home,2,190000,1600,1,202309,1.0286,23090521,0.625,7.3783837129967145
7.4737,1,1,1,0,Urban,West,0,0,Land-Home,2,160000,1200,1,202309,1.0286,23090522,0.8333333333333334,7.0909098220799835
7.4737,1,1,2,0,Urban,West,0,0,Land-Home,2,300000,1900,3,202309,1.0286,23090523,1.5789473684210527,7.550135342488429
7.4737,1,1,2,0,Rural,West,0,0,Vehicle,2,130000,1600,3,202309,1.0286,23090524,1.875,7.3783837129967145
7.4737,2,1,2,0,Rural,West,0,0,Vehicle,2,160000,1100,3,202309,1.0286,23090525,2.7272727272727275,7.00397413672268
7.4737,2,1,1,0,Urban,West,0,0,Land-Home,2,160000,1700,3,202309,1.0286,23090526,1.7647058823529413,7.438971592395862
7.4737,2,1,1,0,Urban,West,0,0,Land-Home,2,220000,1300,3,202309,1.0286,23090527,2.307692307692308,7.170888478512505
7.4737,2,1,1,0,Urban,West,0,0,Land-Home,2,170000,1400,3,202309,1.0286,23090528,2.142857142857143,7.244941546337007
7.4737,2,1,1,0,Rural,West,0,0,Land-Home,2,120000,880,1,202309,1.0286,23090529,1.1363636363636362,6.78105762593618
5.4667,2,1,1,0,Rural,Northeast,0,0,Land-Home,2,160000,1600,3,202309,1.0286,23090530,1.875,7.3783837129967145
5.4667,2,1,1,0,Rural,Northeast,0,0,Land-Home,2,150000,1700,3,202309,1.0286,23090531,1.7647058823529413,7.438971592395862
5.4667,2,1,1,0,Rural,Northeast,0,0,Other,2,160000,1700,3,202309,1.0286,23090532,1.7647058823529413,7.438971592395862
5.4667,1,1,1,0,Urban,Northeast,0,0,Vehicle,2,120000,1600,3,202309,1.0286,23090533,1.875,7.3783837129967145
5.4667,2,1,1,0,Rural,Northeast,0,0,Land-Home,2,150000,1500,3,202309,1.0286,23090534,2.0,7.313886831633462
5.4667,1,1,1,0,Urban,Northeast,0,0,Land-Home,2,240000,1200,1,202309,1.0286,23090535,0.8333333333333334,7.0909098220799835
5.4667,2,1,1,0,Rural,Northeast,0,0,Other,2,130000,1300,3,202309,1.0286,23090536,2.307692307692308,7.170888478512505
5.4667,2,1,1,0,Rural,Northeast,0,0,Land-Home,2,200000,2000,3,202309,1.0286,23090537,1.5,7.601402334583733
5.4667,1,1,1,0,Urban,Northeast,0,0,Vehicle,2,310000,1800,1,202309,1.0286,23090538,0.5555555555555556,7.496097345175956
5.4667,2,1,1,0,Rural,Northeast,0,0,Vehicle,2,180000,1600,3,202309,1.0286,23090539,1.875,7.3783837129967145
5.4667,2,1,1,0,Rural,Northeast,0,0,Land-Home,2,140000,1200,3,202309,1.0286,23090540,2.5,7.0909098220799835
28.7893,2,1,1,0,Rural,South,0,0,Land-Home,2,190000,2000,3,202309,1.0286,23090541,1.5,7.601402334583733
7.4737,2,1,1,0,Rural,West,0,0,Vehicle,2,190000,1600,3,202309,1.0286,23090542,1.875,7.3783837129967145
6.7636,2,1,1,0,Suburban,Midwest,0,0,Vehicle,2,140000,1300,1,202309,1.0286,23090544,0.7692307692307693,7.170888478512505
6.7636,2,1,1,0,Rural,Midwest,0,0,Land-Home,2,180000,1700,1,202309,1.0286,23090545,0.588235294117647,7.438971592395862
6.7636,2,1,1,0,Rural,Midwest,0,0,Vehicle,2,260000,2200,1,202309,1.0286,23090546,0.45454545454545453,7.696667081526462
6.7636,1,1,1,0,Urban,Midwest,0,0,Vehicle,2,260000,1900,3,202309,1.0286,23090547,1.5789473684210527,7.550135342488429
6.7636,2,1,1,0,Rural,Midwest,0,0,Vehicle,2,86000,1300,3,202309,1.0286,23090548,2.307692307692308,7.170888478512505
6.7636,1,1,1,0,Urban,Midwest,0,0,Land-Home,2,140000,1400,3,202309,1.0286,23090549,2.142857142857143,7.244941546337007
6.7636,2,1,1,0,Rural,Midwest,0,0,Land-Home,2,180000,1800,3,202309,1.0286,23090550,1.6666666666666667,7.496097345175956
6.7636,2,1,1,0,Rural,Midwest,0,0,Land-Home,2,110000,1700,3,202309,1.0286,23090551,1.7647058823529413,7.438971592395862
7.4737,2,1,2,0,Suburban,West,0,0,Land-Home,2,190000,1600,1,202309,1.0286,23090552,0.625,7.3783837129967145
5.4667,2,1,1,0,Urban,Northeast,0,0,Vehicle,2,160000,1300,3,202309,1.0286,23090553,2.307692307692308,7.170888478512505
5.4667,2,1,1,0,Rural,Northeast,0,0,Land-Home,2,140000,1800,3,202309,1.0286,23090554,1.6666666666666667,7.496097345175956
5.4667,2,1,2,0,Suburban,Northeast,0,0,Land-Home,2,120000,1300,3,202309,1.0286,23090555,2.307692307692308,7.170888478512505
5.4667,2,1,1,0,Rural,Northeast,0,0,Vehicle,2,170000,2000,3,202309,1.0286,23090556,1.5,7.601402334583733
28.7893,1,1,2,0,Rural,South,0,0,Land-Home,2,180000,2100,3,202309,1.0286,23090557,1.4285714285714286,7.650168700845001
6.7636,2,1,2,0,Urban,Midwest,0,0,Vehicle,2,180000,1800,3,202309,1.0286,23090558,1.6666666666666667,7.496097345175956
5.4667,1,1,2,0,Urban,Northeast,0,0,Land-Home,2,310000,1500,1,202309,1.0286,23090559,0.6666666666666666,7.313886831633462
5.4667,2,1,2,0,Suburban,Northeast,0,0,Land-Home,2,160000,2000,3,202309,1.0286,23090560,1.5,7.601402334583733
5.4667,2,1,2,0,Suburban,Northeast,0,0,Vehicle,2,110000,1600,3,202309,1.0286,23090561,1.875,7.3783837129967145
5.4667,1,1,2,0,Urban,Northeast,0,0,Land-Home,2,310000,1700,3,202309,1.0286,23090562,1.7647058823529413,7.438971592395862
5.4667,2,1,2,0,Suburban,Northeast,0,0,Vehicle,2,180000,1600,3,202309,1.0286,23090563,1.875,7.3783837129967145
28.7893,2,1,2,0,Suburban,South,0,0,Vehicle,2,170000,2100,3,202309,1.0286,23090565,1.4285714285714286,7.650168700845001
6.7636,2,1,1,0,Suburban,Midwest,0,0,Vehicle,2,260000,2400,3,202309,1.0286,23090566,1.25,7.783640596221253
6.7636,2,1,1,0,Rural,Midwest,0,0,Vehicle,2,160000,1600,3,202309,1.0286,23090567,1.875,7.3783837129967145
6.7636,2,1,1,0,Rural,Midwest,0,0,Vehicle,2,86000,1800,3,202309,1.0286,23090568,1.6666666666666667,7.496097345175956
6.7636,2,1,1,0,Rural,Midwest,0,0,Land-Home,2,130000,1600,3,202309,1.0286,23090569,1.875,7.3783837129967145
7.4737,1,2,9,0,,West,9,9,,2,190000,1600,3,202309,1.0286,23090570,1.875,7.3783837129967145
7.4737,1,2,9,0,,West,9,9,,2,180000,1400,1,202309,1.0286,23090571,0.7142857142857143,7.244941546337007
7.4737,1,2,9,0,,West,9,9,,2,220000,2000,3,202309,1.0286,23090572,1.5,7.601402334583733
28.7893,1,2,9,0,,South,9,9,,2,130000,1600,3,202309,1.0286,23090573,1.875,7.3783837129967145
28.7893,1,2,9,0,,South,9,9,,2,120000,1100,1,202309,1.0286,23090574,0.9090909090909091,7.00397413672268
28.7893,1,2,9,0,,South,9,9,,2,150000,1800,3,202309,1.0286,23090575,1.6666666666666667,7.496097345175956
28.7893,1,2,9,0,,South,9,9,,2,140000,1700,3,202309,1.0286,23090576,1.7647058823529413,7.438971592395862
28.7893,1,2,9,0,,South,9,9,,2,160000,2100,3,202309,1.0286,23090577,1.4285714285714286,7.650168700845001
28.7893,1,2,9,0,,South,9,9,,2,78000,1100,3,202309,1.0286,23090578,2.7272727272727275,7.00397413672268
28.7893,1,2,9,0,,South,9,9,,2,160000,1800,3,202309,1.0286,23090579,1.6666666666666667,7.496097345175956
28.7893,1,2,9,0,,South,9,9,,2,140000,2000,3,202309,1.0286,23090580,1.5,7.601402334583733
28.7893,1,2,9,0,,South,9,9,,2,150000,1600,3,202309,1.0286,23090581,1.875,7.3783837129967145
28.7893,1,2,9,0,,South,9,9,,2,130000,1700,3,202309,1.0286,23090582,1.7647058823529413,7.438971592395862
28.7893,2,2,9,0,,South,9,9,,2,130000,1600,3,202309,1.0286,23090583,1.875,7.3783837129967145
28.7893,1,2,9,0,,South,9,9,,2,170000,1600,3,202309,1.0286,23090584,1.875,7.3783837129967145
28.7893,1,2,9,0,,South,9,9,,2,140000,2500,3,202309,1.0286,23090585,1.2,7.824445930877619
7.4737,2,2,9,0,,West,9,9,,2,170000,1300,3,202309,1.0286,23090586,2.307692307692308,7.170888478512505
7.4737,1,2,9,0,,West,9,9,,2,300000,1500,3,202309,1.0286,23090587,2.0,7.313886831633462
7.4737,1,2,9,0,,West,9,9,,2,180000,1200,3,202309,1.0286,23090588,2.5,7.0909098220799835
28.7893,1,2,9,0,,South,9,9,,2,120000,1300,3,202309,1.0286,23090589,2.307692307692308,7.170888478512505
28.7893,1,2,9,0,,South,9,9,,2,140000,2000,3,202309,1.0286,23090590,1.5,7.601402334583733
7.4737,1,2,9,0,,West,9,9,,2,200000,1700,3,202309,1.0286,23090591,1.7647058823529413,7.438971592395862
7.4737,1,2,9,0,,West,9,9,,2,220000,2000,3,202309,1.0286,23090592,1.5,7.601402334583733
6.7636,1,2,9,0,,Midwest,9,9,,2,210000,2200,3,202309,1.0286,23090593,1.3636363636363638,7.696667081526462
6.7636,1,2,9,0,,Midwest,9,9,,2,150000,1700,3,202309,1.0286,23090594,1.7647058823529413,7.438971592395862
28.7893,1,2,9,0,,South,9,9,,2,170000,2000,3,202309,1.0286,23090595,1.5,7.601402334583733
28.7893,1,2,9,0,,South,9,9,,2,78000,2100,3,202309,1.0286,23090596,1.4285714285714286,7.650168700845001
28.7893,1,2,9,0,,South,9,9,,2,120000,1300,3,202309,1.0286,23090597,2.307692307692308,7.170888478512505
28.7893,2,2,9,0,,South,9,9,,2,130000,1600,3,202309,1.0286,23090598,1.875,7.3783837129967145
28.7893,1,2,9,0,,South,9,9,,2,160000,2100,3,202309,1.0286,23090599,1.4285714285714286,7.650168700845001
28.7893,1,2,9,0,,South,9,9,,2,110000,1100,3,202309,1.0286,23090600,2.7272727272727275,7.00397413672268
28.7893,1,2,9,0,,South,9,9,,2,130000,1600,3,202309,1.0286,23090601,1.875,7.3783837129967145
28.7893,1,2,9,0,,South,9,9,,2,120000,2200,3,202309,1.0286,23090602,1.3636363636363638,7.696667081526462
28.7893,1,2,9,0,,South,9,9,,2,180000,2500,3,202309,1.0286,23090603,1.2,7.824445930877619
7.4737,1,2,9,0,,West,9,9,,2,180000,1200,3,202309,1.0286,23090604,2.5,7.0909098220799835
28.7893,1,2,9,0,,South,9,9,,2,120000,1300,3,202309,1.0286,23090605,2.307692307692308,7.170888478512505
28.7893,1,2,9,0,,South,9,9,,2,170000,2300,3,202309,1.0286,23090606,1.3043478260869565,7.741099090035366
6.7636,1,2,9,0,,Midwest,9,9,,2,130000,1300,3,202309,1.0286,23090607,2.307692307692308,7.170888478512505
7.4737,2,2,9,0,,West,9,9,,2,170000,1400,3,202309,1.0286,23090608,2.142857142857143,7.244941546337007
7.4737,1,2,9,0,,West,9,9,,2,130000,1100,1,202309,1.0286,23090609,0.9090909090909091,7.00397413672268
4.9825,1,2,9,0,,,9,9,,3,200000,1900,3,202309,1.0286,23090610,1.5789473684210527,7.550135342488429
28.7893,1,2,9,0,,South,9,9,,2,200000,2500,3,202309,1.0286,23090611,1.2,7.824445930877619
7.4737,1,2,9,0,,West,9,9,,2,210000,1600,3,202309,1.0286,23090612,1.875,7.3783837129967145
28.7893,1,2,9,0,,South,9,9,,2,170000,2000,3,202309,1.0286,23090613,1.5,7.601402334583733
28.7893,2,2,9,0,,South,9,9,,2,100000,1600,3,202309,1.0286,23090614,1.875,7.3783837129967145
7.4737,1,2,9,0,,West,9,9,,2,210000,2000,3,202309,1.0286,23090615,1.5,7.601402334583733
7.4737,1,2,9,0,,West,9,9,,2,140000,1500,3,202309,1.0286,23090616,2.0,7.313886831633462
28.7893,1,2,9,0,,South,9,9,,2,110000,1700,3,202309,1.0286,23090617,1.7647058823529413,7.438971592395862
28.7893,1,2,9,0,,South,9,9,,2,160000,2300,3,202309,1.0286,23090618,1.3043478260869565,7.741099090035366
6.7636,1,2,9,0,,Midwest,9,9,,2,260000,1700,3,202309,1.0286,23090619,1.7647058823529413,7.438971592395862
7.4737,1,2,9,0,,West,9,9,,2,160000,1200,3,202309,1.0286,23090620,2.5,7.0909098220799835
6.7636,1,2,9,0,,Midwest,9,9,,2,150000,1700,3,202309,1.0286,23090621,1.7647058823529413,7.438971592395862
5.4667,1,2,9,0,,Northeast,9,9,,2,160000,1700,3,202309,1.0286,23090622,1.7647058823529413,7.438971592395862
7.4737,1,2,9,0,,West,9,9,,2,250000,1300,3,202309,1.0286,23090623,2.307692307692308,7.170888478512505
6.7636,1,2,9,0,,Midwest,9,9,,2,180000,1900,3,202309,1.0286,23090624,1.5789473684210527,7.550135342488429
7.4737,1,2,9,0,,West,9,9,,2,160000,1200,3,202309,1.0286,23090625,2.5,7.0909098220799835
6.7636,1,2,9,0,,Midwest,9,9,,2,160000,1800,3,202309,1.0286,23090626,1.6666666666666667,7.496097345175956
6.7636,1,2,9,0,,Midwest,9,9,,2,210000,2200,3,202309,1.0286,23090627,1.3636363636363638,7.696667081526462
28.7893,1,2,9,0,,South,9,9,,2,170000,2200,3,202309,1.0286,23090628,1.3636363636363638,7.696667081526462
28.7893,1,2,9,0,,South,9,9,,2,160000,1600,3,202309,1.0286,23090629,1.875,7.3783837129967145
28.7893,1,2,9,0,,South,9,9,,2,190000,2100,3,202309,1.0286,23090630,1.4285714285714286,7.650168700845001
28.7893,1,2,9,0,,South,9,9,,2,130000,1100,3,202309,1.0286,23090631,2.7272727272727275,7.00397413672268
28.7893,2,2,9,0,,South,9,9,,2,78000,1600,3,202309,1.0286,23090632,1.875,7.3783837129967145
28.7893,2,2,9,0,,South,9,9,,2,110000,2000,3,202309,1.0286,23090633,1.5,7.601402334583733
28.7893,1,2,9,0,,South,9,9,,2,110000,1700,3,202309,1.0286,23090634,1.7647058823529413,7.438971592395862
6.7636,1,2,9,0,,Midwest,9,9,,2,190000,2000,3,202309,1.0286,23090635,1.5,7.601402334583733
28.7893,2,2,9,0,,South,9,9,,2,140000,1800,3,202309,1.0286,23090636,1.6666666666666667,7.496097345175956
6.7636,1,2,9,0,,Midwest,9,9,,2,110000,1100,3,202309,1.0286,23090637,2.7272727272727275,7.00397413672268
6.7636,1,2,9,0,,Midwest,9,9,,2,150000,1700,3,202309,1.0286,23090638,1.7647058823529413,7.438971592395862
6.7636,1,2,9,0,,Midwest,9,9,,2,260000,2400,3,202309,1.0286,23090639,1.25,7.783640596221253
63.4071,2,1,5,0,Suburban,South,1,2,Other,1,98000,1300,3,202310,1.0642,23100002,2.307692307692308,7.170888478512505
63.4071,2,1,5,0,Rural,South,1,1,Land-Home,1,120000,1200,3,202310,1.0642,23100003,2.5,7.0909098220799835
63.4071,2,1,5,0,Rural,South,1,1,Land-Home,1,92000,1200,3,202310,1.0642,23100004,2.5,7.0909098220799835
14.7368,2,1,3,0,Urban,West,1,1,Land-Home,1,100000,780,1,202310,1.0642,23100005,1.2820512820512822,6.660575149839686
14.7368,2,1,5,0,Urban,West,3,3,Land-Home,1,70000,780,1,202310,1.0642,23100006,1.2820512820512822,6.660575149839686
14.7368,2,1,3,0,Urban,West,1,1,Land-Home,1,78000,930,1,202310,1.0642,23100008,1.075268817204301,6.836259277277067
63.4071,2,1,4,0,Rural,South,1,1,Vehicle,1,92000,1200,3,202310,1.0642,23100009,2.5,7.0909098220799835
63.4071,2,1,3,0,Rural,South,1,1,Land-Home,1,89000,1200,3,202310,1.0642,23100010,2.5,7.0909098220799835
14.1545,1,1,3,0,Urban,Midwest,1,1,Land-Home,1,71000,1200,3,202310,1.0642,23100011,2.5,7.0909098220799835
14.1545,1,1,3,0,Urban,Midwest,1,2,Vehicle,1,87000,1100,3,202310,1.0642,23100012,2.7272727272727275,7.00397413672268
14.1545,2,1,3,0,Urban,Midwest,1,2,Vehicle,1,92000,1200,3,202310,1.0642,23100013,2.5,7.0909098220799835
14.1545,2,1,3,0,Urban,Midwest,1,1,Vehicle,1,87000,1100,3,202310,1.0642,23100014,2.7272727272727275,7.00397413672268
14.1545,2,1,3,0,Urban,Midwest,1,1,Land-Home,1,100000,1200,3,202310,1.0642,23100015,2.5,7.0909098220799835
14.1545,2,1,3,0,Urban,Midwest,1,1,Vehicle,1,71000,1200,3,202310,1.0642,23100016,2.5,7.0909098220799835
14.1545,2,1,3,0,Urban,Midwest,1,1,Land-Home,1,92000,1200,3,202310,1.0642,23100017,2.5,7.0909098220799835
14.1545,2,1,3,0,Urban,Midwest,1,1,Vehicle,1,87000,1100,3,202310,1.0642,23100018,2.7272727272727275,7.00397413672268
14.1545,2,1,3,0,Urban,Midwest,1,1,Land-Home,1,95000,1300,3,202310,1.0642,23100019,2.307692307692308,7.170888478512505
14.1545,2,1,3,0,Urban,Midwest,1,1,Land-Home,1,92000,1200,3,202310,1.0642,23100020,2.5,7.0909098220799835
14.1545,2,1,3,0,Urban,Midwest,1,1,Land-Home,1,76000,900,1,202310,1.0642,23100021,1.1111111111111112,6.803505257608338
14.1545,2,1,3,0,Rural,Midwest,1,1,Land-Home,1,70000,1100,3,202310,1.0642,23100022,2.7272727272727275,7.00397413672268
14.1545,2,1,3,0,Urban,Midwest,1,1,Land-Home,1,87000,1100,3,202310,1.0642,23100023,2.7272727272727275,7.00397413672268
14.1545,2,1,3,0,Urban,Midwest,1,1,Land-Home,1,79000,960,1,202310,1.0642,23100025,1.0416666666666667,6.8679744089702925
14.1545,1,1,3,0,Urban,Midwest,1,1,Vehicle,1,69000,1200,3,202310,1.0642,23100026,2.5,7.0909098220799835
63.4071,2,1,3,0,Rural,South,1,1,Land-Home,1,92000,1200,3,202310,1.0642,23100027,2.5,7.0909098220799835
63.4071,2,1,3,0,Rural,South,1,1,Land-Home,1,100000,1200,3,202310,1.0642,23100028,2.5,7.0909098220799835
63.4071,2,1,3,0,Rural,South,1,1,Land-Home,1,57000,840,3,202310,1.0642,23100029,3.571428571428571,6.734591659972948
63.4071,2,1,5,0,Suburban,South,1,1,Land-Home,1,62000,840,1,202310,1.0642,23100030,1.1904761904761907,6.734591659972948
63.4071,2,1,3,0,Rural,South,1,1,Vehicle,1,84000,1100,3,202310,1.0642,23100031,2.7272727272727275,7.00397413672268
63.4071,2,1,3,0,Rural,South,1,1,Land-Home,1,75000,960,1,202310,1.0642,23100032,1.0416666666666667,6.8679744089702925
14.1545,2,1,3,0,Urban,Midwest,1,1,Land-Home,1,92000,1200,3,202310,1.0642,23100033,2.5,7.0909098220799835
14.7368,2,1,3,0,Urban,Midwest,1,1,Vehicle,1,74000,1200,3,202310,1.0642,23100034,2.5,7.0909098220799835
14.1545,2,1,3,0,Urban,Midwest,1,1,Land-Home,1,87000,1100,3,202310,1.0642,23100035,2.7272727272727275,7.00397413672268
14.1545,1,1,3,0,Urban,Midwest,1,1,Land-Home,1,82000,1100,1,202310,1.0642,23100036,0.9090909090909091,7.00397413672268
63.4071,2,1,3,0,Suburban,South,1,1,Land-Home,1,91000,1300,3,202310,1.0642,23100037,2.307692307692308,7.170888478512505
63.4071,2,1,3,0,Rural,South,1,1,Land-Home,1,61000,1200,3,202310,1.0642,23100038,2.5,7.0909098220799835
14.7368,2,1,3,0,Rural,West,1,1,Land-Home,1,82000,1000,1,202310,1.0642,23100039,1.0,6.90875477931522
14.1545,1,1,3,0,Rural,Midwest,1,1,Land-Home,1,92000,1200,3,202310,1.0642,23100040,2.5,7.0909098220799835
14.1545,2,1,3,0,Rural,Midwest,1,1,Land-Home,1,92000,1200,3,202310,1.0642,23100041,2.5,7.0909098220799835
14.1545,2,1,3,0,Rural,Midwest,1,1,Land-Home,1,120000,1200,1,202310,1.0642,23100042,0.8333333333333334,7.0909098220799835
14.1545,2,1,4,0,Rural,Midwest,1,2,Land-Home,1,100000,960,1,202310,1.0642,23100043,1.0416666666666667,6.8679744089702925
14.7368,2,1,4,0,Suburban,West,3,2,Vehicle,1,78000,930,1,202310,1.0642,23100044,1.075268817204301,6.836259277277067
14.7368,2,1,3,0,Suburban,West,1,1,Land-Home,1,78000,930,1,202310,1.0642,23100045,1.075268817204301,6.836259277277067
63.4071,2,1,3,0,Suburban,South,1,2,Vehicle,1,80000,980,1,202310,1.0642,23100047,1.0204081632653061,6.8885724595653635
14.1545,2,1,3,0,Urban,Midwest,1,1,Land-Home,1,87000,1100,3,202310,1.0642,23100048,2.7272727272727275,7.00397413672268
14.1545,2,1,3,0,Urban,Midwest,1,1,Vehicle,1,53000,1200,3,202310,1.0642,23100049,2.5,7.0909098220799835
14.1545,2,1,3,0,Urban,Midwest,1,1,Land-Home,1,87000,1100,3,202310,1.0642,23100050,2.7272727272727275,7.00397413672268
12.8,2,1,3,0,Suburban,Northeast,1,1,Land-Home,1,53000,830,1,202310,1.0642,23100051,1.2048192771084338,6.7226297948554485
12.8,2,1,4,0,Urban,Northeast,1,1,Land-Home,1,74000,860,1,202310,1.0642,23100052,1.1627906976744187,6.7580945044277305
12.8,1,1,3,0,Urban,Northeast,1,1,Land-Home,1,120000,960,1,202310,1.0642,23100053,1.0416666666666667,6.8679744089702925
63.4071,2,1,4,0,Rural,South,1,1,Vehicle,1,76000,780,1,202310,1.0642,23100055,1.2820512820512822,6.660575149839686
63.4071,2,1,4,0,Rural,South,1,1,Land-Home,1,80000,980,1,202310,1.0642,23100056,1.0204081632653061,6.8885724595653635
63.4071,2,1,5,0,Rural,South,1,3,Land-Home,1,65000,900,1,202310,1.0642,23100057,1.1111111111111112,6.803505257608338
63.4071,2,1,3,0,Suburban,South,4,3,Land-Home,1,60000,840,3,202310,1.0642,23100058,3.571428571428571,6.734591659972948
63.4071,1,1,5,0,Urban,South,1,1,Land-Home,1,58000,1200,3,202310,1.0642,23100059,2.5,7.0909098220799835
63.4071,2,1,5,0,Suburban,South,1,2,Land-Home,1,90000,1200,3,202310,1.0642,23100060,2.5,7.0909098220799835
63.4071,2,1,5,0,Rural,South,1,1,Vehicle,1,76000,1100,3,202310,1.0642,23100061,2.7272727272727275,7.00397413672268
63.4071,2,1,3,0,Suburban,South,1,1,Land-Home,1,92000,1200,3,202310,1.0642,23100062,2.5,7.0909098220799835
14.1545,1,1,3,0,Urban,Midwest,1,1,Land-Home,1,80000,670,1,202310,1.0642,23100063,1.492537313432836,6.508769136971682
14.7368,2,1,1,0,Suburban,West,0,0,Land-Home,1,88000,840,1,202310,1.0642,23100064,1.1904761904761907,6.734591659972948
12.8,2,1,1,0,Urban,Northeast,0,0,Land-Home,1,81000,1100,3,202310,1.0642,23100065,2.7272727272727275,7.00397413672268
12.8,2,1,1,0,Urban,Northeast,0,0,Land-Home,1,100000,1200,3,202310,1.0642,23100066,2.5,7.0909098220799835
12.8,2,1,1,0,Urban,Northeast,0,0,Land-Home,1,70000,780,1,202310,1.0642,23100067,1.2820512820512822,6.660575149839686
12.8,2,1,1,0,Rural,Northeast,0,0,Vehicle,1,83000,920,1,202310,1.0642,23100068,1.0869565217391304,6.825460036255307
12.8,1,1,1,0,Urban,Northeast,0,0,Other,1,130000,780,1,202310,1.0642,23100069,1.2820512820512822,6.660575149839686
14.1545,1,1,1,0,Urban,Midwest,0,0,Other,1,65000,900,1,202310,1.0642,23100070,1.1111111111111112,6.803505257608338
14.1545,1,1,1,0,Urban,Midwest,0,0,Land-Home,1,90000,1100,3,202310,1.0642,23100071,2.7272727272727275,7.00397413672268
14.1545,2,1,1,0,Rural,Midwest,0,0,Land-Home,1,83000,1100,3,202310,1.0642,23100072,2.7272727272727275,7.00397413672268
14.1545,1,1,2,0,Urban,Midwest,0,0,Vehicle,1,84000,1100,3,202310,1.0642,23100073,2.7272727272727275,7.00397413672268
14.1545,1,1,1,0,Urban,Midwest,0,0,Land-Home,1,78000,1100,3,202310,1.0642,23100074,2.7272727272727275,7.00397413672268
14.1545,1,1,1,0,Urban,Midwest,0,0,Land-Home,1,92000,1200,3,202310,1.0642,23100075,2.5,7.0909098220799835
12.8,2,1,1,0,Urban,Northeast,0,0,Land-Home,1,71000,590,1,202310,1.0642,23100076,1.694915254237288,6.3818160174060985
12.8,2,1,1,0,Urban,Northeast,0,0,Land-Home,1,70000,780,1,202310,1.0642,23100077,1.2820512820512822,6.660575149839686
12.8,2,1,1,0,Urban,Northeast,0,0,Vehicle,1,78000,930,1,202310,1.0642,23100078,1.075268817204301,6.836259277277067
12.8,2,1,1,0,Urban,Northeast,0,0,Land-Home,1,53000,780,1,202310,1.0642,23100079,1.2820512820512822,6.660575149839686
12.8,2,1,1,0,Urban,Northeast,0,0,Land-Home,1,62000,590,1,202310,1.0642,23100080,1.694915254237288,6.3818160174060985
12.8,2,1,1,0,Urban,Northeast,0,0,Land-Home,1,73000,830,1,202310,1.0642,23100081,1.2048192771084338,6.7226297948554485
14.1545,2,1,1,0,Urban,Northeast,0,0,Land-Home,1,77000,920,1,202310,1.0642,23100082,1.0869565217391304,6.825460036255307
63.4071,2,1,2,0,Urban,South,0,0,Land-Home,1,80000,980,1,202310,1.0642,23100083,1.0204081632653061,6.8885724595653635
63.4071,2,1,2,0,Rural,South,0,0,Land-Home,1,120000,1100,1,202310,1.0642,23100084,0.9090909090909091,7.00397413672268
12.8,2,1,1,0,Urban,Northeast,0,0,Land-Home,1,180000,930,1,202310,1.0642,23100085,1.075268817204301,6.836259277277067
63.4071,1,1,1,0,Rural,South,0,0,Land-Home,1,76000,1100,1,202310,1.0642,23100086,0.9090909090909091,7.00397413672268
14.1545,2,1,1,0,Rural,Midwest,0,0,Vehicle,1,87000,1100,3,202310,1.0642,23100087,2.7272727272727275,7.00397413672268
14.1545,2,1,1,0,Rural,Midwest,0,0,Land-Home,1,65000,670,1,202310,1.0642,23100088,1.492537313432836,6.508769136971682
14.1545,2,1,1,0,Urban,Midwest,0,0,Land-Home,1,120000,1300,3,202310,1.0642,23100089,2.307692307692308,7.170888478512505
14.1545,2,1,1,0,Urban,Midwest,0,0,Land-Home,1,85000,1100,1,202310,1.0642,23100090,0.9090909090909091,7.00397413672268
14.7368,2,2,9,0,,West,9,9,,1,82000,1000,1,202310,1.0642,23100091,1.0,6.90875477931522
14.7368,1,2,9,0,,West,9,9,,1,110000,900,3,202310,1.0642,23100092,3.3333333333333335,6.803505257608338
12.8,1,2,9,0,,Northeast,9,9,,1,79000,960,1,202310,1.0642,23100093,1.0416666666666667,6.8679744089702925
14.1545,1,2,9,0,,Midwest,9,9,,1,92000,1200,3,202310,1.0642,23100094,2.5,7.0909098220799835
14.7368,1,2,9,0,,South,9,9,,1,79000,960,1,202310,1.0642,23100095,1.0416666666666667,6.8679744089702925
63.4071,1,2,9,0,,South,9,9,,1,63000,1200,3,202310,1.0642,23100096,2.5,7.0909098220799835
63.4071,1,2,9,0,,South,9,9,,1,62000,980,3,202310,1.0642,23100097,3.061224489795918,6.8885724595653635
63.4071,2,2,9,0,,South,9,9,,1,98000,1300,3,202310,1.0642,23100098,2.307692307692308,7.170888478512505
63.4071,2,2,9,0,,South,9,9,,1,120000,1300,3,202310,1.0642,23100099,2.307692307692308,7.170888478512505
63.4071,1,2,9,0,,South,9,9,,1,92000,1200,3,202310,1.0642,23100100,2.5,7.0909098220799835
14.1545,1,2,9,0,,Midwest,9,9,,1,75000,1200,3,202310,1.0642,23100101,2.5,7.0909098220799835
63.4071,1,2,9,0,,South,9,9,,1,92000,1200,3,202310,1.0642,23100102,2.5,7.0909098220799835
63.4071,1,2,9,0,,South,9,9,,1,120000,1200,3,202310,1.0642,23100103,2.5,7.0909098220799835
12.8,1,2,9,0,,Northeast,9,9,,1,98000,1200,3,202310,1.0642,23100104,2.5,7.0909098220799835
63.4071,1,2,9,0,,South,9,9,,1,65000,1200,3,202310,1.0642,23100105,2.5,7.0909098220799835
14.1545,1,2,9,0,,Midwest,9,9,,1,84000,1100,3,202310,1.0642,23100106,2.7272727272727275,7.00397413672268
63.4071,1,2,9,0,,South,9,9,,1,92000,1200,3,202310,1.0642,23100107,2.5,7.0909098220799835
14.7368,1,2,9,0,,West,9,9,,1,65000,840,1,202310,1.0642,23100108,1.1904761904761907,6.734591659972948
14.1545,1,2,9,0,,Midwest,9,9,,1,92000,1200,3,202310,1.0642,23100109,2.5,7.0909098220799835
63.4071,1,2,9,0,,South,9,9,,1,85000,1200,3,202310,1.0642,23100110,2.5,7.0909098220799835
14.7368,2,2,9,0,,West,9,9,,1,76000,900,3,202310,1.0642,23100111,3.3333333333333335,6.803505257608338
63.4071,1,2,9,0,,South,9,9,,1,70000,780,1,202310,1.0642,23100112,1.2820512820512822,6.660575149839686
12.8,1,2,9,0,,Northeast,9,9,,1,92000,1200,3,202310,1.0642,23100113,2.5,7.0909098220799835
14.1545,1,2,9,0,,Midwest,9,9,,1,87000,1100,3,202310,1.0642,23100114,2.7272727272727275,7.00397413672268
14.1545,1,2,9,0,,Midwest,9,9,,1,83000,1100,1,202310,1.0642,23100115,0.9090909090909091,7.00397413672268
63.4071,1,2,9,0,,South,9,9,,1,80000,980,1,202310,1.0642,23100116,1.0204081632653061,6.8885724595653635
31.7036,2,1,3,0,Suburban,South,1,1,Vehicle,2,240000,2500,3,202310,1.0184,23100135,1.2,7.824445930877619
31.7036,2,1,4,0,Suburban,South,1,1,Land-Home,2,160000,2100,3,202310,1.0184,23100136,1.4285714285714286,7.650168700845001
7.3684,1,1,5,0,Rural,West,1,1,Vehicle,2,120000,1300,3,202310,1.0184,23100137,2.307692307692308,7.170888478512505
7.3684,1,1,4,0,Rural,West,1,1,Vehicle,2,110000,1500,3,202310,1.0184,23100138,2.0,7.313886831633462
7.3684,2,1,3,0,Rural,West,1,1,Land-Home,2,110000,880,3,202310,1.0184,23100139,3.4090909090909087,6.78105762593618
7.3684,2,1,3,0,Suburban,West,3,1,Vehicle,2,220000,1600,3,202310,1.0184,23100140,1.875,7.3783837129967145
7.3684,2,1,5,0,Rural,West,1,1,Vehicle,2,190000,1600,3,202310,1.0184,23100141,1.875,7.3783837129967145
7.3684,1,1,3,0,Rural,West,1,1,Land-Home,2,170000,2100,3,202310,1.0184,23100142,1.4285714285714286,7.650168700845001
7.3684,2,1,3,0,Rural,West,3,1,Land-Home,2,92000,1600,3,202310,1.0184,23100143,1.875,7.3783837129967145
7.3684,2,1,5,0,Rural,West,4,3,Land-Home,2,140000,1600,3,202310,1.0184,23100144,1.875,7.3783837129967145
7.3684,2,1,4,0,Rural,West,3,2,Land-Home,2,120000,1000,3,202310,1.0184,23100145,3.0,6.90875477931522
7.3684,2,1,4,0,Rural,West,3,1,Land-Home,2,110000,2100,3,202310,1.0184,23100146,1.4285714285714286,7.650168700845001
7.3684,2,1,5,0,Rural,West,3,1,Land-Home,2,92000,1300,3,202310,1.0184,23100147,2.307692307692308,7.170888478512505
7.3684,2,1,3,0,Rural,West,1,1,Land-Home,2,160000,1700,3,202310,1.0184,23100148,1.7647058823529413,7.438971592395862
7.3684,2,1,4,0,Rural,West,3,2,Land-Home,2,180000,2300,3,202310,1.0184,23100149,1.3043478260869565,7.741099090035366
7.3684,2,1,4,0,Rural,West,3,1,Vehicle,2,150000,1500,3,202310,1.0184,23100150,2.0,7.313886831633462
7.3684,2,1,4,0,Rural,West,3,1,Vehicle,2,170000,2100,3,202310,1.0184,23100151,1.4285714285714286,7.650168700845001
7.3684,2,1,4,0,Rural,West,3,1,Vehicle,2,150000,1100,1,202310,1.0184,23100152,0.9090909090909091,7.00397413672268
7.3684,2,1,4,0,Rural,West,3,1,Vehicle,2,140000,1500,3,202310,1.0184,23100153,2.0,7.313886831633462
7.3684,1,1,3,0,Urban,West,1,1,Land-Home,2,180000,1200,1,202310,1.0184,23100154,0.8333333333333334,7.0909098220799835
31.7036,2,1,3,0,Suburban,South,1,2,Land-Home,2,150000,1800,3,202310,1.0184,23100155,1.6666666666666667,7.496097345175956
7.3684,2,1,5,0,Rural,West,3,1,Land-Home,2,120000,1000,3,202310,1.0184,23100157,3.0,6.90875477931522
7.3684,1,1,4,0,Urban,West,3,1,Other,2,240000,1300,3,202310,1.0184,23100158,2.307692307692308,7.170888478512505
7.3684,2,1,3,0,,West,3,1,Land-Home,2,150000,1700,3,202310,1.0184,23100159,1.7647058823529413,7.438971592395862
7.3684,2,1,4,0,Urban,West,3,2,Vehicle,2,150000,1600,3,202310,1.0184,23100160,1.875,7.3783837129967145
7.3684,2,1,3,0,Urban,West,3,1,Land-Home,2,130000,1300,3,202310,1.0184,23100161,2.307692307692308,7.170888478512505
7.3684,2,1,3,0,Urban,West,3,1,Vehicle,2,130000,1300,1,202310,1.0184,23100162,0.7692307692307693,7.170888478512505
7.3684,2,1,3,0,Rural,West,3,1,Vehicle,2,160000,2000,3,202310,1.0184,23100163,1.5,7.601402334583733
7.3684,1,1,4,0,Urban,West,3,1,Other,2,130000,1200,1,202310,1.0184,23100164,0.8333333333333334,7.0909098220799835
7.3684,2,1,5,0,,West,3,3,Land-Home,2,180000,2100,3,202310,1.0184,23100165,1.4285714285714286,7.650168700845001
7.3684,1,1,5,0,Urban,West,3,1,Land-Home,2,300000,880,3,202310,1.0184,23100166,3.4090909090909087,6.78105762593618
7.3684,1,1,4,0,Urban,West,3,1,Other,2,160000,1200,1,202310,1.0184,23100167,0.8333333333333334,7.0909098220799835
7.3684,1,1,3,0,Urban,West,1,1,Land-Home,2,120000,1100,3,202310,1.0184,23100168,2.7272727272727275,7.00397413672268
7.3684,2,1,4,0,Urban,West,3,1,Land-Home,2,130000,1300,1,202310,1.0184,23100169,0.7692307692307693,7.170888478512505
7.3684,2,1,3,0,Urban,West,3,1,Land-Home,2,110000,880,1,202310,1.0184,23100171,1.1363636363636362,6.78105762593618
7.3684,1,1,4,0,Urban,West,3,2,Land-Home,2,150000,880,1,202310,1.0184,23100172,1.1363636363636362,6.78105762593618
7.3684,2,1,3,0,Rural,West,1,1,Land-Home,2,140000,2100,3,202310,1.0184,23100174,1.4285714285714286,7.650168700845001
7.3684,2,1,3,0,Urban,West,3,1,Land-Home,2,180000,1900,3,202310,1.0184,23100175,1.5789473684210527,7.550135342488429
31.7036,2,1,4,0,Rural,South,1,1,Land-Home,2,150000,1900,3,202310,1.0184,23100176,1.5789473684210527,7.550135342488429
31.7036,2,1,3,0,Urban,South,1,1,Land-Home,2,160000,2000,3,202310,1.0184,23100177,1.5,7.601402334583733
31.7036,2,1,4,0,Suburban,South,1,1,Land-Home,2,130000,2200,3,202310,1.0184,23100178,1.3636363636363638,7.696667081526462
31.7036,2,1,3,0,Rural,South,1,1,Vehicle,2,150000,2000,3,202310,1.0184,23100179,1.5,7.601402334583733
31.7036,2,1,5,0,Urban,South,1,2,Land-Home,2,140000,1600,3,202310,1.0184,23100180,1.875,7.3783837129967145
31.7036,2,1,5,0,Urban,South,1,3,Land-Home,2,160000,1800,3,202310,1.0184,23100181,1.6666666666666667,7.496097345175956
31.7036,2,1,3,0,Suburban,South,4,1,Land-Home,2,140000,1100,1,202310,1.0184,23100182,0.9090909090909091,7.00397413672268
31.7036,2,1,5,0,Urban,South,1,1,Land-Home,2,170000,2200,3,202310,1.0184,23100183,1.3636363636363638,7.696667081526462
31.7036,2,1,3,0,Urban,South,1,1,Land-Home,2,170000,2200,3,202310,1.0184,23100184,1.3636363636363638,7.696667081526462
31.7036,2,1,5,0,Urban,South,1,1,Vehicle,2,180000,2200,3,202310,1.0184,23100185,1.3636363636363638,7.696667081526462
31.7036,2,1,4,0,Urban,South,1,1,Land-Home,2,140000,1600,3,202310,1.0184,23100186,1.875,7.3783837129967145
31.7036,2,1,5,0,Urban,South,1,2,Vehicle,2,170000,2100,3,202310,1.0184,23100187,1.4285714285714286,7.650168700845001
31.7036,2,1,4,0,Urban,South,1,1,Land-Home,2,140000,1600,3,202310,1.0184,23100188,1.875,7.3783837129967145
7.0773,2,1,3,0,Rural,South,1,1,Land-Home,2,140000,2000,3,202310,1.0184,23100189,1.5,7.601402334583733
31.7036,2,1,4,0,Rural,South,1,1,Land-Home,2,170000,2000,3,202310,1.0184,23100190,1.5,7.601402334583733
7.0773,2,1,3,0,Rural,Midwest,1,2,Vehicle,2,260000,1900,3,202310,1.0184,23100191,1.5789473684210527,7.550135342488429
7.0773,1,1,3,0,Urban,Midwest,1,1,Other,2,160000,1900,3,202310,1.0184,23100192,1.5789473684210527,7.550135342488429
7.0773,2,1,3,0,Rural,Midwest,1,1,Vehicle,2,110000,1600,3,202310,1.0184,23100193,1.875,7.3783837129967145
7.0773,2,1,3,0,Urban,Midwest,1,1,Land-Home,2,110000,1300,1,202310,1.0184,23100194,0.7692307692307693,7.170888478512505
7.0773,1,1,3,0,Rural,Midwest,1,2,Vehicle,2,260000,1700,3,202310,1.0184,23100195,1.7647058823529413,7.438971592395862
7.0773,2,1,3,0,Urban,Midwest,1,1,Land-Home,2,150000,1700,3,202310,1.0184,23100196,1.7647058823529413,7.438971592395862
7.0773,2,1,3,0,Rural,Midwest,1,1,Land-Home,2,130000,1300,3,202310,1.0184,23100197,2.307692307692308,7.170888478512505
7.0773,2,1,3,0,Rural,Midwest,1,2,Land-Home,2,120000,1500,3,202310,1.0184,23100198,2.0,7.313886831633462
7.0773,1,1,3,0,Urban,Midwest,1,1,Land-Home,2,120000,1100,1,202310,1.0184,23100199,0.9090909090909091,7.00397413672268
7.0773,2,1,3,0,Urban,Midwest,1,1,Vehicle,2,130000,1300,3,202310,1.0184,23100200,2.307692307692308,7.170888478512505
7.0773,2,1,3,0,Urban,Midwest,1,1,Land-Home,2,190000,2400,3,202310,1.0184,23100201,1.25,7.783640596221253
31.7036,2,1,3,0,Suburban,South,1,1,Land-Home,2,78000,1600,3,202310,1.0184,23100202,1.875,7.3783837129967145
31.7036,2,1,3,0,Suburban,South,1,1,Land-Home,2,78000,1600,3,202310,1.0184,23100203,1.875,7.3783837129967145
31.7036,2,1,3,0,Rural,South,1,1,Land-Home,2,140000,1600,3,202310,1.0184,23100204,1.875,7.3783837129967145
31.7036,2,1,3,0,Rural,South,1,1,Land-Home,2,120000,1600,3,202310,1.0184,23100205,1.875,7.3783837129967145
31.7036,2,1,5,0,Rural,South,1,1,Land-Home,2,93000,1800,3,202310,1.0184,23100207,1.6666666666666667,7.496097345175956
31.7036,2,1,3,0,Rural,South,1,1,Land-Home,2,170000,2100,3,202310,1.0184,23100208,1.4285714285714286,7.650168700845001
7.0773,2,1,3,0,Urban,Midwest,1,1,Land-Home,2,170000,1400,3,202310,1.0184,23100209,2.142857142857143,7.244941546337007
7.0773,1,1,3,0,Urban,Midwest,1,1,Land-Home,2,260000,1800,3,202310,1.0184,23100210,1.6666666666666667,7.496097345175956
7.0773,1,1,3,0,Urban,Midwest,1,1,Land-Home,2,260000,1800,3,202310,1.0184,23100211,1.6666666666666667,7.496097345175956
7.0773,1,1,3,0,Urban,Midwest,1,3,Other,2,110000,1600,3,202310,1.0184,23100213,1.875,7.3783837129967145
7.0773,2,1,3,0,Urban,Midwest,1,1,Land-Home,2,150000,1600,3,202310,1.0184,23100214,1.875,7.3783837129967145
7.3684,2,1,3,0,Urban,Midwest,1,1,Vehicle,2,110000,1300,3,202310,1.0184,23100215,2.307692307692308,7.170888478512505
31.7036,2,1,5,0,Rural,South,1,1,Land-Home,2,120000,1700,3,202310,1.0184,23100216,1.7647058823529413,7.438971592395862
31.7036,2,1,3,0,Suburban,South,1,3,Land-Home,2,240000,2500,3,202310,1.0184,23100217,1.2,7.824445930877619
7.0773,2,1,3,0,Rural,Midwest,1,1,Vehicle,2,150000,1300,3,202310,1.0184,23100218,2.307692307692308,7.170888478512505
7.0773,2,1,3,0,Rural,Midwest,1,1,Vehicle,2,140000,1600,3,202310,1.0184,23100219,1.875,7.3783837129967145
7.0773,1,1,3,0,Rural,Midwest,1,1,Other,2,120000,2000,3,202310,1.0184,23100220,1.5,7.601402334583733
7.0773,2,1,3,0,Rural,Midwest,1,3,Land-Home,2,200000,2200,3,202310,1.0184,23100221,1.3636363636363638,7.696667081526462
7.0773,2,1,3,0,Rural,Midwest,1,1,Land-Home,2,160000,1600,3,202310,1.0184,23100222,1.875,7.3783837129967145
7.0773,2,1,3,0,Suburban,Midwest,1,1,Land-Home,2,160000,2400,3,202310,1.0184,23100223,1.25,7.783640596221253
7.0773,1,1,3,0,Rural,Midwest,1,1,Other,2,120000,2000,3,202310,1.0184,23100224,1.5,7.601402334583733
7.0773,2,1,3,0,Rural,Midwest,1,2,Vehicle,2,180000,2000,3,202310,1.0184,23100225,1.5,7.601402334583733
7.0773,2,1,3,0,Rural,Midwest,1,2,Land-Home,2,150000,1700,3,202310,1.0184,23100226,1.7647058823529413,7.438971592395862
7.0773,1,1,3,0,Rural,Midwest,1,1,Land-Home,2,150000,1600,3,202310,1.0184,23100227,1.875,7.3783837129967145
7.0773,2,1,3,0,Suburban,Midwest,1,1,Land-Home,2,140000,1600,3,202310,1.0184,23100228,1.875,7.3783837129967145
7.0773,2,1,3,0,Urban,Midwest,1,1,Land-Home,2,140000,1600,3,202310,1.0184,23100229,1.875,7.3783837129967145
7.0773,2,1,3,0,Rural,Midwest,1,1,Land-Home,2,160000,2000,3,202310,1.0184,23100230,1.5,7.601402334583733
7.0773,2,1,3,0,Rural,Midwest,1,1,Land-Home,2,160000,2000,3,202310,1.0184,23100231,1.5,7.601402334583733
7.0773,2,1,3,0,Rural,Midwest,1,1,Land-Home,2,150000,1600,3,202310,1.0184,23100232,1.875,7.3783837129967145
7.3684,2,1,5,0,Rural,West,3,3,Land-Home,2,140000,1600,3,202310,1.0184,23100233,1.875,7.3783837129967145
7.3684,2,1,5,0,Rural,West,3,1,Land-Home,2,140000,1500,3,202310,1.0184,23100234,2.0,7.313886831633462
7.3684,2,1,5,0,Rural,West,3,3,Vehicle,2,160000,1600,3,202310,1.0184,23100235,1.875,7.3783837129967145
4.9123,1,1,3,0,Suburban,,1,1,Land-Home,3,230000,2700,3,202310,1.0184,23100236,1.1111111111111112,7.901377353792616
7.3684,2,1,3,0,Suburban,West,1,1,Land-Home,2,140000,1500,3,202310,1.0184,23100237,2.0,7.313886831633462
7.3684,2,1,5,0,Suburban,West,4,1,Land-Home,2,220000,2300,3,202310,1.0184,23100238,1.3043478260869565,7.741099090035366
7.3684,2,1,3,0,Suburban,West,1,1,Land-Home,2,150000,1800,3,202310,1.0184,23100239,1.6666666666666667,7.496097345175956
4.9123,1,1,3,0,Suburban,,1,1,Land-Home,3,210000,2700,3,202310,1.0184,23100240,1.1111111111111112,7.901377353792616
6.4,2,1,3,0,Suburban,Northeast,1,1,Land-Home,2,130000,1600,3,202310,1.0184,23100241,1.875,7.3783837129967145
6.4,2,1,3,0,Urban,Northeast,1,1,Land-Home,2,120000,1500,3,202310,1.0184,23100242,2.0,7.313886831633462
31.7036,2,1,3,0,Rural,South,1,1,Vehicle,2,190000,1600,3,202310,1.0184,23100243,1.875,7.3783837129967145
31.7036,2,1,5,0,Suburban,South,4,3,Land-Home,2,78000,1600,3,202310,1.0184,23100244,1.875,7.3783837129967145
31.7036,2,1,3,0,Suburban,South,1,1,Land-Home,2,160000,2200,3,202310,1.0184,23100245,1.3636363636363638,7.696667081526462
31.7036,2,1,3,0,Rural,South,3,1,Land-Home,2,110000,1600,3,202310,1.0184,23100246,1.875,7.3783837129967145
7.0773,1,1,3,0,Urban,Midwest,1,1,Land-Home,2,130000,1300,1,202310,1.0184,23100247,0.7692307692307693,7.170888478512505
7.0773,2,1,3,0,Urban,Midwest,1,1,Vehicle,2,120000,1100,3,202310,1.0184,23100248,2.7272727272727275,7.00397413672268
7.0773,2,1,3,0,Urban,Midwest,1,1,Other,2,140000,1600,3,202310,1.0184,23100249,1.875,7.3783837129967145
7.0773,1,1,4,0,Urban,Midwest,1,1,Vehicle,2,86000,1100,3,202310,1.0184,23100250,2.7272727272727275,7.00397413672268
7.0773,2,1,3,0,Rural,Midwest,1,1,Land-Home,2,120000,1300,3,202310,1.0184,23100251,2.307692307692308,7.170888478512505
7.0773,2,1,3,0,Suburban,South,1,1,Land-Home,2,130000,1600,3,202310,1.0184,23100252,1.875,7.3783837129967145
31.7036,2,1,3,0,Rural,South,1,1,Land-Home,2,160000,1800,3,202310,1.0184,23100253,1.6666666666666667,7.496097345175956
7.3684,2,1,3,0,Suburban,South,1,1,Land-Home,2,130000,1300,3,202310,1.0184,23100254,2.307692307692308,7.170888478512505
31.7036,2,1,3,0,Rural,South,1,1,Land-Home,2,120000,1600,3,202310,1.0184,23100255,1.875,7.3783837129967145
31.7036,2,1,3,0,Rural,South,1,1,Vehicle,2,110000,2100,3,202310,1.0184,23100256,1.4285714285714286,7.650168700845001
31.7036,2,1,3,0,Suburban,South,1,1,Land-Home,2,140000,1500,3,202310,1.0184,23100257,2.0,7.313886831633462
7.3684,2,1,3,0,Rural,West,1,1,Vehicle,2,190000,1800,3,202310,1.0184,23100258,1.6666666666666667,7.496097345175956
7.3684,2,1,3,0,Suburban,West,1,1,Vehicle,2,160000,2000,3,202310,1.0184,23100259,1.5,7.601402334583733
4.9123,2,1,3,0,Suburban,,1,1,Vehicle,3,190000,2500,3,202310,1.0184,23100260,1.2,7.824445930877619
7.3684,1,1,3,0,Suburban,West,1,1,Land-Home,2,92000,1800,3,202310,1.0184,23100261,1.6666666666666667,7.496097345175956
6.4,2,1,3,0,Urban,Northeast,1,1,Land-Home,2,190000,1700,3,202310,1.0184,23100262,1.7647058823529413,7.438971592395862
6.4,2,1,3,0,Rural,Northeast,1,1,Vehicle,2,180000,2000,3,202310,1.0184,23100263,1.5,7.601402334583733
6.4,1,1,3,0,Urban,Northeast,1,1,Land-Home,2,160000,1600,3,202310,1.0184,23100264,1.875,7.3783837129967145
6.4,2,1,3,0,Suburban,Northeast,1,1,Land-Home,2,140000,1500,3,202310,1.0184,23100265,2.0,7.313886831633462
6.4,2,1,3,0,Suburban,Northeast,1,1,Vehicle,2,110000,1600,3,202310,1.0184,23100266,1.875,7.3783837129967145
6.4,2,1,3,0,Suburban,Northeast,1,2,Vehicle,2,150000,1600,3,202310,1.0184,23100267,1.875,7.3783837129967145
6.4,1,1,3,0,Rural,Northeast,1,2,Land-Home,2,130000,1600,3,202310,1.0184,23100268,1.875,7.3783837129967145
6.4,2,1,3,0,Rural,Northeast,1,2,Land-Home,2,110000,1200,3,202310,1.0184,23100269,2.5,7.0909098220799835
31.7036,2,1,3,0,Suburban,South,1,1,Land-Home,2,210000,2100,3,202310,1.0184,23100270,1.4285714285714286,7.650168700845001
31.7036,2,1,4,0,Rural,South,1,3,Land-Home,2,190000,2500,3,202310,1.0184,23100271,1.2,7.824445930877619
31.7036,2,1,3,0,Rural,South,1,1,Land-Home,2,160000,1900,3,202310,1.0184,23100272,1.5789473684210527,7.550135342488429
31.7036,2,1,3,0,Rural,South,1,1,Vehicle,2,98000,1600,3,202310,1.0184,23100273,1.875,7.3783837129967145
31.7036,1,1,3,0,Suburban,South,1,2,Vehicle,2,130000,1700,3,202310,1.0184,23100274,1.7647058823529413,7.438971592395862
31.7036,2,1,3,0,Suburban,South,1,1,Vehicle,2,160000,1900,3,202310,1.0184,23100275,1.5789473684210527,7.550135342488429
31.7036,2,1,3,0,Rural,South,1,1,Land-Home,2,150000,1700,3,202310,1.0184,23100276,1.7647058823529413,7.438971592395862
31.7036,1,1,3,0,Rural,South,1,2,Vehicle,2,240000,2200,3,202310,1.0184,23100277,1.3636363636363638,7.696667081526462
31.7036,2,1,3,0,Rural,South,1,2,Land-Home,2,170000,2200,3,202310,1.0184,23100278,1.3636363636363638,7.696667081526462
31.7036,2,1,3,0,Suburban,South,1,1,Vehicle,2,160000,2100,3,202310,1.0184,23100279,1.4285714285714286,7.650168700845001
31.7036,2,1,3,0,Rural,South,1,1,Land-Home,2,78000,1600,3,202310,1.0184,23100280,1.875,7.3783837129967145
31.7036,2,1,3,0,Suburban,South,1,2,Land-Home,2,130000,1500,3,202310,1.0184,23100281,2.0,7.313886831633462
31.7036,2,1,3,0,Rural,South,1,2,Vehicle,2,180000,2200,3,202310,1.0184,23100282,1.3636363636363638,7.696667081526462
31.7036,2,1,5,0,Urban,South,1,2,Land-Home,2,160000,1700,3,202310,1.0184,23100283,1.7647058823529413,7.438971592395862
31.7036,2,1,5,0,Suburban,South,1,1,Land-Home,2,78000,1100,3,202310,1.0184,23100284,2.7272727272727275,7.00397413672268
31.7036,2,1,5,0,Rural,South,1,1,Land-Home,2,210000,2300,3,202310,1.0184,23100285,1.3043478260869565,7.741099090035366
31.7036,2,1,3,0,Suburban,South,1,1,Land-Home,2,160000,2000,3,202310,1.0184,23100286,1.5,7.601402334583733
31.7036,2,1,4,0,Rural,South,1,2,Land-Home,2,120000,1800,3,202310,1.0184,23100287,1.6666666666666667,7.496097345175956
31.7036,2,1,3,0,Rural,South,1,1,Land-Home,2,110000,2100,3,202310,1.0184,23100288,1.4285714285714286,7.650168700845001
31.7036,1,1,3,0,Rural,South,1,1,Land-Home,2,150000,1800,3,202310,1.0184,23100289,1.6666666666666667,7.496097345175956
31.7036,2,1,3,0,Rural,South,1,1,Land-Home,2,100000,1100,3,202310,1.0184,23100290,2.7272727272727275,7.00397413672268
31.7036,2,1,3,0,Suburban,South,1,1,Land-Home,2,200000,2500,3,202310,1.0184,23100291,1.2,7.824445930877619
31.7036,2,1,3,0,Rural,South,1,1,Land-Home,2,130000,1100,3,202310,1.0184,23100292,2.7272727272727275,7.00397413672268
31.7036,2,1,5,0,Rural,South,1,1,Land-Home,2,120000,1600,3,202310,1.0184,23100293,1.875,7.3783837129967145
31.7036,1,1,3,0,Rural,South,1,1,Other,2,78000,1800,3,202310,1.0184,23100294,1.6666666666666667,7.496097345175956
31.7036,2,1,4,0,Rural,South,2,1,Land-Home,2,130000,1600,3,202310,1.0184,23100295,1.875,7.3783837129967145
7.0773,1,1,3,0,Rural,Midwest,1,1,Land-Home,2,150000,1700,3,202310,1.0184,23100296,1.7647058823529413,7.438971592395862
7.3684,1,1,1,0,Rural,West,0,0,Vehicle,2,110000,880,3,202310,1.0184,23100297,3.4090909090909087,6.78105762593618
4.9123,2,1,1,0,Rural,,0,0,Land-Home,3,290000,2500,1,202310,1.0184,23100298,0.4,7.824445930877619
7.3684,2,1,1,0,Urban,West,0,0,Land-Home,2,92000,1300,3,202310,1.0184,23100299,2.307692307692308,7.170888478512505
7.3684,2,1,1,0,Rural,West,0,0,Land-Home,2,210000,1600,3,202310,1.0184,23100300,1.875,7.3783837129967145
7.3684,2,1,1,0,Rural,West,0,0,Land-Home,2,170000,2100,3,202310,1.0184,23100301,1.4285714285714286,7.650168700845001
7.3684,2,1,2,0,Rural,West,0,0,Land-Home,2,170000,1800,3,202310,1.0184,23100302,1.6666666666666667,7.496097345175956
7.3684,2,1,1,0,Rural,West,0,0,Land-Home,2,140000,1600,3,202310,1.0184,23100303,1.875,7.3783837129967145
4.9123,2,1,2,0,Rural,,0,0,Vehicle,3,340000,2500,3,202310,1.0184,23100304,1.2,7.824445930877619
7.3684,2,1,2,0,Urban,West,0,0,Vehicle,2,120000,1000,3,202310,1.0184,23100305,3.0,6.90875477931522
6.4,2,1,1,0,Rural,Northeast,0,0,Other,2,150000,1700,3,202310,1.0184,23100307,1.7647058823529413,7.438971592395862
6.4,2,1,1,0,Urban,Northeast,0,0,Vehicle,2,180000,1600,3,202310,1.0184,23100308,1.875,7.3783837129967145
6.4,2,1,1,0,Urban,Northeast,0,0,Vehicle,2,130000,1500,3,202310,1.0184,23100309,2.0,7.313886831633462
6.4,1,1,1,0,Urban,Northeast,0,0,Vehicle,2,140000,1600,3,202310,1.0184,23100310,1.875,7.3783837129967145
6.4,2,1,1,0,Urban,Northeast,0,0,Land-Home,2,130000,1300,3,202310,1.0184,23100311,2.307692307692308,7.170888478512505
6.4,2,1,1,0,Urban,Northeast,0,0,Land-Home,2,170000,1500,3,202310,1.0184,23100312,2.0,7.313886831633462
6.4,2,1,1,0,Rural,Northeast,0,0,Land-Home,2,210000,1600,3,202310,1.0184,23100313,1.875,7.3783837129967145
6.4,2,1,1,0,Urban,Northeast,0,0,Vehicle,2,190000,1500,3,202310,1.0184,23100314,2.0,7.313886831633462
6.4,2,1,1,0,Rural,Northeast,0,0,Vehicle,2,160000,1600,3,202310,1.0184,23100315,1.875,7.3783837129967145
6.4,2,1,1,0,Urban,Northeast,0,0,Vehicle,2,140000,1300,3,202310,1.0184,23100317,2.307692307692308,7.170888478512505
7.0773,2,1,1,0,Urban,Midwest,0,0,Land-Home,2,86000,1600,3,202310,1.0184,23100318,1.875,7.3783837129967145
7.0773,2,1,1,0,Urban,Midwest,0,0,Other,2,160000,2000,3,202310,1.0184,23100319,1.5,7.601402334583733
7.0773,1,1,1,0,Urban,Midwest,0,0,Land-Home,2,160000,2000,3,202310,1.0184,23100320,1.5,7.601402334583733
7.0773,1,1,1,0,Urban,Midwest,0,0,Land-Home,2,170000,1700,3,202310,1.0184,23100321,1.7647058823529413,7.438971592395862
7.0773,1,1,1,0,Urban,Midwest,0,0,Other,2,170000,1400,3,202310,1.0184,23100322,2.142857142857143,7.244941546337007
7.0773,1,1,1,0,Urban,Midwest,0,0,Land-Home,2,160000,1900,3,202310,1.0184,23100323,1.5789473684210527,7.550135342488429
7.0773,1,1,1,0,Urban,Midwest,0,0,Other,2,170000,1400,3,202310,1.0184,23100324,2.142857142857143,7.244941546337007
7.0773,1,1,1,0,Urban,Midwest,0,0,Other,2,170000,1400,3,202310,1.0184,23100325,2.142857142857143,7.244941546337007
7.0773,1,1,1,0,Suburban,Midwest,0,0,Vehicle,2,140000,2000,3,202310,1.0184,23100326,1.5,7.601402334583733
7.0773,2,1,2,0,Urban,Midwest,0,0,Land-Home,2,130000,2000,3,202310,1.0184,23100327,1.5,7.601402334583733
7.3684,2,1,1,0,Rural,West,0,0,Vehicle,2,130000,1300,3,202310,1.0184,23100328,2.307692307692308,7.170888478512505
6.4,2,1,1,0,Rural,Northeast,0,0,Land-Home,2,130000,1500,3,202310,1.0184,23100329,2.0,7.313886831633462
6.4,2,1,1,0,Rural,Northeast,0,0,Vehicle,2,140000,1700,3,202310,1.0184,23100330,1.7647058823529413,7.438971592395862
6.4,2,1,1,0,Suburban,Northeast,0,0,Vehicle,2,110000,1800,3,202310,1.0184,23100331,1.6666666666666667,7.496097345175956
6.4,2,1,1,0,Rural,Northeast,0,0,Vehicle,2,110000,1500,3,202310,1.0184,23100332,2.0,7.313886831633462
6.4,2,1,1,0,Rural,Northeast,0,0,Vehicle,2,160000,1600,3,202310,1.0184,23100333,1.875,7.3783837129967145
7.0773,2,1,1,0,Suburban,Midwest,0,0,Land-Home,2,130000,1400,3,202310,1.0184,23100334,2.142857142857143,7.244941546337007
7.0773,2,1,2,0,Suburban,Midwest,0,0,Vehicle,2,120000,1700,3,202310,1.0184,23100335,1.7647058823529413,7.438971592395862
6.4,1,1,1,0,Urban,Northeast,0,0,Land-Home,2,130000,1200,3,202310,1.0184,23100336,2.5,7.0909098220799835
6.4,2,1,2,0,Suburban,Northeast,0,0,Vehicle,2,93000,1300,3,202310,1.0184,23100337,2.307692307692308,7.170888478512505
6.4,2,1,1,0,Urban,Northeast,0,0,Land-Home,2,210000,1800,3,202310,1.0184,23100338,1.6666666666666667,7.496097345175956
6.4,1,1,1,0,Urban,Northeast,0,0,Land-Home,2,310000,1300,3,202310,1.0184,23100339,2.307692307692308,7.170888478512505
6.4,1,1,1,0,Urban,Northeast,0,0,Land-Home,2,120000,1200,1,202310,1.0184,23100340,0.8333333333333334,7.0909098220799835
6.4,1,1,1,0,Urban,Northeast,0,0,Land-Home,2,310000,1400,1,202310,1.0184,23100341,0.7142857142857143,7.244941546337007
31.7036,2,1,1,0,Rural,South,0,0,Land-Home,2,240000,1900,3,202310,1.0184,23100342,1.5789473684210527,7.550135342488429
7.0773,2,1,1,0,Rural,Midwest,0,0,Vehicle,2,160000,1900,3,202310,1.0184,23100343,1.5789473684210527,7.550135342488429
7.0773,2,1,1,0,Suburban,Midwest,0,0,Land-Home,2,150000,1700,3,202310,1.0184,23100344,1.7647058823529413,7.438971592395862
7.3684,1,2,9,0,,West,9,9,,2,92000,1100,3,202310,1.0184,23100345,2.7272727272727275,7.00397413672268
7.3684,1,2,9,0,,West,9,9,,2,140000,1600,3,202310,1.0184,23100346,1.875,7.3783837129967145
7.3684,2,2,9,0,,West,9,9,,2,120000,1100,1,202310,1.0184,23100347,0.9090909090909091,7.00397413672268
31.7036,1,2,9,0,,South,9,9,,2,160000,1800,3,202310,1.0184,23100348,1.6666666666666667,7.496097345175956
31.7036,1,2,9,0,,South,9,9,,2,160000,2500,3,202310,1.0184,23100349,1.2,7.824445930877619
31.7036,1,2,9,0,,South,9,9,,2,140000,2000,3,202310,1.0184,23100350,1.5,7.601402334583733
31.7036,1,2,9,0,,South,9,9,,2,140000,2000,3,202310,1.0184,23100351,1.5,7.601402334583733
31.7036,1,2,9,0,,South,9,9,,2,190000,2500,3,202310,1.0184,23100352,1.2,7.824445930877619
31.7036,1,2,9,0,,South,9,9,,2,170000,2100,3,202310,1.0184,23100353,1.4285714285714286,7.650168700845001
31.7036,1,2,9,0,,South,9,9,,2,160000,2500,3,202310,1.0184,23100354,1.2,7.824445930877619
7.0773,1,2,9,0,,West,9,9,,2,110000,1500,3,202310,1.0184,23100355,2.0,7.313886831633462
7.0773,1,2,9,0,,Midwest,9,9,,2,140000,1100,1,202310,1.0184,23100356,0.9090909090909091,7.00397413672268
7.0773,1,2,9,0,,Midwest,9,9,,2,140000,1500,3,202310,1.0184,23100357,2.0,7.313886831633462
31.7036,1,2,9,0,,South,9,9,,2,190000,2500,3,202310,1.0184,23100358,1.2,7.824445930877619
7.3684,1,2,9,0,,West,9,9,,2,92000,1300,3,202310,1.0184,23100359,2.307692307692308,7.170888478512505
31.7036,1,2,9,0,,South,9,9,,2,130000,2100,3,202310,1.0184,23100360,1.4285714285714286,7.650168700845001
7.0773,1,2,9,0,,Midwest,9,9,,2,120000,1600,3,202310,1.0184,23100361,1.875,7.3783837129967145
4.9123,1,2,9,0,,,9,9,,3,190000,2500,3,202310,1.0184,23100362,1.2,7.824445930877619
31.7036,1,2,9,0,,South,9,9,,2,140000,1600,3,202310,1.0184,23100363,1.875,7.3783837129967145
31.7036,1,2,9,0,,South,9,9,,2,160000,1900,3,202310,1.0184,23100364,1.5789473684210527,7.550135342488429
31.7036,1,2,9,0,,South,9,9,,2,160000,1900,3,202310,1.0184,23100365,1.5789473684210527,7.550135342488429
6.4,1,2,9,0,,Northeast,9,9,,2,150000,1500,3,202310,1.0184,23100366,2.0,7.313886831633462
31.7036,1,2,9,0,,South,9,9,,2,130000,1600,3,202310,1.0184,23100367,1.875,7.3783837129967145
7.3684,1,2,9,0,,West,9,9,,2,92000,1100,3,202310,1.0184,23100368,2.7272727272727275,7.00397413672268
31.7036,1,2,9,0,,South,9,9,,2,130000,1700,3,202310,1.0184,23100369,1.7647058823529413,7.438971592395862
31.7036,1,2,9,0,,South,9,9,,2,160000,2100,3,202310,1.0184,23100370,1.4285714285714286,7.650168700845001
31.7036,1,2,9,0,,South,9,9,,2,130000,1700,3,202310,1.0184,23100371,1.7647058823529413,7.438971592395862
7.3684,1,2,9,0,,South,9,9,,2,120000,1100,1,202310,1.0184,23100372,0.9090909090909091,7.00397413672268
7.0773,1,2,9,0,,Midwest,9,9,,2,150000,1700,3,202310,1.0184,23100373,1.7647058823529413,7.438971592395862
31.7036,1,2,9,0,,South,9,9,,2,110000,1900,3,202310,1.0184,23100374,1.5789473684210527,7.550135342488429
7.3684,2,2,9,0,,West,9,9,,2,240000,2300,3,202310,1.0184,23100375,1.3043478260869565,7.741099090035366
31.7036,1,2,9,0,,South,9,9,,2,78000,1300,3,202310,1.0184,23100376,2.307692307692308,7.170888478512505
31.7036,1,2,9,0,,South,9,9,,2,240000,2500,3,202310,1.0184,23100377,1.2,7.824445930877619
7.0773,1,2,9,0,,Midwest,9,9,,2,100000,1600,3,202310,1.0184,23100378,1.875,7.3783837129967145
7.0773,2,2,9,0,,Midwest,9,9,,2,140000,1600,3,202310,1.0184,23100379,1.875,7.3783837129967145
31.7036,1,2,9,0,,South,9,9,,2,140000,1600,3,202310,1.0184,23100380,1.875,7.3783837129967145
6.4,1,2,9,0,,Northeast,9,9,,2,140000,1600,1,202310,1.0184,23100381,0.625,7.3783837129967145
31.7036,1,2,9,0,,South,9,9,,2,97000,1600,3,202310,1.0184,23100382,1.875,7.3783837129967145
31.7036,1,2,9,0,,South,9,9,,2,170000,1900,3,202310,1.0184,23100383,1.5789473684210527,7.550135342488429
7.3684,1,2,9,0,,West,9,9,,2,150000,1700,3,202310,1.0184,23100384,1.7647058823529413,7.438971592395862
31.7036,1,2,9,0,,South,9,9,,2,130000,1300,3,202310,1.0184,23100385,2.307692307692308,7.170888478512505
31.7036,1,2,9,0,,South,9,9,,2,160000,1900,3,202310,1.0184,23100386,1.5789473684210527,7.550135342488429
6.4,1,2,9,0,,Northeast,9,9,,2,140000,1500,3,202310,1.0184,23100387,2.0,7.313886831633462
4.9123,1,2,9,0,,,9,9,,3,270000,2500,3,202310,1.0184,23100388,1.2,7.824445930877619
7.3684,1,2,9,0,,West,9,9,,2,120000,1100,3,202310,1.0184,23100389,2.7272727272727275,7.00397413672268
7.3684,1,2,9,0,,West,9,9,,2,150000,1600,3,202310,1.0184,23100390,1.875,7.3783837129967145
7.3684,2,2,9,0,,West,9,9,,2,150000,1600,3,202310,1.0184,23100391,1.875,7.3783837129967145
7.3684,1,2,9,0,,West,9,9,,2,110000,1500,3,202310,1.0184,23100392,2.0,7.313886831633462
31.7036,1,2,9,0,,South,9,9,,2,140000,1600,3,202310,1.0184,23100393,1.875,7.3783837129967145
7.3684,2,2,9,0,,West,9,9,,2,120000,1100,1,202310,1.0184,23100394,0.9090909090909091,7.00397413672268
7.3684,2,2,9,0,,West,9,9,,2,120000,1100,1,202310,1.0184,23100395,0.9090909090909091,7.00397413672268
6.4,1,2,9,0,,Northeast,9,9,,2,140000,1300,3,202310,1.0184,23100396,2.307692307692308,7.170888478512505
6.4,1,2,9,0,,Northeast,9,9,,2,160000,1900,3,202310,1.0184,23100397,1.5789473684210527,7.550135342488429
6.4,1,2,9,0,,Northeast,9,9,,2,93000,1600,3,202310,1.0184,23100398,1.875,7.3783837129967145
31.7036,2,2,9,0,,South,9,9,,2,170000,2100,3,202310,1.0184,23100399,1.4285714285714286,7.650168700845001
7.0773,1,2,9,0,,Midwest,9,9,,2,130000,1600,3,202310,1.0184,23100400,1.875,7.3783837129967145
7.0773,1,2,9,0,,Midwest,9,9,,2,110000,1600,3,202310,1.0184,23100401,1.875,7.3783837129967145
31.7036,1,2,9,0,,South,9,9,,2,190000,2300,3,202310,1.0184,23100402,1.3043478260869565,7.741099090035366
6.4,1,2,9,0,,Northeast,9,9,,2,150000,1800,3,202310,1.0184,23100403,1.6666666666666667,7.496097345175956
6.4,1,2,9,0,,Northeast,9,9,,2,93000,1300,3,202310,1.0184,23100404,2.307692307692308,7.170888478512505
6.4,1,2,9,0,,Northeast,9,9,,2,160000,1600,3,202310,1.0184,23100405,1.875,7.3783837129967145
31.7036,1,2,9,0,,South,9,9,,2,120000,2200,3,202310,1.0184,23100406,1.3636363636363638,7.696667081526462
31.7036,1,2,9,0,,South,9,9,,2,170000,2200,3,202310,1.0184,23100407,1.3636363636363638,7.696667081526462
31.7036,1,2,9,0,,South,9,9,,2,150000,2100,3,202310,1.0184,23100408,1.4285714285714286,7.650168700845001
31.7036,1,2,9,0,,South,9,9,,2,190000,2100,3,202310,1.0184,23100409,1.4285714285714286,7.650168700845001
31.7036,1,2,9,0,,South,9,9,,2,190000,2500,3,202310,1.0184,23100410,1.2,7.824445930877619
31.7036,1,2,9,0,,South,9,9,,2,110000,1100,1,202310,1.0184,23100411,0.9090909090909091,7.00397413672268
31.7036,1,2,9,0,,South,9,9,,2,140000,1900,3,202310,1.0184,23100412,1.5789473684210527,7.550135342488429
31.7036,1,2,9,0,,South,9,9,,2,120000,1600,3,202310,1.0184,23100413,1.875,7.3783837129967145
7.0773,1,2,9,0,,Midwest,9,9,,2,170000,2000,3,202310,1.0184,23100414,1.5,7.601402334583733
31.7036,1,2,9,0,,South,9,9,,2,110000,1300,3,202310,1.0184,23100415,2.307692307692308,7.170888478512505
31.7036,1,2,9,0,,South,9,9,,2,110000,1700,3,202310,1.0184,23100416,1.7647058823529413,7.438971592395862
31.7036,1,2,9,0,,South,9,9,,2,140000,1600,3,202310,1.0184,23100417,1.875,7.3783837129967145
31.7036,1,2,9,0,,South,9,9,,2,140000,1600,3,202310,1.0184,23100418,1.875,7.3783837129967145
60.8643,2,1,3,0,Suburban,South,1,1,Land-Home,1,47200,840,1,202311,1.1066,23110001,1.1904761904761907,6.734591659972948
60.8643,2,1,3,0,Suburban,South,1,1,Land-Home,1,79000,840,1,202311,1.1066,23110002,1.1904761904761907,6.734591659972948
60.8643,2,1,4,0,Urban,South,1,1,Vehicle,1,70000,900,1,202311,1.1066,23110003,1.1111111111111112,6.803505257608338
14.2947,2,1,5,0,Rural,West,1,1,Land-Home,1,120000,960,1,202311,1.1066,23110004,1.0416666666666667,6.8679744089702925
14.2947,1,1,4,0,Urban,West,3,1,Land-Home,1,85000,1100,3,202311,1.1066,23110005,2.7272727272727275,7.00397413672268
60.8643,2,1,3,0,Suburban,South,1,1,Land-Home,1,81000,1200,3,202311,1.1066,23110006,2.5,7.0909098220799835
60.8643,2,1,3,0,Rural,South,1,2,Land-Home,1,95000,1200,3,202311,1.1066,23110007,2.5,7.0909098220799835
14.2947,2,1,3,0,Urban,West,1,1,Land-Home,1,87000,1000,1,202311,1.1066,23110008,1.0,6.90875477931522
60.8643,2,1,4,0,Urban,South,1,1,Land-Home,1,95000,1200,3,202311,1.1066,23110009,2.5,7.0909098220799835
60.8643,2,1,3,0,Urban,South,1,1,Other,1,71000,650,1,202311,1.1066,23110010,1.5384615384615385,6.478509642208569
60.8643,1,1,3,0,Rural,South,1,1,Land-Home,1,70000,650,1,202311,1.1066,23110011,1.5384615384615385,6.478509642208569
14.2947,2,1,3,0,Rural,West,3,1,Vehicle,1,92000,1200,3,202311,1.1066,23110012,2.5,7.0909098220799835
14.2947,2,1,3,0,Urban,Midwest,1,1,Land-Home,1,92000,1100,1,202311,1.1066,23110014,0.9090909090909091,7.00397413672268
11.6455,1,1,3,0,Urban,Midwest,1,1,Land-Home,1,86000,1100,3,202311,1.1066,23110015,2.7272727272727275,7.00397413672268
11.6455,1,1,3,0,Urban,Midwest,1,1,Land-Home,1,90000,1100,3,202311,1.1066,23110017,2.7272727272727275,7.00397413672268
11.6455,2,1,3,0,Urban,Midwest,1,1,Land-Home,1,88000,1100,1,202311,1.1066,23110018,0.9090909090909091,7.00397413672268
11.6455,2,1,3,0,Rural,Midwest,1,1,Land-Home,1,76000,780,1,202311,1.1066,23110019,1.2820512820512822,6.660575149839686
11.6455,2,1,3,0,Urban,Midwest,1,1,Land-Home,1,86000,780,1,202311,1.1066,23110020,1.2820512820512822,6.660575149839686
60.8643,2,1,3,0,Urban,South,1,1,Land-Home,1,84000,1100,3,202311,1.1066,23110021,2.7272727272727275,7.00397413672268
60.8643,2,1,4,0,Rural,South,1,1,Land-Home,1,96000,1300,3,202311,1.1066,23110022,2.307692307692308,7.170888478512505
11.6455,2,1,3,0,Urban,Midwest,1,1,Land-Home,1,53000,1100,1,202311,1.1066,23110023,0.9090909090909091,7.00397413672268
11.6455,1,1,3,0,Urban,Midwest,1,1,Land-Home,1,90000,1100,3,202311,1.1066,23110024,2.7272727272727275,7.00397413672268
11.6455,2,1,3,0,Urban,Midwest,1,1,Land-Home,1,88000,1100,1,202311,1.1066,23110027,0.9090909090909091,7.00397413672268
11.6455,2,1,5,0,Urban,Midwest,1,3,Land-Home,1,98000,1300,3,202311,1.1066,23110028,2.307692307692308,7.170888478512505
11.6455,2,1,3,0,,Midwest,1,1,Land-Home,1,74000,1100,1,202311,1.1066,23110029,0.9090909090909091,7.00397413672268
14.2947,1,1,5,0,Urban,Midwest,3,1,Other,1,96000,1200,3,202311,1.1066,23110030,2.5,7.0909098220799835
11.6455,2,1,3,0,Urban,Midwest,1,1,Land-Home,1,53000,1100,1,202311,1.1066,23110031,0.9090909090909091,7.00397413672268
60.8643,2,1,5,0,Rural,South,1,1,Land-Home,1,65000,1300,3,202311,1.1066,23110032,2.307692307692308,7.170888478512505
11.6455,2,1,3,0,Rural,Midwest,1,1,Vehicle,1,76000,780,1,202311,1.1066,23110033,1.2820512820512822,6.660575149839686
11.6455,2,1,3,0,Rural,Midwest,1,1,Land-Home,1,76000,780,1,202311,1.1066,23110034,1.2820512820512822,6.660575149839686
11.6455,2,1,3,0,Rural,Midwest,1,1,Land-Home,1,76000,780,1,202311,1.1066,23110035,1.2820512820512822,6.660575149839686
11.6455,2,1,3,0,Rural,Midwest,1,2,Vehicle,1,76000,780,1,202311,1.1066,23110036,1.2820512820512822,6.660575149839686
14.2947,2,1,3,0,Urban,West,1,1,Land-Home,1,88000,1100,3,202311,1.1066,23110037,2.7272727272727275,7.00397413672268
14.2947,2,1,3,0,Suburban,West,1,1,Land-Home,1,87000,1000,1,202311,1.1066,23110038,1.0,6.90875477931522
11.6455,2,1,3,0,Rural,Midwest,1,1,Land-Home,1,76000,780,1,202311,1.1066,23110039,1.2820512820512822,6.660575149839686
11.6455,2,1,3,0,Rural,Midwest,1,1,Land-Home,1,76000,780,1,202311,1.1066,23110040,1.2820512820512822,6.660575149839686
11.6455,2,1,3,0,Rural,Midwest,1,1,Land-Home,1,98000,1300,3,202311,1.1066,23110041,2.307692307692308,7.170888478512505
14.2947,2,1,5,0,Suburban,West,4,3,Land-Home,1,76000,960,1,202311,1.1066,23110042,1.0416666666666667,6.8679744089702925
14.2947,1,1,3,0,Rural,West,1,1,Land-Home,1,87000,1000,1,202311,1.1066,23110043,1.0,6.90875477931522
14.2947,2,1,3,0,Suburban,West,1,1,Land-Home,1,84000,960,1,202311,1.1066,23110044,1.0416666666666667,6.8679744089702925
14.2947,2,1,4,0,Suburban,West,1,2,Land-Home,1,87000,1000,1,202311,1.1066,23110045,1.0,6.90875477931522
60.8643,2,1,3,0,Suburban,West,1,1,Land-Home,1,70000,1200,3,202311,1.1066,23110046,2.5,7.0909098220799835
60.8643,2,1,3,0,Urban,South,1,1,Other,1,95000,1200,3,202311,1.1066,23110047,2.5,7.0909098220799835
60.8643,2,1,3,0,Rural,South,1,1,Land-Home,1,75000,650,1,202311,1.1066,23110048,1.5384615384615385,6.478509642208569
11.6455,2,1,3,0,Urban,Midwest,1,1,Land-Home,1,68000,1200,3,202311,1.1066,23110049,2.5,7.0909098220799835
11.6455,2,1,3,0,Urban,Midwest,1,1,Vehicle,1,95000,1200,3,202311,1.1066,23110050,2.5,7.0909098220799835
11.6455,1,1,3,0,Urban,Midwest,1,1,Land-Home,1,80000,1300,3,202311,1.1066,23110051,2.307692307692308,7.170888478512505
11.6455,2,1,3,0,Urban,Midwest,1,1,Vehicle,1,91000,1100,3,202311,1.1066,23110052,2.7272727272727275,7.00397413672268
9.433300000000001,2,1,3,0,Urban,Northeast,1,1,Land-Home,1,82000,930,1,202311,1.1066,23110054,1.075268817204301,6.836259277277067
9.433300000000001,2,1,3,0,Urban,Northeast,1,1,Land-Home,1,110000,1100,1,202311,1.1066,23110055,0.9090909090909091,7.00397413672268
9.433300000000001,2,1,3,0,Urban,Northeast,1,1,Land-Home,1,88000,1100,1,202311,1.1066,23110056,0.9090909090909091,7.00397413672268
9.433300000000001,2,1,3,0,Urban,Northeast,1,1,Land-Home,1,91000,930,1,202311,1.1066,23110057,1.075268817204301,6.836259277277067
9.433300000000001,2,1,3,0,Urban,Northeast,1,1,Other,1,76000,780,1,202311,1.1066,23110058,1.2820512820512822,6.660575149839686
9.433300000000001,2,1,3,0,Urban,Northeast,1,1,Land-Home,1,86000,1000,1,202311,1.1066,23110059,1.0,6.90875477931522
9.433300000000001,2,1,3,0,Urban,Northeast,1,1,Land-Home,1,78000,780,1,202311,1.1066,23110060,1.2820512820512822,6.660575149839686
9.433300000000001,2,1,3,0,Urban,Northeast,1,2,Vehicle,1,89000,1100,1,202311,1.1066,23110061,0.9090909090909091,7.00397413672268
60.8643,2,1,3,0,Suburban,South,1,1,Land-Home,1,100000,1200,3,202311,1.1066,23110062,2.5,7.0909098220799835
60.8643,2,1,5,0,Rural,South,1,3,Land-Home,1,89000,1100,1,202311,1.1066,23110063,0.9090909090909091,7.00397413672268
60.8643,2,1,5,0,Rural,South,1,1,Land-Home,1,95000,1200,3,202311,1.1066,23110064,2.5,7.0909098220799835
60.8643,2,1,5,0,Rural,South,1,1,Other,1,65000,1200,3,202311,1.1066,23110065,2.5,7.0909098220799835
60.8643,2,1,4,0,Suburban,South,1,2,Land-Home,1,65000,960,3,202311,1.1066,23110066,3.125,6.8679744089702925
14.2947,2,1,1,0,Suburban,West,0,0,Land-Home,1,160000,1100,1,202311,1.1066,23110067,0.9090909090909091,7.00397413672268
9.433300000000001,2,1,1,0,Urban,Northeast,0,0,Land-Home,1,140000,920,3,202311,1.1066,23110068,3.260869565217391,6.825460036255307
9.433300000000001,2,1,1,0,Urban,Northeast,0,0,Vehicle,1,110000,1200,3,202311,1.1066,23110069,2.5,7.0909098220799835
9.433300000000001,2,1,1,0,Urban,Northeast,0,0,Vehicle,1,110000,1100,1,202311,1.1066,23110070,0.9090909090909091,7.00397413672268
9.433300000000001,2,1,1,0,Urban,Northeast,0,0,Land-Home,1,100000,950,3,202311,1.1066,23110071,3.1578947368421053,6.85751406254539
9.433300000000001,2,1,1,0,Rural,Northeast,0,0,Land-Home,1,81000,670,1,202311,1.1066,23110072,1.492537313432836,6.508769136971682
9.433300000000001,2,1,1,0,Rural,Northeast,0,0,Land-Home,1,79000,920,1,202311,1.1066,23110073,1.0869565217391304,6.825460036255307
9.433300000000001,2,1,1,0,Urban,Northeast,0,0,Land-Home,1,110000,1100,1,202311,1.1066,23110074,0.9090909090909091,7.00397413672268
9.433300000000001,2,1,1,0,Rural,Northeast,0,0,Vehicle,1,97000,920,1,202311,1.1066,23110075,1.0869565217391304,6.825460036255307
11.6455,1,1,1,0,Urban,Midwest,0,0,Other,1,99000,840,3,202311,1.1066,23110076,3.571428571428571,6.734591659972948
11.6455,2,1,1,0,Urban,Midwest,0,0,Land-Home,1,83000,1200,3,202311,1.1066,23110077,2.5,7.0909098220799835
11.6455,2,1,1,0,Urban,Midwest,0,0,Land-Home,1,92000,1100,1,202311,1.1066,23110078,0.9090909090909091,7.00397413672268
11.6455,2,1,1,0,Rural,Midwest,0,0,Land-Home,1,95000,1200,3,202311,1.1066,23110079,2.5,7.0909098220799835
11.6455,2,1,1,0,Rural,Midwest,0,0,Land-Home,1,76000,780,1,202311,1.1066,23110080,1.2820512820512822,6.660575149839686
11.6455,2,1,1,0,Urban,Northeast,0,0,Land-Home,1,88000,1100,1,202311,1.1066,23110081,0.9090909090909091,7.00397413672268
9.433300000000001,2,1,1,0,Urban,Northeast,0,0,Land-Home,1,80000,1100,1,202311,1.1066,23110082,0.9090909090909091,7.00397413672268
9.433300000000001,2,1,1,0,Rural,Northeast,0,0,Land-Home,1,80000,1100,1,202311,1.1066,23110083,0.9090909090909091,7.00397413672268
11.6455,1,1,1,0,Urban,Midwest,0,0,Land-Home,1,97000,840,1,202311,1.1066,23110084,1.1904761904761907,6.734591659972948
11.6455,1,1,1,0,Urban,Midwest,0,0,Land-Home,1,91000,1100,3,202311,1.1066,23110085,2.7272727272727275,7.00397413672268
11.6455,2,1,1,0,Urban,Midwest,0,0,Land-Home,1,63000,840,1,202311,1.1066,23110086,1.1904761904761907,6.734591659972948
14.2947,1,2,9,0,,West,9,9,,1,140000,960,1,202311,1.1066,23110087,1.0416666666666667,6.8679744089702925
60.8643,1,2,9,0,,South,9,9,,1,93000,650,1,202311,1.1066,23110088,1.5384615384615385,6.478509642208569
60.864200000000004,1,2,9,0,,South,9,9,,1,91000,1200,3,202311,1.1066,23110089,2.5,7.0909098220799835
11.6455,1,2,9,0,,Midwest,9,9,,1,87000,1000,1,202311,1.1066,23110090,1.0,6.90875477931522
11.6455,2,2,9,0,,Midwest,9,9,,1,95000,1200,3,202311,1.1066,23110091,2.5,7.0909098220799835
11.6455,1,2,9,0,,Midwest,9,9,,1,79000,840,1,202311,1.1066,23110092,1.1904761904761907,6.734591659972948
14.2947,1,2,9,0,,West,9,9,,1,87000,1000,1,202311,1.1066,23110093,1.0,6.90875477931522
60.8643,2,2,9,0,,South,9,9,,1,100000,1300,3,202311,1.1066,23110094,2.307692307692308,7.170888478512505
60.8643,1,2,9,0,,South,9,9,,1,98000,1300,3,202311,1.1066,23110095,2.307692307692308,7.170888478512505
60.8643,1,2,9,0,,South,9,9,,1,95000,1200,3,202311,1.1066,23110096,2.5,7.0909098220799835
11.6454,1,2,9,0,,Midwest,9,9,,1,81000,1200,3,202311,1.1066,23110097,2.5,7.0909098220799835
14.2947,2,2,9,0,,West,9,9,,1,84000,960,1,202311,1.1066,23110098,1.0416666666666667,6.8679744089702925
60.8643,1,2,9,0,,South,9,9,,1,87000,1200,3,202311,1.1066,23110099,2.5,7.0909098220799835
60.8643,1,2,9,0,,South,9,9,,1,85000,980,3,202311,1.1066,23110100,3.061224489795918,6.8885724595653635
60.8643,1,2,9,0,,South,9,9,,1,98000,1300,3,202311,1.1066,23110101,2.307692307692308,7.170888478512505
60.8643,1,2,9,0,,South,9,9,,1,89000,1100,1,202311,1.1066,23110102,0.9090909090909091,7.00397413672268
60.8643,1,2,9,0,,South,9,9,,1,90000,1200,3,202311,1.1066,23110103,2.5,7.0909098220799835
11.6455,1,2,9,0,,Midwest,9,9,,1,77000,1100,3,202311,1.1066,23110104,2.7272727272727275,7.00397413672268
11.6455,1,2,9,0,,Midwest,9,9,,1,84000,1000,1,202311,1.1066,23110105,1.0,6.90875477931522
11.6455,1,2,9,0,,Midwest,9,9,,1,88000,1100,3,202311,1.1066,23110106,2.7272727272727275,7.00397413672268
11.6455,1,2,9,0,,Midwest,9,9,,1,88000,1100,1,202311,1.1066,23110108,0.9090909090909091,7.00397413672268
9.433300000000001,1,2,9,0,,Northeast,9,9,,1,85000,1100,1,202311,1.1066,23110109,0.9090909090909091,7.00397413672268
11.6455,1,2,9,0,,Midwest,9,9,,1,98000,1300,3,202311,1.1066,23110110,2.307692307692308,7.170888478512505
11.6455,1,2,9,0,,Midwest,9,9,,1,95000,1200,3,202311,1.1066,23110111,2.5,7.0909098220799835
11.6455,1,2,9,0,,Midwest,9,9,,1,88000,1100,3,202311,1.1066,23110112,2.7272727272727275,7.00397413672268
60.8643,1,2,9,0,,South,9,9,,1,95000,1200,3,202311,1.1066,23110113,2.5,7.0909098220799835
9.433300000000001,1,2,9,0,,Northeast,9,9,,1,86000,1000,1,202311,1.1066,23110114,1.0,6.90875477931522
60.864200000000004,1,2,9,0,,South,9,9,,1,80000,650,3,202311,1.1066,23110115,4.615384615384616,6.478509642208569
60.8643,1,2,9,0,,South,9,9,,1,95000,1200,3,202311,1.1066,23110116,2.5,7.0909098220799835
60.8643,1,2,9,0,,South,9,9,,1,95000,1200,3,202311,1.1066,23110117,2.5,7.0909098220799835
60.8643,1,2,9,0,,South,9,9,,1,85000,980,3,202311,1.1066,23110118,3.061224489795918,6.8885724595653635
30.432100000000002,2,1,3,0,Suburban,South,1,1,Land-Home,2,110000,1900,3,202311,0.997,23110205,1.5789473684210527,7.550135342488429
7.1474,2,1,3,0,Rural,West,1,1,Vehicle,2,190000,1300,3,202311,0.997,23110206,2.307692307692308,7.170888478512505
7.1474,2,1,3,0,Rural,West,1,1,Vehicle,2,170000,2000,3,202311,0.997,23110207,1.5,7.601402334583733
7.1474,1,1,5,0,Rural,West,1,1,Vehicle,2,160000,1600,3,202311,0.997,23110208,1.875,7.3783837129967145
7.1474,2,1,3,0,Rural,West,1,1,Land-Home,2,170000,2000,3,202311,0.997,23110209,1.5,7.601402334583733
7.1474,2,1,3,0,Rural,West,1,1,Land-Home,2,150000,1600,3,202311,0.997,23110210,1.875,7.3783837129967145
7.1474,2,1,4,0,Rural,West,3,1,Land-Home,2,150000,1600,3,202311,0.997,23110211,1.875,7.3783837129967145
7.1474,1,1,3,0,Urban,West,1,1,Other,2,300000,1500,3,202311,0.997,23110212,2.0,7.313886831633462
7.1474,2,1,3,0,Urban,West,3,1,Vehicle,2,300000,1600,3,202311,0.997,23110213,1.875,7.3783837129967145
7.1474,2,1,3,0,Urban,West,3,1,Land-Home,2,150000,1600,3,202311,0.997,23110215,1.875,7.3783837129967145
7.1474,2,1,4,0,Rural,West,3,1,Vehicle,2,210000,2000,3,202311,0.997,23110216,1.5,7.601402334583733
7.1474,2,1,3,0,Suburban,West,3,1,Land-Home,2,180000,1300,3,202311,0.997,23110217,2.307692307692308,7.170888478512505
7.1474,2,1,4,0,Rural,West,3,1,Land-Home,2,250000,2300,3,202311,0.997,23110218,1.3043478260869565,7.741099090035366
7.1474,1,1,4,0,Rural,West,3,1,Land-Home,2,170000,2000,3,202311,0.997,23110219,1.5,7.601402334583733
4.7649,2,1,3,0,Rural,,3,1,Land-Home,3,220000,3200,3,202311,0.997,23110220,0.9375,8.071218539969863
30.432100000000002,2,1,4,0,Rural,South,1,1,Vehicle,2,120000,1700,3,202311,0.997,23110221,1.7647058823529413,7.438971592395862
7.1474,2,1,4,0,Urban,West,3,2,Land-Home,2,210000,1200,3,202311,0.997,23110222,2.5,7.0909098220799835
7.1474,2,1,3,0,Urban,West,3,2,Land-Home,2,300000,1300,3,202311,0.997,23110223,2.307692307692308,7.170888478512505
7.1474,2,1,4,0,Suburban,West,1,2,Vehicle,2,210000,1200,1,202311,0.997,23110225,0.8333333333333334,7.0909098220799835
4.7649,2,1,5,0,Urban,,2,2,Land-Home,3,270000,2600,3,202311,0.997,23110226,1.153846153846154,7.8636512654486515
7.1474,1,1,4,0,Urban,West,3,1,Land-Home,2,220000,1600,3,202311,0.997,23110227,1.875,7.3783837129967145
7.1474,2,1,5,0,Suburban,West,4,3,Land-Home,2,110000,1300,3,202311,0.997,23110228,2.307692307692308,7.170888478512505
7.1474,2,1,3,0,Rural,West,1,1,Vehicle,2,140000,1100,3,202311,0.997,23110229,2.7272727272727275,7.00397413672268
7.1474,2,1,5,0,Urban,West,3,3,Land-Home,2,140000,1300,3,202311,0.997,23110230,2.307692307692308,7.170888478512505
7.1474,1,1,3,0,Rural,West,1,1,Vehicle,2,210000,1400,3,202311,0.997,23110231,2.142857142857143,7.244941546337007
7.1474,2,1,5,0,,West,1,2,Land-Home,2,92000,1300,3,202311,0.997,23110232,2.307692307692308,7.170888478512505
7.1474,2,1,4,0,Urban,West,3,1,Land-Home,2,210000,1300,3,202311,0.997,23110233,2.307692307692308,7.170888478512505
7.1474,2,1,5,0,Rural,West,4,1,Vehicle,2,190000,1600,3,202311,0.997,23110234,1.875,7.3783837129967145
7.1474,2,1,5,0,Rural,West,4,3,Land-Home,2,160000,880,1,202311,0.997,23110235,1.1363636363636362,6.78105762593618
4.7649,2,1,4,0,Rural,,3,2,Land-Home,3,300000,2400,1,202311,0.997,23110236,0.4166666666666667,7.783640596221253
7.1474,2,1,3,0,Urban,West,3,1,Vehicle,2,140000,1300,3,202311,0.997,23110237,2.307692307692308,7.170888478512505
7.1474,2,1,5,0,Rural,West,4,3,Land-Home,2,180000,1600,3,202311,0.997,23110238,1.875,7.3783837129967145
7.1474,2,1,5,0,Urban,West,1,1,Land-Home,2,150000,1500,3,202311,0.997,23110239,2.0,7.313886831633462
7.1474,2,1,4,0,Urban,West,3,1,Land-Home,2,160000,1600,1,202311,0.997,23110240,0.625,7.3783837129967145
7.1474,2,1,3,0,Urban,West,3,1,Land-Home,2,140000,1200,3,202311,0.997,23110241,2.5,7.0909098220799835
7.1474,2,1,3,0,Urban,West,3,1,Land-Home,2,150000,1600,3,202311,0.997,23110242,1.875,7.3783837129967145
7.1474,2,1,3,0,Urban,West,3,1,Land-Home,2,170000,2000,3,202311,0.997,23110243,1.5,7.601402334583733
7.1474,2,1,4,0,Urban,West,3,1,Land-Home,2,230000,1400,3,202311,0.997,23110244,2.142857142857143,7.244941546337007
7.1474,2,1,3,0,Urban,West,3,1,Land-Home,2,150000,1500,3,202311,0.997,23110245,2.0,7.313886831633462
4.7167,2,1,5,0,Rural,Northeast,1,1,Vehicle,2,170000,1300,3,202311,0.997,23110246,2.307692307692308,7.170888478512505
4.7167,2,1,3,0,Urban,Northeast,1,1,Vehicle,2,140000,1300,3,202311,0.997,23110247,2.307692307692308,7.170888478512505
30.432100000000002,1,1,3,0,Urban,South,1,1,Land-Home,2,170000,1900,3,202311,0.997,23110248,1.5789473684210527,7.550135342488429
30.432100000000002,2,1,5,0,Rural,South,1,1,Land-Home,2,100000,1600,3,202311,0.997,23110249,1.875,7.3783837129967145
30.432100000000002,2,1,3,0,Rural,South,1,1,Land-Home,2,240000,2500,3,202311,0.997,23110250,1.2,7.824445930877619
30.432100000000002,2,1,3,0,Urban,South,1,1,Land-Home,2,240000,2300,3,202311,0.997,23110251,1.3043478260869565,7.741099090035366
30.432100000000002,1,1,4,0,Rural,South,1,1,Land-Home,2,200000,2200,3,202311,0.997,23110252,1.3636363636363638,7.696667081526462
30.432100000000002,2,1,3,0,Urban,South,1,1,Land-Home,2,150000,1600,3,202311,0.997,23110253,1.875,7.3783837129967145
30.432100000000002,2,1,3,0,Urban,South,1,1,Other,2,190000,2500,3,202311,0.997,23110254,1.2,7.824445930877619
30.432100000000002,2,1,3,0,Urban,South,1,1,Land-Home,2,150000,1500,3,202311,0.997,23110255,2.0,7.313886831633462
30.432100000000002,2,1,5,0,Suburban,South,1,1,Vehicle,2,190000,2100,3,202311,0.997,23110256,1.4285714285714286,7.650168700845001
30.432100000000002,1,1,5,0,Urban,South,1,1,Vehicle,2,130000,1100,1,202311,0.997,23110257,0.9090909090909091,7.00397413672268
30.432100000000002,2,1,5,0,Suburban,South,1,1,Land-Home,2,150000,1600,3,202311,0.997,23110258,1.875,7.3783837129967145
30.432100000000002,2,1,3,0,Rural,South,1,1,Land-Home,2,180000,2100,3,202311,0.997,23110259,1.4285714285714286,7.650168700845001
30.432100000000002,2,1,3,0,Rural,South,1,1,Vehicle,2,200000,2300,3,202311,0.997,23110260,1.3043478260869565,7.741099090035366
30.432100000000002,2,1,3,0,Rural,South,1,1,Land-Home,2,100000,2100,3,202311,0.997,23110261,1.4285714285714286,7.650168700845001
30.432100000000002,2,1,3,0,Rural,South,1,1,Land-Home,2,180000,2000,3,202311,0.997,23110262,1.5,7.601402334583733
30.432100000000002,2,1,3,0,Rural,South,1,1,Land-Home,2,100000,2200,3,202311,0.997,23110263,1.3636363636363638,7.696667081526462
30.432100000000002,2,1,3,0,Rural,South,1,2,Vehicle,2,170000,2000,3,202311,0.997,23110264,1.5,7.601402334583733
5.8227,2,1,3,0,Suburban,Midwest,1,1,Land-Home,2,170000,1900,3,202311,0.997,23110265,1.5789473684210527,7.550135342488429
5.8227,2,1,3,0,Suburban,Midwest,1,1,Vehicle,2,170000,2000,3,202311,0.997,23110266,1.5,7.601402334583733
5.8227,2,1,3,0,Urban,Midwest,1,1,Land-Home,2,180000,2100,3,202311,0.997,23110268,1.4285714285714286,7.650168700845001
5.8227,2,1,3,0,Rural,Midwest,1,1,Vehicle,2,160000,1400,3,202311,0.997,23110269,2.142857142857143,7.244941546337007
5.8227,2,1,3,0,Rural,Midwest,1,1,Land-Home,2,150000,1500,3,202311,0.997,23110270,2.0,7.313886831633462
5.8227,1,1,3,0,Urban,Midwest,1,1,Other,2,120000,1700,3,202311,0.997,23110271,1.7647058823529413,7.438971592395862
5.8227,2,1,3,0,Rural,Midwest,1,1,Land-Home,2,190000,2400,3,202311,0.997,23110272,1.25,7.783640596221253
5.8227,2,1,4,0,Urban,Midwest,1,1,Land-Home,2,150000,2100,3,202311,0.997,23110273,1.4285714285714286,7.650168700845001
30.432100000000002,2,1,3,0,Rural,South,1,2,Land-Home,2,120000,1900,3,202311,0.997,23110274,1.5789473684210527,7.550135342488429
5.8227,2,1,3,0,Rural,South,1,1,Vehicle,2,140000,1900,3,202311,0.997,23110275,1.5789473684210527,7.550135342488429
30.432100000000002,2,1,3,0,Rural,South,1,2,Land-Home,2,140000,2200,3,202311,0.997,23110276,1.3636363636363638,7.696667081526462
30.432100000000002,2,1,3,0,Rural,South,1,1,Land-Home,2,120000,2000,3,202311,0.997,23110277,1.5,7.601402334583733
30.432100000000002,2,1,3,0,Rural,South,1,2,Land-Home,2,170000,1900,3,202311,0.997,23110278,1.5789473684210527,7.550135342488429
30.432100000000002,2,1,3,0,Suburban,South,1,1,Land-Home,2,120000,2200,3,202311,0.997,23110279,1.3636363636363638,7.696667081526462
30.432100000000002,2,1,5,0,Rural,South,1,1,Land-Home,2,130000,1500,3,202311,0.997,23110280,2.0,7.313886831633462
30.432100000000002,2,1,3,0,Rural,South,1,1,Land-Home,2,160000,1800,3,202311,0.997,23110281,1.6666666666666667,7.496097345175956
5.8227,1,1,3,0,Urban,Midwest,1,1,Land-Home,2,130000,1500,3,202311,0.997,23110282,2.0,7.313886831633462
5.8227,2,1,3,0,Urban,Midwest,4,1,Land-Home,2,260000,1800,3,202311,0.997,23110283,1.6666666666666667,7.496097345175956
5.8227,2,1,3,0,Urban,Midwest,1,1,Land-Home,2,160000,1700,3,202311,0.997,23110284,1.7647058823529413,7.438971592395862
5.8227,1,1,3,0,Urban,Midwest,1,1,Land-Home,2,140000,1300,3,202311,0.997,23110285,2.307692307692308,7.170888478512505
5.8227,2,1,3,0,Urban,Midwest,1,1,Land-Home,2,170000,1900,3,202311,0.997,23110286,1.5789473684210527,7.550135342488429
5.8227,2,1,3,0,Suburban,Midwest,1,1,Vehicle,2,130000,1300,1,202311,0.997,23110287,0.7692307692307693,7.170888478512505
5.8227,1,1,3,0,Urban,Midwest,1,1,Land-Home,2,260000,1400,1,202311,0.997,23110288,0.7142857142857143,7.244941546337007
5.8227,2,1,3,0,Rural,Midwest,1,2,Vehicle,2,140000,1700,3,202311,0.997,23110289,1.7647058823529413,7.438971592395862
5.8227,2,1,3,0,Urban,Midwest,1,1,Land-Home,2,170000,2000,3,202311,0.997,23110290,1.5,7.601402334583733
5.8227,2,1,3,0,Rural,Midwest,1,1,Land-Home,2,150000,1600,3,202311,0.997,23110291,1.875,7.3783837129967145
5.8227,1,1,3,0,Urban,Midwest,1,1,Land-Home,2,130000,1600,3,202311,0.997,23110292,1.875,7.3783837129967145
30.432100000000002,2,1,5,0,Rural,South,1,1,Land-Home,2,140000,1300,3,202311,0.997,23110293,2.307692307692308,7.170888478512505
30.432100000000002,2,1,3,0,Rural,South,1,1,Land-Home,2,180000,2100,3,202311,0.997,23110294,1.4285714285714286,7.650168700845001
30.432100000000002,2,1,5,0,Rural,South,1,1,Land-Home,2,78000,1700,3,202311,0.997,23110295,1.7647058823529413,7.438971592395862
30.432100000000002,2,1,5,0,Rural,South,1,1,Land-Home,2,170000,2500,3,202311,0.997,23110296,1.2,7.824445930877619
30.432100000000002,2,1,5,0,Rural,South,1,1,Land-Home,2,190000,2500,3,202311,0.997,23110297,1.2,7.824445930877619
5.8227,1,1,3,0,Rural,Midwest,1,1,Land-Home,2,180000,2400,3,202311,0.997,23110298,1.25,7.783640596221253
5.8227,2,1,3,0,Rural,Midwest,1,1,Land-Home,2,100000,1300,3,202311,0.997,23110299,2.307692307692308,7.170888478512505
5.8227,2,1,3,0,Rural,Midwest,1,1,Land-Home,2,130000,1900,3,202311,0.997,23110300,1.5789473684210527,7.550135342488429
5.8227,2,1,3,0,Rural,Midwest,1,1,Land-Home,2,140000,1300,3,202311,0.997,23110301,2.307692307692308,7.170888478512505
7.1474,2,1,3,0,Rural,West,1,1,Land-Home,2,180000,2100,3,202311,0.997,23110302,1.4285714285714286,7.650168700845001
5.8227,2,1,3,0,Rural,Midwest,1,1,Land-Home,2,180000,2200,3,202311,0.997,23110303,1.3636363636363638,7.696667081526462
5.8227,2,1,3,0,Rural,Midwest,1,1,Land-Home,2,140000,1600,3,202311,0.997,23110304,1.875,7.3783837129967145
5.8227,2,1,3,0,Rural,Midwest,1,1,Land-Home,2,160000,1600,3,202311,0.997,23110305,1.875,7.3783837129967145
5.8227,2,1,3,0,Rural,Midwest,1,1,Land-Home,2,140000,1600,3,202311,0.997,23110306,1.875,7.3783837129967145
7.1474,2,1,5,0,Suburban,West,3,1,Vehicle,2,170000,2000,3,202311,0.997,23110307,1.5,7.601402334583733
7.1474,1,1,5,0,Suburban,West,1,1,Other,2,150000,1500,3,202311,0.997,23110308,2.0,7.313886831633462
7.1474,2,1,3,0,Rural,West,1,1,Land-Home,2,160000,1800,3,202311,0.997,23110309,1.6666666666666667,7.496097345175956
7.1474,2,1,3,0,Suburban,West,1,1,Land-Home,2,92000,1600,3,202311,0.997,23110310,1.875,7.3783837129967145
7.1474,2,1,3,0,Rural,West,1,1,Land-Home,2,130000,1900,3,202311,0.997,23110311,1.5789473684210527,7.550135342488429
7.1474,2,1,4,0,Rural,West,1,2,Land-Home,2,150000,2000,3,202311,0.997,23110312,1.5,7.601402334583733
7.1474,2,1,3,0,Rural,West,1,1,Land-Home,2,240000,2300,3,202311,0.997,23110313,1.3043478260869565,7.741099090035366
7.1474,2,1,4,0,Suburban,West,1,2,Land-Home,2,150000,1700,3,202311,0.997,23110314,1.7647058823529413,7.438971592395862
7.1474,1,1,3,0,Rural,West,1,1,Land-Home,2,230000,2300,3,202311,0.997,23110315,1.3043478260869565,7.741099090035366
7.1474,2,1,3,0,Suburban,West,1,1,Land-Home,2,92000,1200,3,202311,0.997,23110316,2.5,7.0909098220799835
4.7167,1,1,3,0,Urban,Northeast,1,2,Vehicle,2,130000,950,1,202311,0.997,23110317,1.0526315789473684,6.85751406254539
30.432100000000002,2,1,3,0,Rural,South,1,1,Land-Home,2,140000,1600,3,202311,0.997,23110318,1.875,7.3783837129967145
30.432100000000002,1,1,3,0,Rural,South,1,1,Vehicle,2,150000,1600,3,202311,0.997,23110319,1.875,7.3783837129967145
30.432100000000002,2,1,3,0,Rural,South,1,1,Vehicle,2,200000,1700,3,202311,0.997,23110320,1.7647058823529413,7.438971592395862
5.8227,1,1,3,0,Urban,Midwest,1,1,Vehicle,2,150000,1500,3,202311,0.997,23110321,2.0,7.313886831633462
5.8227,2,1,3,0,Suburban,Midwest,1,1,Land-Home,2,130000,1700,3,202311,0.997,23110322,1.7647058823529413,7.438971592395862
5.8227,1,1,3,0,Urban,Midwest,1,1,Land-Home,2,160000,1600,3,202311,0.997,23110323,1.875,7.3783837129967145
5.8227,1,1,3,0,Urban,Midwest,1,1,Land-Home,2,160000,1900,3,202311,0.997,23110324,1.5789473684210527,7.550135342488429
30.432100000000002,2,1,3,0,Suburban,Midwest,1,1,Land-Home,2,100000,2100,3,202311,0.997,23110325,1.4285714285714286,7.650168700845001
7.1474,2,1,3,0,Suburban,South,1,1,Vehicle,2,190000,2400,3,202311,0.997,23110326,1.25,7.783640596221253
30.432100000000002,2,1,4,0,Suburban,South,1,3,Vehicle,2,95000,1600,3,202311,0.997,23110327,1.875,7.3783837129967145
7.1474,2,1,3,0,Suburban,West,1,1,Land-Home,2,220000,1600,1,202311,0.997,23110328,0.625,7.3783837129967145
7.1474,2,1,3,0,Suburban,West,1,1,Land-Home,2,140000,1800,3,202311,0.997,23110329,1.6666666666666667,7.496097345175956
7.1474,2,1,3,0,Suburban,West,1,1,Land-Home,2,170000,1800,3,202311,0.997,23110330,1.6666666666666667,7.496097345175956
4.7649,1,1,3,0,Rural,,1,1,Vehicle,3,310000,2900,3,202311,0.997,23110331,1.0344827586206897,7.972810784121404
7.1474,2,1,3,0,Suburban,West,1,1,Land-Home,2,130000,1100,3,202311,0.997,23110332,2.7272727272727275,7.00397413672268
4.7167,2,1,3,0,Urban,Northeast,1,1,Land-Home,2,130000,950,1,202311,0.997,23110333,1.0526315789473684,6.85751406254539
4.7167,2,1,3,0,Rural,Northeast,1,1,Land-Home,2,93000,1600,3,202311,0.997,23110334,1.875,7.3783837129967145
4.7167,2,1,3,0,Urban,Northeast,1,1,Land-Home,2,93000,1500,3,202311,0.997,23110335,2.0,7.313886831633462
4.7167,2,1,3,0,Urban,Northeast,1,1,Land-Home,2,160000,1800,3,202311,0.997,23110336,1.6666666666666667,7.496097345175956
4.7167,2,1,3,0,Suburban,Northeast,1,1,Vehicle,2,190000,1800,3,202311,0.997,23110337,1.6666666666666667,7.496097345175956
4.7167,2,1,3,0,Suburban,Northeast,1,1,Vehicle,2,110000,1400,3,202311,0.997,23110338,2.142857142857143,7.244941546337007
4.7167,2,1,3,0,Suburban,Northeast,1,1,Vehicle,2,120000,1600,3,202311,0.997,23110339,1.875,7.3783837129967145
4.7167,2,1,3,0,Rural,Northeast,1,1,Vehicle,2,200000,2000,3,202311,0.997,23110340,1.5,7.601402334583733
4.7167,2,1,3,0,Urban,Northeast,1,1,Land-Home,2,130000,1100,3,202311,0.997,23110342,2.7272727272727275,7.00397413672268
4.7167,1,1,3,0,Urban,Northeast,1,1,Land-Home,2,170000,1200,1,202311,0.997,23110343,0.8333333333333334,7.0909098220799835
30.432100000000002,2,1,3,0,Rural,South,1,1,Vehicle,2,78000,1300,1,202311,0.997,23110345,0.7692307692307693,7.170888478512505
30.432100000000002,1,1,4,0,Urban,South,1,1,Land-Home,2,100000,1600,3,202311,0.997,23110346,1.875,7.3783837129967145
30.432100000000002,2,1,3,0,Rural,South,1,2,Land-Home,2,170000,1900,3,202311,0.997,23110347,1.5789473684210527,7.550135342488429
30.432100000000002,2,1,3,0,Rural,South,1,1,Vehicle,2,200000,1800,3,202311,0.997,23110348,1.6666666666666667,7.496097345175956
30.432100000000002,2,1,3,0,Rural,South,1,1,Land-Home,2,180000,2200,3,202311,0.997,23110349,1.3636363636363638,7.696667081526462
30.432100000000002,2,1,5,0,Rural,South,1,1,Land-Home,2,95000,2000,3,202311,0.997,23110350,1.5,7.601402334583733
30.432100000000002,1,1,3,0,Rural,South,1,1,Vehicle,2,150000,1600,3,202311,0.997,23110351,1.875,7.3783837129967145
30.432100000000002,2,1,3,0,Rural,South,1,2,Land-Home,2,170000,1900,3,202311,0.997,23110352,1.5789473684210527,7.550135342488429
30.432100000000002,2,1,3,0,Suburban,South,1,2,Vehicle,2,140000,2100,3,202311,0.997,23110353,1.4285714285714286,7.650168700845001
20.2881,2,1,3,0,Rural,,1,2,Land-Home,3,330000,3200,3,202311,0.997,23110354,0.9375,8.071218539969863
30.432100000000002,2,1,3,0,Rural,South,1,1,Vehicle,2,240000,2100,3,202311,0.997,23110355,1.4285714285714286,7.650168700845001
30.432100000000002,2,1,3,0,Rural,South,1,3,Vehicle,2,78000,1600,3,202311,0.997,23110356,1.875,7.3783837129967145
30.432100000000002,1,1,5,0,Rural,South,1,1,Land-Home,2,150000,1600,3,202311,0.997,23110357,1.875,7.3783837129967145
30.432100000000002,1,1,3,0,Rural,South,1,1,Land-Home,2,140000,1300,3,202311,0.997,23110358,2.307692307692308,7.170888478512505
30.432100000000002,2,1,3,0,Rural,South,1,1,Land-Home,2,160000,1900,3,202311,0.997,23110359,1.5789473684210527,7.550135342488429
30.432100000000002,2,1,3,0,Rural,South,1,1,Vehicle,2,120000,1300,3,202311,0.997,23110360,2.307692307692308,7.170888478512505
30.432100000000002,2,1,3,0,Rural,South,1,1,Land-Home,2,180000,2200,3,202311,0.997,23110361,1.3636363636363638,7.696667081526462
30.432100000000002,2,1,5,0,Rural,South,1,2,Land-Home,2,78000,1300,3,202311,0.997,23110362,2.307692307692308,7.170888478512505
30.432100000000002,1,1,3,0,Rural,South,1,1,Land-Home,2,98000,1600,3,202311,0.997,23110363,1.875,7.3783837129967145
30.432100000000002,2,1,3,0,Rural,South,1,1,Land-Home,2,150000,1600,3,202311,0.997,23110364,1.875,7.3783837129967145
30.432100000000002,2,1,3,0,Rural,South,1,1,Vehicle,2,240000,2400,3,202311,0.997,23110365,1.25,7.783640596221253
30.432100000000002,2,1,5,0,Rural,South,1,2,Land-Home,2,160000,2500,3,202311,0.997,23110366,1.2,7.824445930877619
30.432100000000002,2,1,3,0,Rural,South,1,1,Land-Home,2,170000,1700,3,202311,0.997,23110367,1.7647058823529413,7.438971592395862
30.432100000000002,2,1,3,0,Suburban,South,1,1,Land-Home,2,140000,1600,3,202311,0.997,23110368,1.875,7.3783837129967145
30.432100000000002,2,1,5,0,Rural,South,4,1,Land-Home,2,160000,1800,3,202311,0.997,23110369,1.6666666666666667,7.496097345175956
7.1474,2,1,1,0,Suburban,West,0,0,Vehicle,2,300000,1700,3,202311,0.997,23110370,1.7647058823529413,7.438971592395862
4.7649,2,1,1,0,Suburban,,0,0,Vehicle,3,210000,2900,3,202311,0.997,23110372,1.0344827586206897,7.972810784121404
7.1474,2,1,1,0,Rural,West,0,0,Land-Home,2,300000,1600,3,202311,0.997,23110373,1.875,7.3783837129967145
7.1474,2,1,1,0,Rural,West,0,0,Vehicle,2,160000,1100,3,202311,0.997,23110374,2.7272727272727275,7.00397413672268
7.1474,2,1,1,0,Suburban,West,0,0,Vehicle,2,220000,2000,3,202311,0.997,23110375,1.5,7.601402334583733
7.1474,2,1,1,0,Suburban,West,0,0,Vehicle,2,190000,880,1,202311,0.997,23110376,1.1363636363636362,6.78105762593618
4.7167,2,1,1,0,Rural,Northeast,0,0,Land-Home,2,120000,1600,3,202311,0.997,23110377,1.875,7.3783837129967145
4.7167,1,1,1,0,Urban,Northeast,0,0,Vehicle,2,150000,1600,3,202311,0.997,23110378,1.875,7.3783837129967145
4.7167,2,1,1,0,Rural,Northeast,0,0,Vehicle,2,160000,1700,3,202311,0.997,23110379,1.7647058823529413,7.438971592395862
7.1474,2,1,1,0,Suburban,West,0,0,Vehicle,2,210000,2300,3,202311,0.997,23110380,1.3043478260869565,7.741099090035366
7.1474,2,1,2,0,Rural,West,0,0,Vehicle,2,190000,1900,3,202311,0.997,23110381,1.5789473684210527,7.550135342488429
5.8227,2,1,1,0,Rural,Midwest,0,0,Land-Home,2,100000,1500,3,202311,0.997,23110382,2.0,7.313886831633462
5.8227,2,1,2,0,Urban,Midwest,0,0,Land-Home,2,140000,2000,3,202311,0.997,23110383,1.5,7.601402334583733
5.8227,2,1,1,0,Rural,Midwest,0,0,Land-Home,2,160000,1300,3,202311,0.997,23110384,2.307692307692308,7.170888478512505
30.432100000000002,2,1,1,0,Rural,South,0,0,Land-Home,2,180000,2500,3,202311,0.997,23110385,1.2,7.824445930877619
5.8227,2,1,1,0,Urban,Midwest,0,0,Vehicle,2,190000,2400,3,202311,0.997,23110386,1.25,7.783640596221253
5.8227,1,1,2,0,Urban,Midwest,0,0,Vehicle,2,170000,1900,3,202311,0.997,23110387,1.5789473684210527,7.550135342488429
5.8227,1,1,1,0,Urban,Midwest,0,0,Vehicle,2,150000,1600,3,202311,0.997,23110388,1.875,7.3783837129967145
5.8227,2,1,1,0,Rural,Midwest,0,0,Vehicle,2,200000,2000,3,202311,0.997,23110389,1.5,7.601402334583733
5.8227,2,1,1,0,Rural,Midwest,0,0,Land-Home,2,180000,2100,3,202311,0.997,23110390,1.4285714285714286,7.650168700845001
5.8227,2,1,1,0,Rural,Midwest,0,0,Land-Home,2,120000,1500,3,202311,0.997,23110391,2.0,7.313886831633462
4.7167,2,1,1,0,Rural,Northeast,0,0,Vehicle,2,120000,1100,3,202311,0.997,23110392,2.7272727272727275,7.00397413672268
4.7167,2,1,1,0,Rural,Northeast,0,0,Vehicle,2,130000,1600,3,202311,0.997,23110393,1.875,7.3783837129967145
4.7167,2,1,1,0,Urban,Northeast,0,0,Land-Home,2,140000,1200,1,202311,0.997,23110394,0.8333333333333334,7.0909098220799835
4.7167,1,1,1,0,Urban,Northeast,0,0,Vehicle,2,140000,1600,3,202311,0.997,23110395,1.875,7.3783837129967145
4.7167,2,1,1,0,Urban,Northeast,0,0,Land-Home,2,150000,1600,3,202311,0.997,23110396,1.875,7.3783837129967145
4.7167,2,1,1,0,Urban,Northeast,0,0,Land-Home,2,150000,1600,3,202311,0.997,23110397,1.875,7.3783837129967145
5.8227,2,1,2,0,Rural,Midwest,0,0,Vehicle,2,120000,1600,3,202311,0.997,23110398,1.875,7.3783837129967145
5.8227,2,1,2,0,Suburban,Midwest,0,0,Vehicle,2,190000,2400,3,202311,0.997,23110399,1.25,7.783640596221253
4.7167,1,1,1,0,Urban,Northeast,0,0,Land-Home,2,310000,1600,1,202311,0.997,23110400,0.625,7.3783837129967145
4.7167,2,1,1,0,Urban,Northeast,0,0,Land-Home,2,150000,1500,3,202311,0.997,23110401,2.0,7.313886831633462
4.7167,2,1,1,0,Urban,Northeast,0,0,Land-Home,2,310000,2000,3,202311,0.997,23110402,1.5,7.601402334583733
4.7167,2,1,2,0,Rural,Northeast,0,0,Land-Home,2,140000,1600,3,202311,0.997,23110403,1.875,7.3783837129967145
4.7167,2,1,2,0,Rural,Northeast,0,0,Land-Home,2,220000,1500,3,202311,0.997,23110404,2.0,7.313886831633462
30.432100000000002,2,1,2,0,Rural,South,0,0,Land-Home,2,190000,1800,3,202311,0.997,23110405,1.6666666666666667,7.496097345175956
30.432100000000002,2,1,1,0,Rural,South,0,0,Land-Home,2,160000,2200,3,202311,0.997,23110406,1.3636363636363638,7.696667081526462
30.432100000000002,2,1,1,0,Suburban,South,0,0,Land-Home,2,100000,1900,3,202311,0.997,23110407,1.5789473684210527,7.550135342488429
5.8227,2,1,1,0,Rural,Midwest,0,0,Vehicle,2,160000,1900,3,202311,0.997,23110408,1.5789473684210527,7.550135342488429
5.8227,2,1,1,0,Urban,Midwest,0,0,Land-Home,2,180000,1600,3,202311,0.997,23110409,1.875,7.3783837129967145
5.8227,1,1,1,0,Urban,Midwest,0,0,Land-Home,2,130000,1300,3,202311,0.997,23110410,2.307692307692308,7.170888478512505
5.8227,2,1,1,0,Suburban,Midwest,0,0,Vehicle,2,150000,1400,3,202311,0.997,23110411,2.142857142857143,7.244941546337007
7.1474,2,2,9,0,,West,9,9,,2,130000,1200,3,202311,0.997,23110412,2.5,7.0909098220799835
7.1474,1,2,9,0,,West,9,9,,2,92000,1700,3,202311,0.997,23110413,1.7647058823529413,7.438971592395862
7.1474,1,2,9,0,,West,9,9,,2,160000,1800,3,202311,0.997,23110414,1.6666666666666667,7.496097345175956
30.432100000000002,1,2,9,0,,South,9,9,,2,200000,2500,3,202311,0.997,23110415,1.2,7.824445930877619
30.432100000000002,1,2,9,0,,South,9,9,,2,150000,1600,3,202311,0.997,23110416,1.875,7.3783837129967145
30.432100000000002,1,2,9,0,,South,9,9,,2,78000,2000,3,202311,0.997,23110417,1.5,7.601402334583733
30.432100000000002,1,2,9,0,,South,9,9,,2,120000,1800,3,202311,0.997,23110418,1.6666666666666667,7.496097345175956
30.432100000000002,1,2,9,0,,South,9,9,,2,150000,2200,3,202311,0.997,23110419,1.3636363636363638,7.696667081526462
30.432100000000002,1,2,9,0,,South,9,9,,2,140000,1400,3,202311,0.997,23110420,2.142857142857143,7.244941546337007
30.432100000000002,1,2,9,0,,South,9,9,,2,150000,2500,3,202311,0.997,23110421,1.2,7.824445930877619
30.432100000000002,1,2,9,0,,South,9,9,,2,140000,1400,3,202311,0.997,23110422,2.142857142857143,7.244941546337007
30.432100000000002,1,2,9,0,,South,9,9,,2,78000,1600,3,202311,0.997,23110423,1.875,7.3783837129967145
30.432100000000002,1,2,9,0,,South,9,9,,2,150000,1600,3,202311,0.997,23110424,1.875,7.3783837129967145
7.1474,1,2,9,0,,West,9,9,,2,160000,1200,3,202311,0.997,23110425,2.5,7.0909098220799835
5.8227,1,2,9,0,,Midwest,9,9,,2,180000,2200,3,202311,0.997,23110426,1.3636363636363638,7.696667081526462
5.8227,1,2,9,0,,Midwest,9,9,,2,150000,1300,3,202311,0.997,23110427,2.307692307692308,7.170888478512505
30.432100000000002,1,2,9,0,,South,9,9,,2,150000,1600,3,202311,0.997,23110428,1.875,7.3783837129967145
30.432100000000002,1,2,9,0,,Midwest,9,9,,2,260000,2400,3,202311,0.997,23110429,1.25,7.783640596221253
7.1474,2,2,9,0,,West,9,9,,2,180000,1800,3,202311,0.997,23110430,1.6666666666666667,7.496097345175956
30.432100000000002,1,2,9,0,,South,9,9,,2,160000,1500,3,202311,0.997,23110431,2.0,7.313886831633462
4.7167,1,2,9,0,,Northeast,9,9,,2,150000,1500,1,202311,0.997,23110432,0.6666666666666666,7.313886831633462
30.432100000000002,1,2,9,0,,South,9,9,,2,180000,2100,3,202311,0.997,23110434,1.4285714285714286,7.650168700845001
5.8227,1,2,9,0,,Midwest,9,9,,2,180000,2200,3,202311,0.997,23110435,1.3636363636363638,7.696667081526462
30.432100000000002,1,2,9,0,,South,9,9,,2,170000,2500,3,202311,0.997,23110436,1.2,7.824445930877619
5.8227,1,2,9,0,,Midwest,9,9,,2,120000,2000,3,202311,0.997,23110437,1.5,7.601402334583733
30.432100000000002,1,2,9,0,,South,9,9,,2,160000,1700,3,202311,0.997,23110438,1.7647058823529413,7.438971592395862
30.432100000000002,1,2,9,0,,South,9,9,,2,130000,1600,3,202311,0.997,23110439,1.875,7.3783837129967145
5.8227,1,2,9,0,,Midwest,9,9,,2,150000,1500,3,202311,0.997,23110440,2.0,7.313886831633462
30.432100000000002,2,2,9,0,,South,9,9,,2,78000,2200,3,202311,0.997,23110441,1.3636363636363638,7.696667081526462
30.432100000000002,2,2,9,0,,South,9,9,,2,140000,2100,3,202311,0.997,23110442,1.4285714285714286,7.650168700845001
4.7167,1,2,9,0,,Northeast,9,9,,2,150000,1600,3,202311,0.997,23110443,1.875,7.3783837129967145
7.1474,1,2,9,0,,West,9,9,,2,160000,2000,3,202311,0.997,23110444,1.5,7.601402334583733
30.432100000000002,1,2,9,0,,South,9,9,,2,120000,1700,3,202311,0.997,23110445,1.7647058823529413,7.438971592395862
30.432100000000002,1,2,9,0,,South,9,9,,2,170000,1900,3,202311,0.997,23110446,1.5789473684210527,7.550135342488429
30.432100000000002,1,2,9,0,,South,9,9,,2,150000,1600,3,202311,0.997,23110447,1.875,7.3783837129967145
30.432100000000002,1,2,9,0,,South,9,9,,2,78000,1100,3,202311,0.997,23110448,2.7272727272727275,7.00397413672268
7.1474,2,2,9,0,,West,9,9,,2,140000,1200,3,202311,0.997,23110449,2.5,7.0909098220799835
7.1474,2,2,9,0,,West,9,9,,2,160000,1800,3,202311,0.997,23110450,1.6666666666666667,7.496097345175956
30.432100000000002,1,2,9,0,,South,9,9,,2,170000,2500,3,202311,0.997,23110451,1.2,7.824445930877619
5.8227,1,2,9,0,,Midwest,9,9,,2,160000,1700,3,202311,0.997,23110452,1.7647058823529413,7.438971592395862
5.8227,1,2,9,0,,Midwest,9,9,,2,100000,1700,3,202311,0.997,23110453,1.7647058823529413,7.438971592395862
5.8227,1,2,9,0,,Midwest,9,9,,2,130000,1900,3,202311,0.997,23110454,1.5789473684210527,7.550135342488429
30.432100000000002,1,2,9,0,,South,9,9,,2,200000,1600,3,202311,0.997,23110455,1.875,7.3783837129967145
7.1474,1,2,9,0,,West,9,9,,2,140000,1200,3,202311,0.997,23110456,2.5,7.0909098220799835
30.432100000000002,2,2,9,0,,South,9,9,,2,210000,2100,3,202311,0.997,23110457,1.4285714285714286,7.650168700845001
7.1474,1,2,9,0,,West,9,9,,2,230000,2300,3,202311,0.997,23110458,1.3043478260869565,7.741099090035366
7.1474,1,2,9,0,,West,9,9,,2,140000,1200,3,202311,0.997,23110459,2.5,7.0909098220799835
4.7167,1,2,9,0,,Northeast,9,9,,2,150000,1600,3,202311,0.997,23110460,1.875,7.3783837129967145
5.8227,1,2,9,0,,Midwest,9,9,,2,170000,1800,3,202311,0.997,23110461,1.6666666666666667,7.496097345175956
30.432100000000002,1,2,9,0,,South,9,9,,2,190000,2100,3,202311,0.997,23110462,1.4285714285714286,7.650168700845001
4.7167,1,2,9,0,,Northeast,9,9,,2,190000,1500,1,202311,0.997,23110463,0.6666666666666666,7.313886831633462
5.8227,1,2,9,0,,Midwest,9,9,,2,86000,1700,3,202311,0.997,23110464,1.7647058823529413,7.438971592395862
5.8227,1,2,9,0,,Midwest,9,9,,2,260000,1900,3,202311,0.997,23110465,1.5789473684210527,7.550135342488429
4.7167,1,2,9,0,,Northeast,9,9,,2,160000,1800,3,202311,0.997,23110466,1.6666666666666667,7.496097345175956
4.7167,1,2,9,0,,Northeast,9,9,,2,190000,1500,3,202311,0.997,23110467,2.0,7.313886831633462
4.7167,1,2,9,0,,Northeast,9,9,,2,160000,1800,3,202311,0.997,23110468,1.6666666666666667,7.496097345175956
4.7167,1,2,9,0,,Northeast,9,9,,2,93000,1200,3,202311,0.997,23110469,2.5,7.0909098220799835
30.432100000000002,1,2,9,0,,South,9,9,,2,120000,1700,3,202311,0.997,23110470,1.7647058823529413,7.438971592395862
7.1474,1,2,9,0,,West,9,9,,2,180000,2300,3,202311,0.997,23110471,1.3043478260869565,7.741099090035366
5.8227,1,2,9,0,,Midwest,9,9,,2,120000,1600,3,202311,0.997,23110472,1.875,7.3783837129967145
30.432100000000002,2,2,9,0,,South,9,9,,2,160000,1800,3,202311,0.997,23110473,1.6666666666666667,7.496097345175956
30.432100000000002,1,2,9,0,,South,9,9,,2,95000,1600,3,202311,0.997,23110474,1.875,7.3783837129967145
5.8227,1,2,9,0,,Midwest,9,9,,2,130000,1300,3,202311,0.997,23110475,2.307692307692308,7.170888478512505
30.432100000000002,1,2,9,0,,South,9,9,,2,99000,1300,3,202311,0.997,23110476,2.307692307692308,7.170888478512505
30.432100000000002,1,2,9,0,,South,9,9,,2,97000,1300,3,202311,0.997,23110477,2.307692307692308,7.170888478512505
5.8227,1,2,9,0,,Midwest,9,9,,2,110000,2200,3,202311,0.997,23110478,1.3636363636363638,7.696667081526462
30.432100000000002,1,2,9,0,,South,9,9,,2,180000,2200,3,202311,0.997,23110479,1.3636363636363638,7.696667081526462
30.432100000000002,1,2,9,0,,South,9,9,,2,78000,1600,3,202311,0.997,23110480,1.875,7.3783837129967145
30.432100000000002,1,2,9,0,,South,9,9,,2,200000,1900,3,202311,0.997,23110481,1.5789473684210527,7.550135342488429
30.432100000000002,1,2,9,0,,South,9,9,,2,130000,2000,3,202311,0.997,23110482,1.5,7.601402334583733
30.432100000000002,2,2,9,0,,South,9,9,,2,110000,1600,3,202311,0.997,23110483,1.875,7.3783837129967145
4.7167,1,2,9,0,,Northeast,9,9,,2,140000,1600,3,202311,0.997,23110484,1.875,7.3783837129967145
30.432100000000002,2,2,9,0,,South,9,9,,2,180000,2200,3,202311,0.997,23110485,1.3636363636363638,7.696667081526462
30.432100000000002,1,2,9,0,,South,9,9,,2,150000,2200,3,202311,0.997,23110486,1.3636363636363638,7.696667081526462
51.3714,2,1,3,0,Suburban,South,1,1,Vehicle,1,79000,980,3,202312,1.0594,23120001,3.061224489795918,6.8885724595653635
51.3714,2,1,4,0,Rural,South,1,1,Vehicle,1,77000,840,1,202312,1.0594,23120002,1.1904761904761907,6.734591659972948
51.3714,2,1,4,0,Rural,South,1,1,Land-Home,1,78000,1200,3,202312,1.0594,23120003,2.5,7.0909098220799835
11.642100000000001,2,1,3,0,Suburban,West,1,1,Land-Home,1,74000,870,1,202312,1.0594,23120004,1.1494252873563218,6.769641976852503
11.642100000000001,2,1,4,0,Suburban,West,3,1,Land-Home,1,82000,770,1,202312,1.0594,23120005,1.2987012987012987,6.647688373563329
11.642100000000001,2,1,5,0,Rural,West,3,1,Land-Home,1,75000,900,3,202312,1.0594,23120006,3.3333333333333335,6.803505257608338
11.642100000000001,2,1,4,0,Rural,West,3,1,Vehicle,1,63000,640,1,202312,1.0594,23120007,1.5625,6.46302945692067
11.642100000000001,2,1,5,0,Rural,West,3,3,Land-Home,1,69000,770,1,202312,1.0594,23120008,1.2987012987012987,6.647688373563329
51.3714,2,1,4,0,Rural,South,1,2,Land-Home,1,80000,1200,3,202312,1.0594,23120009,2.5,7.0909098220799835
11.642100000000001,2,1,3,0,Urban,West,1,1,Land-Home,1,63000,640,1,202312,1.0594,23120010,1.5625,6.46302945692067
51.3714,2,1,4,0,Urban,South,1,1,Land-Home,1,76000,920,3,202312,1.0594,23120011,3.260869565217391,6.825460036255307
51.3714,1,1,5,0,Urban,South,1,1,Land-Home,1,80000,1100,3,202312,1.0594,23120012,2.7272727272727275,7.00397413672268
51.3714,2,1,3,0,Rural,South,1,1,Vehicle,1,90000,1200,1,202312,1.0594,23120014,0.8333333333333334,7.0909098220799835
8.5364,1,1,3,0,Urban,Midwest,1,1,Land-Home,1,68000,1200,3,202312,1.0594,23120015,2.5,7.0909098220799835
8.5364,1,1,3,0,Urban,Midwest,1,1,Land-Home,1,75000,780,1,202312,1.0594,23120016,1.2820512820512822,6.660575149839686
8.5364,2,1,3,0,Urban,Midwest,1,1,Land-Home,1,82000,1100,3,202312,1.0594,23120017,2.7272727272727275,7.00397413672268
8.5364,1,1,3,0,Urban,Midwest,1,1,Land-Home,1,95000,1200,3,202312,1.0594,23120018,2.5,7.0909098220799835
8.5364,2,1,3,0,Urban,Midwest,1,1,Vehicle,1,63000,670,1,202312,1.0594,23120019,1.492537313432836,6.508769136971682
8.5364,2,1,3,0,Urban,Midwest,1,1,Land-Home,1,70000,780,1,202312,1.0594,23120020,1.2820512820512822,6.660575149839686
8.5364,1,1,3,0,Urban,Midwest,1,1,Land-Home,1,90000,1200,3,202312,1.0594,23120021,2.5,7.0909098220799835
8.5364,2,1,3,0,Suburban,Midwest,1,1,Other,1,85000,1100,1,202312,1.0594,23120022,0.9090909090909091,7.00397413672268
8.5364,2,1,3,0,Urban,Midwest,1,2,Land-Home,1,70000,780,1,202312,1.0594,23120023,1.2820512820512822,6.660575149839686
8.5364,2,1,3,0,Urban,Midwest,1,1,Vehicle,1,85000,1100,1,202312,1.0594,23120024,0.9090909090909091,7.00397413672268
8.5364,2,1,5,0,Urban,Midwest,1,2,Vehicle,1,91000,1200,3,202312,1.0594,23120025,2.5,7.0909098220799835
8.5364,2,1,3,0,Rural,Midwest,1,1,Land-Home,1,100000,1200,3,202312,1.0594,23120026,2.5,7.0909098220799835
51.3714,1,1,3,0,Rural,South,1,2,Land-Home,1,79000,980,3,202312,1.0594,23120027,3.061224489795918,6.8885724595653635
51.3714,2,1,3,0,Rural,South,1,2,Land-Home,1,73000,860,1,202312,1.0594,23120028,1.1627906976744187,6.7580945044277305
8.5364,2,1,3,0,Urban,Midwest,1,1,Land-Home,1,82000,1100,3,202312,1.0594,23120029,2.7272727272727275,7.00397413672268
8.5364,1,1,3,0,Urban,Midwest,1,1,Land-Home,1,53000,1200,3,202312,1.0594,23120031,2.5,7.0909098220799835
51.3714,2,1,5,0,Rural,South,1,1,Land-Home,1,90000,1200,3,202312,1.0594,23120032,2.5,7.0909098220799835
8.5364,2,1,3,0,Rural,Midwest,1,1,Land-Home,1,120000,1200,3,202312,1.0594,23120033,2.5,7.0909098220799835
8.5364,1,1,3,0,Rural,Midwest,1,1,Land-Home,1,91000,1200,3,202312,1.0594,23120034,2.5,7.0909098220799835
8.5364,1,1,3,0,Rural,Midwest,1,1,Land-Home,1,91000,1200,3,202312,1.0594,23120035,2.5,7.0909098220799835
8.5364,2,1,3,0,Rural,Midwest,1,1,Land-Home,1,120000,1200,3,202312,1.0594,23120036,2.5,7.0909098220799835
8.5364,2,1,3,0,Rural,Midwest,1,1,Land-Home,1,90000,1200,3,202312,1.0594,23120037,2.5,7.0909098220799835
11.642100000000001,2,1,3,0,Suburban,West,1,1,Land-Home,1,70000,780,1,202312,1.0594,23120038,1.2820512820512822,6.660575149839686
8.5364,2,1,3,0,Rural,Midwest,1,1,Land-Home,1,81000,1000,1,202312,1.0594,23120039,1.0,6.90875477931522
8.5364,2,1,3,0,Rural,Midwest,1,1,Land-Home,1,93000,1300,3,202312,1.0594,23120040,2.307692307692308,7.170888478512505
11.642100000000001,2,1,5,0,Suburban,West,1,1,Vehicle,1,57000,640,1,202312,1.0594,23120042,1.5625,6.46302945692067
11.642100000000001,2,1,3,0,Suburban,West,1,1,Land-Home,1,95000,640,1,202312,1.0594,23120043,1.5625,6.46302945692067
7.6271,1,1,3,0,Urban,Northeast,1,2,Vehicle,1,66000,920,3,202312,1.0594,23120044,3.260869565217391,6.825460036255307
51.3714,2,1,3,0,Suburban,South,1,1,Vehicle,1,120000,920,3,202312,1.0594,23120045,3.260869565217391,6.825460036255307
51.3714,2,1,3,0,Suburban,South,1,1,Land-Home,1,85000,1200,1,202312,1.0594,23120046,0.8333333333333334,7.0909098220799835
51.3714,2,1,4,0,Urban,South,1,3,Land-Home,1,79000,1200,3,202312,1.0594,23120047,2.5,7.0909098220799835
8.5364,1,1,3,0,Urban,Midwest,1,1,Other,1,70000,1200,3,202312,1.0594,23120048,2.5,7.0909098220799835
8.5364,2,1,3,0,Urban,Midwest,1,1,Vehicle,1,90000,1200,3,202312,1.0594,23120049,2.5,7.0909098220799835
51.3714,2,1,3,0,Suburban,South,1,1,Land-Home,1,60000,840,1,202312,1.0594,23120050,1.1904761904761907,6.734591659972948
11.642100000000001,2,1,3,0,Suburban,West,1,1,Land-Home,1,74000,870,1,202312,1.0594,23120051,1.1494252873563218,6.769641976852503
7.6271,2,1,3,0,Urban,Northeast,1,3,Land-Home,1,66000,920,3,202312,1.0594,23120052,3.260869565217391,6.825460036255307
7.6271,2,1,3,0,Rural,Northeast,2,1,Land-Home,1,100000,1100,3,202312,1.0594,23120053,2.7272727272727275,7.00397413672268
7.6271,2,1,3,0,Urban,Northeast,1,1,Land-Home,1,76000,920,1,202312,1.0594,23120054,1.0869565217391304,6.825460036255307
7.6271,2,1,3,0,Rural,Northeast,1,1,Land-Home,1,86000,1000,1,202312,1.0594,23120055,1.0,6.90875477931522
7.6271,2,1,3,0,Rural,Northeast,1,1,Land-Home,1,53000,780,1,202312,1.0594,23120056,1.2820512820512822,6.660575149839686
51.3714,2,1,5,0,Rural,South,1,1,Land-Home,1,75000,900,1,202312,1.0594,23120057,1.1111111111111112,6.803505257608338
51.3714,2,1,3,0,Rural,South,1,1,Land-Home,1,93000,1200,3,202312,1.0594,23120058,2.5,7.0909098220799835
51.3714,2,1,3,0,Rural,South,1,1,Vehicle,1,93000,1300,3,202312,1.0594,23120059,2.307692307692308,7.170888478512505
51.3714,2,1,4,0,Rural,South,1,3,Land-Home,1,83000,1100,3,202312,1.0594,23120060,2.7272727272727275,7.00397413672268
51.3714,1,1,5,0,Urban,South,1,1,Other,1,76000,900,1,202312,1.0594,23120061,1.1111111111111112,6.803505257608338
51.3714,2,1,3,0,Rural,South,1,1,Land-Home,1,65000,1100,1,202312,1.0594,23120062,0.9090909090909091,7.00397413672268
51.3714,1,1,3,0,Suburban,South,1,1,Land-Home,1,70000,780,1,202312,1.0594,23120064,1.2820512820512822,6.660575149839686
8.5364,1,1,3,0,Rural,Midwest,1,1,Land-Home,1,53000,670,1,202312,1.0594,23120065,1.492537313432836,6.508769136971682
7.6271,2,1,1,0,Urban,Northeast,0,0,Land-Home,1,100000,980,1,202312,1.0594,23120066,1.0204081632653061,6.8885724595653635
8.5364,2,1,1,0,Rural,Midwest,0,0,Land-Home,1,92000,780,1,202312,1.0594,23120067,1.2820512820512822,6.660575149839686
7.6271,2,1,1,0,Urban,Northeast,0,0,Land-Home,1,110000,920,1,202312,1.0594,23120068,1.0869565217391304,6.825460036255307
7.6271,2,1,1,0,Urban,Northeast,0,0,Land-Home,1,60000,730,1,202312,1.0594,23120069,1.36986301369863,6.594413459749778
7.6271,2,1,1,0,Urban,Northeast,0,0,Vehicle,1,110000,1200,3,202312,1.0594,23120070,2.5,7.0909098220799835
7.6271,2,1,1,0,Urban,Northeast,0,0,Vehicle,1,70000,780,1,202312,1.0594,23120071,1.2820512820512822,6.660575149839686
11.642100000000001,1,1,1,0,Rural,West,0,0,Land-Home,1,110000,870,1,202312,1.0594,23120072,1.1494252873563218,6.769641976852503
7.6271,2,1,1,0,Urban,Northeast,0,0,Land-Home,1,86000,1100,3,202312,1.0594,23120073,2.7272727272727275,7.00397413672268
51.3714,1,1,1,0,Rural,South,0,0,Land-Home,1,90000,1200,3,202312,1.0594,23120074,2.5,7.0909098220799835
51.3714,2,1,1,0,Urban,South,0,0,Vehicle,1,83000,1100,3,202312,1.0594,23120075,2.7272727272727275,7.00397413672268
8.5364,2,1,1,0,Rural,Midwest,0,0,Vehicle,1,90000,1200,3,202312,1.0594,23120076,2.5,7.0909098220799835
11.642100000000001,1,2,9,0,,West,9,9,,1,100000,1100,3,202312,1.0594,23120077,2.7272727272727275,7.00397413672268
51.3714,1,2,9,0,,South,9,9,,1,90000,1200,3,202312,1.0594,23120078,2.5,7.0909098220799835
51.3714,1,2,9,0,,South,9,9,,1,86000,1100,3,202312,1.0594,23120079,2.7272727272727275,7.00397413672268
11.642100000000001,1,2,9,0,,West,9,9,,1,74000,870,1,202312,1.0594,23120080,1.1494252873563218,6.769641976852503
8.5364,1,2,9,0,,Midwest,9,9,,1,53000,1100,1,202312,1.0594,23120081,0.9090909090909091,7.00397413672268
8.5364,1,2,9,0,,Midwest,9,9,,1,91000,1200,3,202312,1.0594,23120082,2.5,7.0909098220799835
8.5364,1,2,9,0,,Midwest,9,9,,1,86000,1100,1,202312,1.0594,23120083,0.9090909090909091,7.00397413672268
8.5364,1,2,9,0,,Midwest,9,9,,1,93000,1300,3,202312,1.0594,23120084,2.307692307692308,7.170888478512505
8.5364,1,2,9,0,,Midwest,9,9,,1,75000,900,1,202312,1.0594,23120085,1.1111111111111112,6.803505257608338
8.5364,1,2,9,0,,Midwest,9,9,,1,93000,1300,3,202312,1.0594,23120087,2.307692307692308,7.170888478512505
51.3714,1,2,9,0,,South,9,9,,1,110000,860,1,202312,1.0594,23120088,1.1627906976744187,6.7580945044277305
51.3714,1,2,9,0,,South,9,9,,1,91000,1200,3,202312,1.0594,23120089,2.5,7.0909098220799835
8.5364,1,2,9,0,,Midwest,9,9,,1,90000,1200,3,202312,1.0594,23120090,2.5,7.0909098220799835
8.5364,1,2,9,0,,Midwest,9,9,,1,65000,1300,3,202312,1.0594,23120091,2.307692307692308,7.170888478512505
11.642100000000001,1,2,9,0,,West,9,9,,1,89000,900,3,202312,1.0594,23120092,3.3333333333333335,6.803505257608338
51.3714,1,2,9,0,,South,9,9,,1,98000,1300,3,202312,1.0594,23120093,2.307692307692308,7.170888478512505
51.3714,1,2,9,0,,South,9,9,,1,67000,650,1,202312,1.0594,23120094,1.5384615384615385,6.478509642208569
11.642100000000001,1,2,9,0,,West,9,9,,1,79000,780,1,202312,1.0594,23120095,1.2820512820512822,6.660575149839686
51.3714,1,2,9,0,,South,9,9,,1,47200,1200,3,202312,1.0594,23120096,2.5,7.0909098220799835
8.5364,1,2,9,0,,Midwest,9,9,,1,80000,1200,3,202312,1.0594,23120097,2.5,7.0909098220799835
7.6271,1,2,9,0,,Northeast,9,9,,1,76000,920,3,202312,1.0594,23120098,3.260869565217391,6.825460036255307
8.5364,1,2,9,0,,Midwest,9,9,,1,91000,1200,3,202312,1.0594,23120099,2.5,7.0909098220799835
8.5364,1,2,9,0,,Midwest,9,9,,1,81000,1000,1,202312,1.0594,23120100,1.0,6.90875477931522
11.642100000000001,1,2,9,0,,West,9,9,,1,81000,1000,3,202312,1.0594,23120101,3.0,6.90875477931522
8.5364,2,2,9,0,,Midwest,9,9,,1,82000,1100,3,202312,1.0594,23120102,2.7272727272727275,7.00397413672268
8.5364,1,2,9,0,,Midwest,9,9,,1,76000,920,3,202312,1.0594,23120103,3.260869565217391,6.825460036255307
11.642100000000001,1,2,9,0,,West,9,9,,1,57000,960,3,202312,1.0594,23120104,3.125,6.8679744089702925
7.6271,1,2,9,0,,Northeast,9,9,,1,180000,1100,3,202312,1.0594,23120105,2.7272727272727275,7.00397413672268
7.6271,1,2,9,0,,Northeast,9,9,,1,75000,840,1,202312,1.0594,23120106,1.1904761904761907,6.734591659972948
7.6271,1,2,9,0,,Northeast,9,9,,1,53000,920,1,202312,1.0594,23120107,1.0869565217391304,6.825460036255307
8.5364,1,2,9,0,,Midwest,9,9,,1,90000,1200,3,202312,1.0594,23120109,2.5,7.0909098220799835
8.5364,1,2,9,0,,South,9,9,,1,87000,1200,3,202312,1.0594,23120110,2.5,7.0909098220799835
51.3714,1,2,9,0,,South,9,9,,1,83000,1300,3,202312,1.0594,23120111,2.307692307692308,7.170888478512505
51.3714,1,2,9,0,,South,9,9,,1,47200,780,1,202312,1.0594,23120112,1.2820512820512822,6.660575149839686
8.5364,1,2,9,0,,Midwest,9,9,,1,63000,920,3,202312,1.0594,23120113,3.260869565217391,6.825460036255307
51.3714,1,2,9,0,,South,9,9,,1,58000,980,3,202312,1.0594,23120114,3.061224489795918,6.8885724595653635
8.5364,1,2,9,0,,Midwest,9,9,,1,75000,900,1,202312,1.0594,23120115,1.1111111111111112,6.803505257608338
51.3714,1,2,9,0,,South,9,9,,1,70000,650,1,202312,1.0594,23120116,1.5384615384615385,6.478509642208569
25.6857,2,1,3,0,Suburban,South,1,1,Vehicle,2,160000,1800,3,202312,1.014,23120158,1.6666666666666667,7.496097345175956
25.6857,2,1,4,0,Rural,South,1,2,Land-Home,2,97000,1600,3,202312,1.014,23120159,1.875,7.3783837129967145
25.6857,2,1,4,0,Rural,South,1,1,Land-Home,2,110000,1300,3,202312,1.014,23120160,2.307692307692308,7.170888478512505
25.6857,2,1,3,0,Suburban,South,1,1,Land-Home,2,110000,2000,1,202312,1.014,23120161,0.5,7.601402334583733
25.6857,2,1,3,0,Suburban,South,1,1,Land-Home,2,170000,2200,3,202312,1.014,23120162,1.3636363636363638,7.696667081526462
25.6857,2,1,4,0,Suburban,South,1,1,Land-Home,2,96000,1600,3,202312,1.014,23120163,1.875,7.3783837129967145
5.8211,2,1,3,0,Rural,West,1,1,Land-Home,2,140000,1300,3,202312,1.014,23120164,2.307692307692308,7.170888478512505
5.8211,2,1,3,0,Rural,West,1,1,Vehicle,2,160000,1700,3,202312,1.014,23120165,1.7647058823529413,7.438971592395862
3.8807,2,1,3,0,Rural,,1,2,Land-Home,3,310000,2300,3,202312,1.014,23120166,1.3043478260869565,7.741099090035366
5.8211,2,1,3,0,Rural,West,1,1,Vehicle,2,220000,1600,3,202312,1.014,23120167,1.875,7.3783837129967145
5.8211,2,1,3,0,Rural,West,1,1,Vehicle,2,190000,1700,3,202312,1.014,23120168,1.7647058823529413,7.438971592395862
5.8211,2,1,3,0,Urban,West,1,1,Land-Home,2,130000,1600,3,202312,1.014,23120169,1.875,7.3783837129967145
5.8211,2,1,3,0,Suburban,West,1,1,Land-Home,2,210000,2100,3,202312,1.014,23120170,1.4285714285714286,7.650168700845001
5.8211,1,1,3,0,Rural,West,3,1,Land-Home,2,150000,1500,1,202312,1.014,23120171,0.6666666666666666,7.313886831633462
5.8211,2,1,5,0,Rural,West,3,3,Land-Home,2,110000,1600,3,202312,1.014,23120172,1.875,7.3783837129967145
5.8211,1,1,3,0,Rural,West,1,1,Land-Home,2,92000,1600,3,202312,1.014,23120173,1.875,7.3783837129967145
5.8211,2,1,5,0,Rural,West,4,1,Land-Home,2,300000,2300,3,202312,1.014,23120174,1.3043478260869565,7.741099090035366
5.8211,2,1,3,0,Rural,West,3,1,Land-Home,2,150000,1600,3,202312,1.014,23120175,1.875,7.3783837129967145
5.8211,1,1,4,0,Rural,West,4,3,Land-Home,2,120000,1300,3,202312,1.014,23120176,2.307692307692308,7.170888478512505
5.8211,2,1,3,0,Rural,West,3,1,Land-Home,2,150000,1600,3,202312,1.014,23120177,1.875,7.3783837129967145
25.6857,2,1,3,0,Rural,South,1,1,Land-Home,2,78000,1300,3,202312,1.014,23120178,2.307692307692308,7.170888478512505
5.8211,2,1,5,0,,West,4,3,Land-Home,2,170000,1500,3,202312,1.014,23120179,2.0,7.313886831633462
5.8211,2,1,4,0,Rural,West,3,2,Vehicle,2,240000,1200,3,202312,1.014,23120180,2.5,7.0909098220799835
5.8211,2,1,4,0,Urban,West,3,1,Land-Home,2,220000,1300,3,202312,1.014,23120181,2.307692307692308,7.170888478512505
5.8211,2,1,4,0,Urban,West,3,1,Land-Home,2,210000,1300,3,202312,1.014,23120182,2.307692307692308,7.170888478512505
3.8807,2,1,3,0,Urban,,3,1,Land-Home,3,260000,3200,3,202312,1.014,23120183,0.9375,8.071218539969863
5.8211,2,1,5,0,Urban,West,3,1,Land-Home,2,150000,1600,3,202312,1.014,23120184,1.875,7.3783837129967145
5.8211,2,1,3,0,Urban,West,3,1,Other,2,140000,1300,3,202312,1.014,23120185,2.307692307692308,7.170888478512505
5.8211,2,1,4,0,Urban,West,3,1,Land-Home,2,140000,1200,3,202312,1.014,23120186,2.5,7.0909098220799835
5.8211,2,1,3,0,Rural,West,3,3,Land-Home,2,200000,1600,3,202312,1.014,23120187,1.875,7.3783837129967145
5.8211,2,1,3,0,Urban,West,3,1,Land-Home,2,140000,1200,3,202312,1.014,23120188,2.5,7.0909098220799835
5.8211,1,1,5,0,Urban,West,4,1,Other,2,300000,1600,3,202312,1.014,23120189,1.875,7.3783837129967145
25.6857,2,1,3,0,Urban,South,1,1,Land-Home,2,170000,1800,3,202312,1.014,23120191,1.6666666666666667,7.496097345175956
25.6857,2,1,3,0,Suburban,South,1,1,Land-Home,2,170000,1500,1,202312,1.014,23120192,0.6666666666666666,7.313886831633462
25.6857,2,1,5,0,Suburban,South,4,3,Land-Home,2,78000,1300,3,202312,1.014,23120193,2.307692307692308,7.170888478512505
25.6857,2,1,5,0,Urban,South,1,1,Land-Home,2,130000,1100,1,202312,1.014,23120194,0.9090909090909091,7.00397413672268
25.6857,2,1,4,0,Urban,South,1,1,Vehicle,2,150000,1600,1,202312,1.014,23120195,0.625,7.3783837129967145
25.6857,2,1,4,0,Rural,South,1,1,Land-Home,2,130000,1600,3,202312,1.014,23120196,1.875,7.3783837129967145
25.6857,2,1,3,0,Suburban,South,1,1,Land-Home,2,150000,1300,3,202312,1.014,23120197,2.307692307692308,7.170888478512505
25.6857,2,1,4,0,Rural,South,1,1,Land-Home,2,140000,1100,3,202312,1.014,23120198,2.7272727272727275,7.00397413672268
25.6857,1,1,3,0,Urban,South,1,1,Other,2,110000,1100,1,202312,1.014,23120199,0.9090909090909091,7.00397413672268
25.6857,2,1,3,0,Rural,South,1,1,Land-Home,2,240000,1100,1,202312,1.014,23120200,0.9090909090909091,7.00397413672268
25.6857,2,1,4,0,Urban,South,1,1,Land-Home,2,160000,1700,3,202312,1.014,23120201,1.7647058823529413,7.438971592395862
25.6857,2,1,4,0,Rural,South,2,1,Land-Home,2,130000,2200,3,202312,1.014,23120202,1.3636363636363638,7.696667081526462
25.6857,1,1,3,0,Urban,South,1,1,Other,2,130000,1600,3,202312,1.014,23120203,1.875,7.3783837129967145
25.6857,2,1,3,0,Rural,South,1,1,Vehicle,2,180000,2200,3,202312,1.014,23120204,1.3636363636363638,7.696667081526462
25.6857,2,1,3,0,Suburban,South,1,1,Land-Home,2,110000,1600,3,202312,1.014,23120205,1.875,7.3783837129967145
25.6857,2,1,3,0,Rural,South,1,2,Vehicle,2,240000,2500,3,202312,1.014,23120206,1.2,7.824445930877619
5.8211,1,1,3,0,Rural,West,3,1,Vehicle,2,120000,1600,3,202312,1.014,23120207,1.875,7.3783837129967145
4.2682,1,1,3,0,Urban,Midwest,1,1,Land-Home,2,130000,1700,3,202312,1.014,23120208,1.7647058823529413,7.438971592395862
4.2682,2,1,3,0,Rural,Midwest,1,1,Land-Home,2,150000,1500,3,202312,1.014,23120209,2.0,7.313886831633462
4.2682,2,1,3,0,Urban,Midwest,1,1,Land-Home,2,110000,1600,3,202312,1.014,23120210,1.875,7.3783837129967145
4.2682,2,1,3,0,Suburban,Midwest,1,1,Vehicle,2,120000,1700,3,202312,1.014,23120211,1.7647058823529413,7.438971592395862
4.2682,2,1,3,0,Urban,Midwest,1,1,Land-Home,2,150000,1600,3,202312,1.014,23120212,1.875,7.3783837129967145
4.2682,2,1,3,0,Urban,Midwest,1,1,Land-Home,2,110000,1600,3,202312,1.014,23120213,1.875,7.3783837129967145
4.2682,2,1,3,0,Urban,Midwest,1,1,Land-Home,2,170000,1800,3,202312,1.014,23120214,1.6666666666666667,7.496097345175956
4.2682,2,1,3,0,Urban,Midwest,1,1,Land-Home,2,160000,1700,3,202312,1.014,23120215,1.7647058823529413,7.438971592395862
4.2682,2,1,3,0,Urban,Midwest,1,2,Vehicle,2,150000,1500,3,202312,1.014,23120216,2.0,7.313886831633462
4.2682,2,1,3,0,Urban,Midwest,1,1,Land-Home,2,180000,2100,3,202312,1.014,23120217,1.4285714285714286,7.650168700845001
25.6857,2,1,3,0,Suburban,South,1,1,Land-Home,2,78000,1300,3,202312,1.014,23120218,2.307692307692308,7.170888478512505
25.6857,2,1,3,0,Suburban,South,1,1,Land-Home,2,150000,1900,3,202312,1.014,23120219,1.5789473684210527,7.550135342488429
25.6857,2,1,5,0,Suburban,South,1,1,Land-Home,2,150000,1600,3,202312,1.014,23120220,1.875,7.3783837129967145
25.6857,2,1,3,0,Suburban,South,1,1,Vehicle,2,200000,2500,3,202312,1.014,23120221,1.2,7.824445930877619
25.6857,2,1,3,0,Rural,South,1,1,Land-Home,2,190000,2500,3,202312,1.014,23120222,1.2,7.824445930877619
4.2682,2,1,4,0,Urban,Midwest,1,1,Land-Home,2,150000,1500,3,202312,1.014,23120223,2.0,7.313886831633462
4.2682,1,1,3,0,Urban,Midwest,1,2,Land-Home,2,120000,2400,3,202312,1.014,23120224,1.25,7.783640596221253
25.6857,1,1,3,0,Urban,Midwest,1,1,Land-Home,2,150000,1600,3,202312,1.014,23120225,1.875,7.3783837129967145
4.2682,2,1,3,0,Rural,Midwest,1,3,Land-Home,2,120000,1500,3,202312,1.014,23120226,2.0,7.313886831633462
4.2682,1,1,3,0,Urban,Midwest,1,1,Land-Home,2,260000,2000,3,202312,1.014,23120227,1.5,7.601402334583733
4.2682,1,1,3,0,Urban,Midwest,1,1,Land-Home,2,140000,2100,3,202312,1.014,23120228,1.4285714285714286,7.650168700845001
4.2682,1,1,3,0,Urban,Midwest,1,1,Land-Home,2,260000,1800,3,202312,1.014,23120229,1.6666666666666667,7.496097345175956
4.2682,1,1,3,0,Urban,Midwest,1,1,Land-Home,2,140000,1600,3,202312,1.014,23120230,1.875,7.3783837129967145
4.2682,2,1,3,0,Urban,Midwest,1,1,Other,2,150000,1600,3,202312,1.014,23120231,1.875,7.3783837129967145
4.2682,1,1,3,0,Urban,Midwest,1,1,Land-Home,2,170000,2000,3,202312,1.014,23120232,1.5,7.601402334583733
4.2682,2,1,3,0,Urban,Midwest,1,1,Land-Home,2,190000,2400,3,202312,1.014,23120233,1.25,7.783640596221253
4.2682,1,1,3,0,Urban,Midwest,1,1,Land-Home,2,260000,2000,3,202312,1.014,23120234,1.5,7.601402334583733
4.2682,2,1,3,0,Urban,Midwest,1,1,Land-Home,2,150000,1500,3,202312,1.014,23120235,2.0,7.313886831633462
4.2682,2,1,3,0,Urban,Midwest,1,1,Land-Home,2,160000,1700,3,202312,1.014,23120236,1.7647058823529413,7.438971592395862
25.6857,2,1,4,0,Rural,South,1,1,Land-Home,2,180000,2200,3,202312,1.014,23120237,1.3636363636363638,7.696667081526462
4.2682,2,1,3,0,Rural,Midwest,1,1,Land-Home,2,140000,1900,3,202312,1.014,23120238,1.5789473684210527,7.550135342488429
4.2682,1,1,3,0,Rural,Midwest,1,1,Land-Home,2,200000,2400,3,202312,1.014,23120239,1.25,7.783640596221253
4.2682,2,1,3,0,Suburban,Midwest,1,1,Land-Home,2,260000,2400,3,202312,1.014,23120240,1.25,7.783640596221253
4.2682,2,1,3,0,Suburban,Midwest,1,1,Land-Home,2,150000,2400,3,202312,1.014,23120241,1.25,7.783640596221253
4.2682,2,1,3,0,Suburban,Midwest,1,1,Land-Home,2,150000,2400,3,202312,1.014,23120242,1.25,7.783640596221253
4.2682,2,1,3,0,Rural,Midwest,1,1,Land-Home,2,130000,1600,3,202312,1.014,23120243,1.875,7.3783837129967145
5.8211,2,1,3,0,Urban,West,3,1,Land-Home,2,180000,1500,3,202312,1.014,23120244,2.0,7.313886831633462
5.8211,2,1,5,0,Rural,West,1,3,Land-Home,2,200000,2100,3,202312,1.014,23120245,1.4285714285714286,7.650168700845001
4.2682,2,1,3,0,Urban,Midwest,3,1,Land-Home,2,140000,1600,3,202312,1.014,23120246,1.875,7.3783837129967145
4.2682,2,1,3,0,Suburban,Midwest,1,1,Land-Home,2,260000,2100,3,202312,1.014,23120247,1.4285714285714286,7.650168700845001
5.8211,2,1,3,0,Rural,Midwest,1,1,Land-Home,2,160000,1900,3,202312,1.014,23120248,1.5789473684210527,7.550135342488429
5.8211,1,1,3,0,Rural,West,3,1,Other,2,120000,1500,3,202312,1.014,23120249,2.0,7.313886831633462
5.8211,2,1,4,0,Suburban,West,3,2,Vehicle,2,110000,880,3,202312,1.014,23120250,3.4090909090909087,6.78105762593618
5.8211,2,1,5,0,Suburban,West,3,1,Land-Home,2,120000,880,3,202312,1.014,23120251,3.4090909090909087,6.78105762593618
5.8211,2,1,3,0,Suburban,West,1,1,Land-Home,2,92000,1200,3,202312,1.014,23120253,2.5,7.0909098220799835
5.8211,2,1,5,0,Suburban,West,1,1,Land-Home,2,92000,2100,3,202312,1.014,23120254,1.4285714285714286,7.650168700845001
5.8211,2,1,3,0,Suburban,West,1,1,Land-Home,2,140000,1900,3,202312,1.014,23120256,1.5789473684210527,7.550135342488429
3.8136,2,1,3,0,Urban,Northeast,1,1,Land-Home,2,160000,1800,3,202312,1.014,23120257,1.6666666666666667,7.496097345175956
3.8136,2,1,3,0,Urban,Northeast,1,2,Vehicle,2,150000,1600,3,202312,1.014,23120258,1.875,7.3783837129967145
3.8136,2,1,3,0,Urban,Northeast,1,1,Land-Home,2,130000,1200,1,202312,1.014,23120259,0.8333333333333334,7.0909098220799835
3.8136,2,1,3,0,Urban,Northeast,1,1,Land-Home,2,160000,1700,3,202312,1.014,23120260,1.7647058823529413,7.438971592395862
25.6857,2,1,3,0,Suburban,South,1,1,Vehicle,2,240000,1900,3,202312,1.014,23120261,1.5789473684210527,7.550135342488429
25.6857,2,1,3,0,Suburban,South,1,1,Land-Home,2,140000,1600,3,202312,1.014,23120262,1.875,7.3783837129967145
25.6857,2,1,3,0,Rural,South,1,1,Vehicle,2,180000,2100,3,202312,1.014,23120263,1.4285714285714286,7.650168700845001
4.2682,2,1,3,0,Rural,Midwest,1,1,Land-Home,2,160000,1600,3,202312,1.014,23120264,1.875,7.3783837129967145
4.2682,2,1,3,0,Suburban,Midwest,1,1,Land-Home,2,150000,2100,3,202312,1.014,23120265,1.4285714285714286,7.650168700845001
4.2682,2,1,3,0,Suburban,Midwest,1,1,Land-Home,2,150000,1600,3,202312,1.014,23120266,1.875,7.3783837129967145
5.8211,2,1,3,0,Suburban,South,1,1,Land-Home,2,170000,2000,3,202312,1.014,23120267,1.5,7.601402334583733
5.8211,2,1,3,0,Suburban,West,3,1,Vehicle,2,220000,1900,3,202312,1.014,23120269,1.5789473684210527,7.550135342488429
5.8211,2,1,3,0,Suburban,West,1,1,Vehicle,2,190000,1300,3,202312,1.014,23120270,2.307692307692308,7.170888478512505
5.8211,2,1,3,0,Suburban,West,1,1,Vehicle,2,120000,880,1,202312,1.014,23120271,1.1363636363636362,6.78105762593618
5.8211,2,1,3,0,Suburban,West,1,1,Vehicle,2,180000,2200,3,202312,1.014,23120272,1.3636363636363638,7.696667081526462
5.8211,2,1,3,0,Suburban,West,3,1,Vehicle,2,300000,2200,3,202312,1.014,23120273,1.3636363636363638,7.696667081526462
3.8136,2,1,3,0,Urban,Northeast,1,1,Land-Home,2,130000,1300,3,202312,1.014,23120274,2.307692307692308,7.170888478512505
3.8136,2,1,3,0,Suburban,Northeast,1,2,Land-Home,2,170000,1700,3,202312,1.014,23120275,1.7647058823529413,7.438971592395862
3.8136,2,1,3,0,Urban,Northeast,1,1,Land-Home,2,170000,2000,3,202312,1.014,23120276,1.5,7.601402334583733
3.8136,2,1,3,0,Suburban,Northeast,1,1,Land-Home,2,180000,2000,3,202312,1.014,23120277,1.5,7.601402334583733
3.8136,2,1,3,0,Rural,Northeast,1,1,Vehicle,2,180000,1800,3,202312,1.014,23120278,1.6666666666666667,7.496097345175956
3.8136,2,1,3,0,Urban,Northeast,1,2,Land-Home,2,140000,1200,1,202312,1.014,23120279,0.8333333333333334,7.0909098220799835
25.6857,2,1,3,0,Suburban,South,1,1,Land-Home,2,100000,1700,3,202312,1.014,23120280,1.7647058823529413,7.438971592395862
25.6857,2,1,3,0,Rural,South,1,1,Land-Home,2,160000,1700,3,202312,1.014,23120281,1.7647058823529413,7.438971592395862
25.6857,2,1,4,0,Suburban,South,1,2,Land-Home,2,210000,1800,3,202312,1.014,23120282,1.6666666666666667,7.496097345175956
25.6857,1,1,5,0,Rural,South,1,1,Other,2,120000,2000,3,202312,1.014,23120283,1.5,7.601402334583733
25.6857,2,1,3,0,Urban,South,1,1,Land-Home,2,110000,1600,3,202312,1.014,23120284,1.875,7.3783837129967145
25.6857,2,1,3,0,Rural,South,1,1,Land-Home,2,180000,2200,3,202312,1.014,23120285,1.3636363636363638,7.696667081526462
25.6857,2,1,3,0,Rural,South,1,1,Land-Home,2,170000,1900,3,202312,1.014,23120286,1.5789473684210527,7.550135342488429
25.6857,2,1,3,0,Rural,South,1,1,Land-Home,2,150000,1600,3,202312,1.014,23120287,1.875,7.3783837129967145
25.6857,2,1,5,0,Rural,South,1,1,Land-Home,2,140000,2000,3,202312,1.014,23120288,1.5,7.601402334583733
25.6857,2,1,5,0,Rural,South,1,3,Land-Home,2,160000,1700,3,202312,1.014,23120289,1.7647058823529413,7.438971592395862
25.6857,2,1,5,0,Rural,South,1,1,Vehicle,2,140000,1300,3,202312,1.014,23120290,2.307692307692308,7.170888478512505
25.6857,2,1,5,0,Suburban,South,1,1,Land-Home,2,160000,1900,3,202312,1.014,23120291,1.5789473684210527,7.550135342488429
25.6857,2,1,3,0,Rural,South,1,2,Vehicle,2,150000,1600,3,202312,1.014,23120292,1.875,7.3783837129967145
25.6857,2,1,3,0,Rural,South,1,1,Land-Home,2,180000,2100,3,202312,1.014,23120293,1.4285714285714286,7.650168700845001
25.6857,2,1,5,0,Rural,South,1,1,Land-Home,2,160000,1800,3,202312,1.014,23120294,1.6666666666666667,7.496097345175956
25.6857,2,1,5,0,Rural,South,1,1,Land-Home,2,120000,1700,3,202312,1.014,23120295,1.7647058823529413,7.438971592395862
25.6857,2,1,5,0,Rural,South,1,1,Land-Home,2,200000,2500,3,202312,1.014,23120296,1.2,7.824445930877619
25.6857,2,1,3,0,Rural,South,1,2,Land-Home,2,240000,2500,3,202312,1.014,23120297,1.2,7.824445930877619
25.6857,2,1,3,0,Rural,South,1,2,Land-Home,2,100000,2100,3,202312,1.014,23120298,1.4285714285714286,7.650168700845001
25.6857,2,1,4,0,Rural,South,1,1,Land-Home,2,130000,2100,3,202312,1.014,23120299,1.4285714285714286,7.650168700845001
25.6857,2,1,3,0,Suburban,South,1,3,Land-Home,2,130000,1300,3,202312,1.014,23120300,2.307692307692308,7.170888478512505
25.6857,2,1,3,0,Rural,South,1,2,Land-Home,2,160000,1600,3,202312,1.014,23120301,1.875,7.3783837129967145
25.6857,2,1,3,0,Suburban,South,1,1,Land-Home,2,150000,1600,3,202312,1.014,23120302,1.875,7.3783837129967145
25.6857,2,1,3,0,Rural,South,1,1,Land-Home,2,91000,1600,3,202312,1.014,23120303,1.875,7.3783837129967145
25.6857,2,1,3,0,Urban,South,1,1,Land-Home,2,140000,1500,3,202312,1.014,23120304,2.0,7.313886831633462
25.6857,2,1,3,0,Rural,South,1,1,Vehicle,2,140000,1300,3,202312,1.014,23120305,2.307692307692308,7.170888478512505
25.6857,2,1,3,0,Rural,South,1,1,Land-Home,2,160000,1800,3,202312,1.014,23120306,1.6666666666666667,7.496097345175956
25.6857,2,1,3,0,Rural,South,1,1,Vehicle,2,150000,1600,3,202312,1.014,23120307,1.875,7.3783837129967145
3.8136,2,1,3,0,Rural,South,1,1,Land-Home,2,160000,1600,3,202312,1.014,23120308,1.875,7.3783837129967145
25.6857,2,1,3,0,Rural,South,1,2,Land-Home,2,120000,1300,3,202312,1.014,23120309,2.307692307692308,7.170888478512505
4.2682,2,1,3,0,Suburban,Midwest,1,1,Land-Home,2,86000,1700,3,202312,1.014,23120310,1.7647058823529413,7.438971592395862
4.2682,2,1,3,0,Suburban,Midwest,1,1,Land-Home,2,86000,1700,3,202312,1.014,23120311,1.7647058823529413,7.438971592395862
4.2682,2,1,3,0,Urban,Midwest,1,1,Land-Home,2,170000,2000,3,202312,1.014,23120312,1.5,7.601402334583733
4.2682,2,1,3,0,Suburban,Midwest,1,1,Vehicle,2,140000,2000,3,202312,1.014,23120313,1.5,7.601402334583733
5.8211,2,1,1,0,Rural,West,0,0,Land-Home,2,150000,1600,3,202312,1.014,23120314,1.875,7.3783837129967145
5.8211,2,1,1,0,Rural,West,0,0,Vehicle,2,140000,880,1,202312,1.014,23120315,1.1363636363636362,6.78105762593618
5.8211,2,1,1,0,Rural,West,0,0,Vehicle,2,140000,1200,3,202312,1.014,23120316,2.5,7.0909098220799835
5.8211,2,1,1,0,Rural,West,0,0,Land-Home,2,150000,1500,3,202312,1.014,23120317,2.0,7.313886831633462
5.8211,2,1,2,0,Rural,West,0,0,Vehicle,2,190000,1200,3,202312,1.014,23120318,2.5,7.0909098220799835
5.8211,1,1,2,0,Urban,West,0,0,Land-Home,2,300000,1500,1,202312,1.014,23120319,0.6666666666666666,7.313886831633462
5.8211,1,1,2,0,Rural,West,0,0,Land-Home,2,130000,1600,3,202312,1.014,23120320,1.875,7.3783837129967145
5.8211,2,1,2,0,Rural,West,0,0,Land-Home,2,240000,2300,3,202312,1.014,23120321,1.3043478260869565,7.741099090035366
5.8211,2,1,1,0,Urban,West,0,0,Land-Home,2,140000,1300,3,202312,1.014,23120322,2.307692307692308,7.170888478512505
3.8807,2,1,1,0,Urban,,0,0,Vehicle,3,250000,2300,3,202312,1.014,23120323,1.3043478260869565,7.741099090035366
3.8807,2,1,2,0,Rural,,0,0,Land-Home,3,260000,2400,3,202312,1.014,23120324,1.25,7.783640596221253
5.8211,2,1,1,0,Rural,West,0,0,Land-Home,2,160000,1200,3,202312,1.014,23120325,2.5,7.0909098220799835
3.8136,2,1,1,0,Suburban,Northeast,0,0,Vehicle,2,120000,1600,3,202312,1.014,23120326,1.875,7.3783837129967145
3.8136,2,1,1,0,Urban,Northeast,0,0,Vehicle,2,160000,1500,3,202312,1.014,23120327,2.0,7.313886831633462
3.8136,2,1,1,0,Urban,Northeast,0,0,Vehicle,2,130000,1100,1,202312,1.014,23120328,0.9090909090909091,7.00397413672268
3.8136,2,1,1,0,Rural,Northeast,0,0,Land-Home,2,140000,1500,3,202312,1.014,23120329,2.0,7.313886831633462
3.8136,2,1,1,0,Urban,Northeast,0,0,Land-Home,2,130000,1100,1,202312,1.014,23120330,0.9090909090909091,7.00397413672268
3.8136,2,1,1,0,Urban,Northeast,0,0,Land-Home,2,140000,1300,3,202312,1.014,23120331,2.307692307692308,7.170888478512505
3.8136,2,1,1,0,Rural,Northeast,0,0,Other,2,160000,1700,3,202312,1.014,23120332,1.7647058823529413,7.438971592395862
3.8136,2,1,1,0,Urban,Northeast,0,0,Land-Home,2,93000,950,1,202312,1.014,23120333,1.0526315789473684,6.85751406254539
3.8136,2,1,1,0,Rural,Northeast,0,0,Land-Home,2,230000,1600,3,202312,1.014,23120334,1.875,7.3783837129967145
3.8136,2,1,1,0,Rural,Northeast,0,0,Land-Home,2,180000,1800,3,202312,1.014,23120335,1.6666666666666667,7.496097345175956
3.8136,2,1,1,0,Rural,Northeast,0,0,Other,2,140000,1300,3,202312,1.014,23120336,2.307692307692308,7.170888478512505
5.8211,1,1,2,0,Rural,West,0,0,Land-Home,2,140000,1300,3,202312,1.014,23120337,2.307692307692308,7.170888478512505
4.2682,2,1,2,0,Urban,Midwest,0,0,Land-Home,2,160000,1700,3,202312,1.014,23120338,1.7647058823529413,7.438971592395862
4.2682,2,1,1,0,Urban,Midwest,0,0,Vehicle,2,180000,2100,3,202312,1.014,23120339,1.4285714285714286,7.650168700845001
4.2682,1,1,1,0,Urban,Midwest,0,0,Land-Home,2,130000,1100,3,202312,1.014,23120340,2.7272727272727275,7.00397413672268
25.6857,2,1,2,0,Suburban,South,0,0,Land-Home,2,240000,2200,3,202312,1.014,23120341,1.3636363636363638,7.696667081526462
4.2682,1,1,1,0,Urban,Midwest,0,0,Land-Home,2,120000,1800,3,202312,1.014,23120342,1.6666666666666667,7.496097345175956
5.8211,2,1,1,0,Suburban,West,0,0,Land-Home,2,150000,1500,3,202312,1.014,23120343,2.0,7.313886831633462
5.8211,1,1,1,0,Rural,West,0,0,Land-Home,2,130000,1600,3,202312,1.014,23120344,1.875,7.3783837129967145
3.8136,2,1,1,0,Urban,Northeast,0,0,Land-Home,2,140000,1800,3,202312,1.014,23120345,1.6666666666666667,7.496097345175956
3.8136,2,1,1,0,Rural,Northeast,0,0,Vehicle,2,150000,1400,3,202312,1.014,23120346,2.142857142857143,7.244941546337007
3.8136,2,1,1,0,Urban,Northeast,0,0,Vehicle,2,180000,2000,3,202312,1.014,23120347,1.5,7.601402334583733
3.8136,2,1,1,0,Rural,Northeast,0,0,Land-Home,2,140000,1700,3,202312,1.014,23120348,1.7647058823529413,7.438971592395862
3.8136,2,1,1,0,Suburban,Northeast,0,0,Vehicle,2,120000,1700,3,202312,1.014,23120349,1.7647058823529413,7.438971592395862
3.8136,2,1,1,0,Rural,Northeast,0,0,Vehicle,2,230000,2000,3,202312,1.014,23120350,1.5,7.601402334583733
4.2682,2,1,2,0,Urban,Midwest,0,0,Vehicle,2,150000,1600,3,202312,1.014,23120351,1.875,7.3783837129967145
4.2682,2,1,2,0,Rural,Midwest,0,0,Vehicle,2,200000,1700,3,202312,1.014,23120352,1.7647058823529413,7.438971592395862
3.8136,2,1,2,0,Urban,Northeast,0,0,Other,2,140000,1300,1,202312,1.014,23120353,0.7692307692307693,7.170888478512505
3.8136,2,1,2,0,Urban,Northeast,0,0,Land-Home,2,140000,1200,3,202312,1.014,23120354,2.5,7.0909098220799835
3.8136,2,1,1,0,Urban,Northeast,0,0,Land-Home,2,310000,1300,1,202312,1.014,23120355,0.7692307692307693,7.170888478512505
3.8136,1,1,2,0,Urban,Northeast,0,0,Land-Home,2,310000,1600,3,202312,1.014,23120356,1.875,7.3783837129967145
3.8136,2,1,2,0,Suburban,Northeast,0,0,Vehicle,2,120000,1600,3,202312,1.014,23120357,1.875,7.3783837129967145
3.8136,2,1,1,0,Rural,Northeast,0,0,Land-Home,2,93000,1200,3,202312,1.014,23120358,2.5,7.0909098220799835
25.6857,2,1,1,0,Rural,South,0,0,Vehicle,2,160000,1700,3,202312,1.014,23120359,1.7647058823529413,7.438971592395862
4.2682,2,1,1,0,Urban,Midwest,0,0,Land-Home,2,160000,1800,3,202312,1.014,23120360,1.6666666666666667,7.496097345175956
25.6857,1,2,9,0,,South,9,9,,2,150000,1600,3,202312,1.014,23120361,1.875,7.3783837129967145
25.6857,1,2,9,0,,South,9,9,,2,150000,1600,1,202312,1.014,23120362,0.625,7.3783837129967145
25.6857,1,2,9,0,,South,9,9,,2,150000,1500,1,202312,1.014,23120363,0.6666666666666666,7.313886831633462
17.1238,1,2,9,0,,,9,9,,3,210000,3200,3,202312,1.014,23120364,0.9375,8.071218539969863
25.6857,1,2,9,0,,South,9,9,,2,150000,1600,3,202312,1.014,23120365,1.875,7.3783837129967145
5.8211,1,2,9,0,,West,9,9,,2,220000,1900,3,202312,1.014,23120366,1.5789473684210527,7.550135342488429
5.8211,1,2,9,0,,West,9,9,,2,140000,1200,3,202312,1.014,23120367,2.5,7.0909098220799835
5.8211,1,2,9,0,,West,9,9,,2,200000,1300,3,202312,1.014,23120368,2.307692307692308,7.170888478512505
5.8211,1,2,9,0,,West,9,9,,2,170000,1500,3,202312,1.014,23120369,2.0,7.313886831633462
4.2682,1,2,9,0,,Midwest,9,9,,2,160000,1800,3,202312,1.014,23120370,1.6666666666666667,7.496097345175956
25.6857,1,2,9,0,,South,9,9,,2,150000,1800,3,202312,1.014,23120371,1.6666666666666667,7.496097345175956
4.2682,1,2,9,0,,Midwest,9,9,,2,160000,1700,3,202312,1.014,23120372,1.7647058823529413,7.438971592395862
5.8211,1,2,9,0,,West,9,9,,2,150000,1500,3,202312,1.014,23120373,2.0,7.313886831633462
25.6857,1,2,9,0,,South,9,9,,2,130000,1900,3,202312,1.014,23120374,1.5789473684210527,7.550135342488429
25.6857,1,2,9,0,,South,9,9,,2,90000,1800,3,202312,1.014,23120375,1.6666666666666667,7.496097345175956
4.2682,1,2,9,0,,Midwest,9,9,,2,86000,1500,3,202312,1.014,23120376,2.0,7.313886831633462
3.8136,1,2,9,0,,Northeast,9,9,,2,150000,1600,3,202312,1.014,23120378,1.875,7.3783837129967145
25.6857,1,2,9,0,,South,9,9,,2,140000,1300,3,202312,1.014,23120379,2.307692307692308,7.170888478512505
25.6857,1,2,9,0,,South,9,9,,2,190000,2500,3,202312,1.014,23120380,1.2,7.824445930877619
25.6857,1,2,9,0,,South,9,9,,2,150000,1300,3,202312,1.014,23120381,2.307692307692308,7.170888478512505
3.8136,1,2,9,0,,Northeast,9,9,,2,160000,1700,3,202312,1.014,23120382,1.7647058823529413,7.438971592395862
5.8211,1,2,9,0,,West,9,9,,2,140000,1400,1,202312,1.014,23120383,0.7142857142857143,7.244941546337007
25.6857,1,2,9,0,,South,9,9,,2,190000,2300,3,202312,1.014,23120384,1.3043478260869565,7.741099090035366
25.6857,1,2,9,0,,South,9,9,,2,130000,1700,3,202312,1.014,23120385,1.7647058823529413,7.438971592395862
25.6857,1,2,9,0,,South,9,9,,2,130000,1800,3,202312,1.014,23120386,1.6666666666666667,7.496097345175956
25.6857,1,2,9,0,,South,9,9,,2,210000,2500,3,202312,1.014,23120387,1.2,7.824445930877619
25.6857,1,2,9,0,,South,9,9,,2,140000,1300,3,202312,1.014,23120388,2.307692307692308,7.170888478512505
25.6857,1,2,9,0,,South,9,9,,2,130000,1700,3,202312,1.014,23120389,1.7647058823529413,7.438971592395862
5.8211,1,2,9,0,,West,9,9,,2,150000,1500,3,202312,1.014,23120390,2.0,7.313886831633462
25.6857,1,2,9,0,,South,9,9,,2,150000,1600,3,202312,1.014,23120391,1.875,7.3783837129967145
25.6857,1,2,9,0,,South,9,9,,2,150000,1500,3,202312,1.014,23120392,2.0,7.313886831633462
3.8136,1,2,9,0,,Northeast,9,9,,2,150000,1600,3,202312,1.014,23120393,1.875,7.3783837129967145
3.8136,1,2,9,0,,Northeast,9,9,,2,130000,1500,3,202312,1.014,23120394,2.0,7.313886831633462
3.8136,1,2,9,0,,Northeast,9,9,,2,180000,1100,1,202312,1.014,23120395,0.9090909090909091,7.00397413672268
5.8211,1,2,9,0,,West,9,9,,2,190000,1200,3,202312,1.014,23120396,2.5,7.0909098220799835
25.6857,1,2,9,0,,South,9,9,,2,140000,1900,3,202312,1.014,23120397,1.5789473684210527,7.550135342488429
25.6857,1,2,9,0,,South,9,9,,2,140000,2000,3,202312,1.014,23120398,1.5,7.601402334583733
25.6857,1,2,9,0,,South,9,9,,2,100000,1700,3,202312,1.014,23120399,1.7647058823529413,7.438971592395862
25.6857,1,2,9,0,,South,9,9,,2,160000,1800,3,202312,1.014,23120400,1.6666666666666667,7.496097345175956
25.6857,1,2,9,0,,South,9,9,,2,140000,1100,3,202312,1.014,23120401,2.7272727272727275,7.00397413672268
25.6857,1,2,9,0,,South,9,9,,2,95000,2100,3,202312,1.014,23120402,1.4285714285714286,7.650168700845001
25.6857,1,2,9,0,,South,9,9,,2,160000,2500,3,202312,1.014,23120403,1.2,7.824445930877619
5.8211,1,2,9,0,,West,9,9,,2,230000,1700,1,202312,1.014,23120404,0.588235294117647,7.438971592395862
5.8211,1,2,9,0,,West,9,9,,2,200000,1300,1,202312,1.014,23120405,0.7692307692307693,7.170888478512505
5.8211,1,2,9,0,,West,9,9,,2,140000,1300,3,202312,1.014,23120406,2.307692307692308,7.170888478512505
5.8211,1,2,9,0,,West,9,9,,2,140000,1200,3,202312,1.014,23120407,2.5,7.0909098220799835
5.8211,1,2,9,0,,West,9,9,,2,190000,1300,3,202312,1.014,23120408,2.307692307692308,7.170888478512505
25.6857,1,2,9,0,,South,9,9,,2,150000,1600,3,202312,1.014,23120409,1.875,7.3783837129967145
4.2682,1,2,9,0,,Midwest,9,9,,2,86000,1600,3,202312,1.014,23120410,1.875,7.3783837129967145
25.6857,1,2,9,0,,South,9,9,,2,140000,1300,3,202312,1.014,23120411,2.307692307692308,7.170888478512505
25.6857,1,2,9,0,,South,9,9,,2,150000,1600,3,202312,1.014,23120412,1.875,7.3783837129967145
25.6857,1,2,9,0,,South,9,9,,2,150000,1800,3,202312,1.014,23120413,1.6666666666666667,7.496097345175956
5.8211,1,2,9,0,,West,9,9,,2,150000,1500,3,202312,1.014,23120414,2.0,7.313886831633462
4.2682,1,2,9,0,,Midwest,9,9,,2,130000,1700,3,202312,1.014,23120415,1.7647058823529413,7.438971592395862
5.8211,1,2,9,0,,West,9,9,,2,160000,1700,1,202312,1.014,23120416,0.588235294117647,7.438971592395862
5.8211,1,2,9,0,,West,9,9,,2,140000,1400,1,202312,1.014,23120417,0.7142857142857143,7.244941546337007
4.2682,1,2,9,0,,Midwest,9,9,,2,150000,1600,3,202312,1.014,23120418,1.875,7.3783837129967145
4.2682,1,2,9,0,,Midwest,9,9,,2,190000,2400,3,202312,1.014,23120419,1.25,7.783640596221253
4.2682,1,2,9,0,,Midwest,9,9,,2,130000,1500,3,202312,1.014,23120420,2.0,7.313886831633462
4.2682,1,2,9,0,,South,9,9,,2,240000,2300,3,202312,1.014,23120421,1.3043478260869565,7.741099090035366
5.8211,1,2,9,0,,Midwest,9,9,,2,160000,1800,3,202312,1.014,23120422,1.6666666666666667,7.496097345175956
4.2682,1,2,9,0,,Midwest,9,9,,2,150000,1500,3,202312,1.014,23120423,2.0,7.313886831633462
3.8136,1,2,9,0,,Northeast,9,9,,2,160000,1700,3,202312,1.014,23120424,1.7647058823529413,7.438971592395862
3.8136,1,2,9,0,,Northeast,9,9,,2,160000,1700,3,202312,1.014,23120425,1.7647058823529413,7.438971592395862
25.6857,1,2,9,0,,South,9,9,,2,130000,1900,3,202312,1.014,23120427,1.5789473684210527,7.550135342488429
25.6857,1,2,9,0,,South,9,9,,2,100000,1600,3,202312,1.014,23120428,1.875,7.3783837129967145
4.2682,1,2,9,0,,Midwest,9,9,,2,150000,2400,3,202312,1.014,23120429,1.25,7.783640596221253
4.2682,1,2,9,0,,Midwest,9,9,,2,170000,2000,3,202312,1.014,23120430,1.5,7.601402334583733
25.6857,1,2,9,0,,South,9,9,,2,140000,2000,3,202312,1.014,23120431,1.5,7.601402334583733
4.2682,1,2,9,0,,Midwest,9,9,,2,140000,2000,3,202312,1.014,23120432,1.5,7.601402334583733
25.6857,1,2,9,0,,South,9,9,,2,78000,1100,3,202312,1.014,23120433,2.7272727272727275,7.00397413672268
25.6857,1,2,9,0,,South,9,9,,2,130000,1700,3,202312,1.014,23120434,1.7647058823529413,7.438971592395862
25.6857,1,2,9,0,,South,9,9,,2,150000,1600,3,202312,1.014,23120435,1.875,7.3783837129967145
25.6857,1,2,9,0,,South,9,9,,2,93000,1900,3,202312,1.014,23120436,1.5789473684210527,7.550135342488429
4.2682,1,2,9,0,,Midwest,9,9,,2,140000,1700,3,202312,1.014,23120437,1.7647058823529413,7.438971592395862
25.6857,1,2,9,0,,South,9,9,,2,110000,2000,3,202312,1.014,23120438,1.5,7.601402334583733
4.2682,1,2,9,0,,Midwest,9,9,,2,120000,1200,3,202312,1.014,23120439,2.5,7.0909098220799835
25.6857,1,2,9,0,,South,9,9,,2,140000,2100,3,202312,1.014,23120440,1.4285714285714286,7.650168700845001
4.2682,1,2,9,0,,Midwest,9,9,,2,200000,2100,3,202312,1.014,23120441,1.4285714285714286,7.650168700845001
